Control ID,Check ID,Domain,Control Title,Control Path,Control Summary,Check Title,Security Functions,Threat Scenarios,Threat Actor or Source,Row Attack or Failure Scenario,Why This Check Is Required,Secure Examples,Required State,Responsible Role,Applies To,Verification Type,Verification Method,Expected Result,Required Evidence,Assessment Command,Assessment Platforms,SLSA Track,SLSA Requirement Levels,SLSA Minimum Level,SLSA Responsibility,SLSA Build L2 Scope,Framework Mappings,Mapping Status,Limitations,Implementation Status,Assessment Result,Evidence URL,Assignee,Due Date,Exception ID,Notes
PSB-CICD-001,PSB-CICD-001-ACT-001,cicd-security,Pin external GitHub Actions and reusable workflows to immutable commits,controls/cicd-security/action-sha-pinning/README.md,レビュー済みのワークフロー依存関係が、可変のGit参照によって気付かないうちに変更されることを防ぐ。,External GitHub Actions use full commit SHAs,prevent; verify,SUPPLY-CHAIN-MUTABLE-ACTION: A mutable Action or reusable workflow reference is moved or compromised and executes code that was not reviewed.; SUPPLY-CHAIN-VULNERABLE-ACTION: A full-SHA-pinned Action release remains immutable but is affected by a subsequently published reviewed security advisory.,compromised Action maintainer or attacker moving a mutable upstream ref,a reviewed workflow later executes different third-party Action code without repository change,a full commit SHA makes dependency updates explicit and reviewable in the consuming repository,controls/cicd-security/action-sha-pinning/secure/workflow.yml; controls/cicd-security/action-sha-pinning/secure/local-action/action.yml; controls/cicd-security/action-sha-pinning/secure/action-inventory.json; controls/cicd-security/action-sha-pinning/secure/advisories.json,full 40-character commit SHA,repository-admin,ci-workflow,automated,make verify-control CONTROL=PSB-CICD-001,external Action references without a full SHA are rejected,sanitized verifier output,,,,,,,,"github-security-guidance github/docs@b17436de8f10c3e7f6a185d6813bf94bc82d22f8 (2026-07-24) / GHAS-REF-SECURE-USE / supports / high; mitre-attack v19.1 / T1195.001 / mitigates / medium; nist-ssdf 1.1 (SP 800-218, 2022) / PW.4.1 / supports / medium",reviewed,A pinned commit can already contain malicious or undisclosed vulnerable code and must still be reviewed.; The verifier checks immutable reference syntax but does not prove that a SHA belongs to the named upstream repository.; The advisory verifier relies on a human-reviewed Action release version to commit SHA binding because advisory ranges are version-based rather than commit-based.; GitHub Advisory Database coverage publication timing and version ranges may be incomplete and do not replace upstream release review.; Nested dependencies inside an Action or reusable workflow are outside this local verifier's scope.; Pinning prevents automatic security updates so controlled update automation and review remain necessary.; Repository organization or enterprise enforcement must be configured separately and may apply different rules to reusable workflows.,,,,,,,
PSB-CICD-001,PSB-CICD-001-ACT-002,cicd-security,Pin external GitHub Actions and reusable workflows to immutable commits,controls/cicd-security/action-sha-pinning/README.md,レビュー済みのワークフロー依存関係が、可変のGit参照によって気付かないうちに変更されることを防ぐ。,External reusable workflows use full commit SHAs,prevent; verify,SUPPLY-CHAIN-MUTABLE-ACTION: A mutable Action or reusable workflow reference is moved or compromised and executes code that was not reviewed.; SUPPLY-CHAIN-VULNERABLE-ACTION: A full-SHA-pinned Action release remains immutable but is affected by a subsequently published reviewed security advisory.,compromised reusable-workflow provider changing a branch or tag,caller jobs inherit altered commands permissions or secret handling from an external workflow,reusable workflows execute substantial remote policy and therefore need the same immutable binding as Actions,controls/cicd-security/action-sha-pinning/secure/workflow.yml; controls/cicd-security/action-sha-pinning/secure/local-action/action.yml; controls/cicd-security/action-sha-pinning/secure/action-inventory.json; controls/cicd-security/action-sha-pinning/secure/advisories.json,full 40-character commit SHA,repository-admin,ci-workflow,automated,make verify-control CONTROL=PSB-CICD-001,external reusable workflow references without a full SHA are rejected,sanitized verifier output,,,,,,,,"github-security-guidance github/docs@b17436de8f10c3e7f6a185d6813bf94bc82d22f8 (2026-07-24) / GHAS-REF-SECURE-USE / supports / high; mitre-attack v19.1 / T1195.001 / mitigates / medium; nist-ssdf 1.1 (SP 800-218, 2022) / PW.4.1 / supports / medium",reviewed,A pinned commit can already contain malicious or undisclosed vulnerable code and must still be reviewed.; The verifier checks immutable reference syntax but does not prove that a SHA belongs to the named upstream repository.; The advisory verifier relies on a human-reviewed Action release version to commit SHA binding because advisory ranges are version-based rather than commit-based.; GitHub Advisory Database coverage publication timing and version ranges may be incomplete and do not replace upstream release review.; Nested dependencies inside an Action or reusable workflow are outside this local verifier's scope.; Pinning prevents automatic security updates so controlled update automation and review remain necessary.; Repository organization or enterprise enforcement must be configured separately and may apply different rules to reusable workflows.,,,,,,,
PSB-CICD-001,PSB-CICD-001-ACT-003,cicd-security,Pin external GitHub Actions and reusable workflows to immutable commits,controls/cicd-security/action-sha-pinning/README.md,レビュー済みのワークフロー依存関係が、可変のGit参照によって気付かないうちに変更されることを防ぐ。,Docker-based Actions use immutable image digests,prevent; verify,SUPPLY-CHAIN-MUTABLE-ACTION: A mutable Action or reusable workflow reference is moved or compromised and executes code that was not reviewed.; SUPPLY-CHAIN-VULNERABLE-ACTION: A full-SHA-pinned Action release remains immutable but is affected by a subsequently published reviewed security advisory.,container publisher or registry attacker replacing a mutable Action image tag,Docker-based Action pulls different bytes while its tag and workflow text remain unchanged,an image digest binds execution to exact container content instead of a mutable registry label,controls/cicd-security/action-sha-pinning/secure/workflow.yml; controls/cicd-security/action-sha-pinning/secure/local-action/action.yml; controls/cicd-security/action-sha-pinning/secure/action-inventory.json; controls/cicd-security/action-sha-pinning/secure/advisories.json,sha256 image digest,repository-admin,ci-workflow,automated,make verify-control CONTROL=PSB-CICD-001,Docker image tags and unpinned images are rejected,sanitized verifier output,,,,,,,,"mitre-attack v19.1 / T1195.001 / mitigates / medium; nist-ssdf 1.1 (SP 800-218, 2022) / PW.4.1 / supports / medium",reviewed,A pinned commit can already contain malicious or undisclosed vulnerable code and must still be reviewed.; The verifier checks immutable reference syntax but does not prove that a SHA belongs to the named upstream repository.; The advisory verifier relies on a human-reviewed Action release version to commit SHA binding because advisory ranges are version-based rather than commit-based.; GitHub Advisory Database coverage publication timing and version ranges may be incomplete and do not replace upstream release review.; Nested dependencies inside an Action or reusable workflow are outside this local verifier's scope.; Pinning prevents automatic security updates so controlled update automation and review remain necessary.; Repository organization or enterprise enforcement must be configured separately and may apply different rules to reusable workflows.,,,,,,,
PSB-CICD-001,PSB-CICD-001-ACT-004,cicd-security,Pin external GitHub Actions and reusable workflows to immutable commits,controls/cicd-security/action-sha-pinning/README.md,レビュー済みのワークフロー依存関係が、可変のGit参照によって気付かないうちに変更されることを防ぐ。,Mutable and dynamic workflow references are rejected,prevent; verify,SUPPLY-CHAIN-MUTABLE-ACTION: A mutable Action or reusable workflow reference is moved or compromised and executes code that was not reviewed.; SUPPLY-CHAIN-VULNERABLE-ACTION: A full-SHA-pinned Action release remains immutable but is affected by a subsequently published reviewed security advisory.,contributor introducing a tag branch short SHA or computed external reference,workflow review cannot determine the exact third-party code that will execute,rejecting every mutable and dynamic form closes bypasses left by checking only common Action syntax,controls/cicd-security/action-sha-pinning/secure/workflow.yml; controls/cicd-security/action-sha-pinning/secure/local-action/action.yml; controls/cicd-security/action-sha-pinning/secure/action-inventory.json; controls/cicd-security/action-sha-pinning/secure/advisories.json,no tag branch short SHA or dynamic external reference,repository-admin,ci-workflow,automated,make verify-control CONTROL=PSB-CICD-001,all mutable reference fixtures fail validation,negative-test output,,,,,,,,"github-security-guidance github/docs@b17436de8f10c3e7f6a185d6813bf94bc82d22f8 (2026-07-24) / GHAS-REF-SECURE-USE / supports / high; mitre-attack v19.1 / T1195.001 / mitigates / medium; nist-ssdf 1.1 (SP 800-218, 2022) / PW.4.1 / supports / medium",reviewed,A pinned commit can already contain malicious or undisclosed vulnerable code and must still be reviewed.; The verifier checks immutable reference syntax but does not prove that a SHA belongs to the named upstream repository.; The advisory verifier relies on a human-reviewed Action release version to commit SHA binding because advisory ranges are version-based rather than commit-based.; GitHub Advisory Database coverage publication timing and version ranges may be incomplete and do not replace upstream release review.; Nested dependencies inside an Action or reusable workflow are outside this local verifier's scope.; Pinning prevents automatic security updates so controlled update automation and review remain necessary.; Repository organization or enterprise enforcement must be configured separately and may apply different rules to reusable workflows.,,,,,,,
PSB-CICD-001,PSB-CICD-001-ACT-005,cicd-security,Pin external GitHub Actions and reusable workflows to immutable commits,controls/cicd-security/action-sha-pinning/README.md,レビュー済みのワークフロー依存関係が、可変のGit参照によって気付かないうちに変更されることを防ぐ。,Reference verification failures are distinct from policy findings,prevent; verify,SUPPLY-CHAIN-MUTABLE-ACTION: A mutable Action or reusable workflow reference is moved or compromised and executes code that was not reviewed.; SUPPLY-CHAIN-VULNERABLE-ACTION: A full-SHA-pinned Action release remains immutable but is affected by a subsequently published reviewed security advisory.,malformed workflow unsupported syntax or failed reference parser,the verifier cannot inspect a dependency reference but reports no mutable references,parser and execution errors must remain distinct so incomplete inspection never appears compliant,controls/cicd-security/action-sha-pinning/secure/workflow.yml; controls/cicd-security/action-sha-pinning/secure/local-action/action.yml; controls/cicd-security/action-sha-pinning/secure/action-inventory.json; controls/cicd-security/action-sha-pinning/secure/advisories.json,verifier errors and policy violations use different exit states,repository-admin,ci-verifier,automated,make verify-control CONTROL=PSB-CICD-001,execution errors cannot be interpreted as clean results,negative-test output,,,,,,,,UNMAPPED — framework review required,unmapped,A pinned commit can already contain malicious or undisclosed vulnerable code and must still be reviewed.; The verifier checks immutable reference syntax but does not prove that a SHA belongs to the named upstream repository.; The advisory verifier relies on a human-reviewed Action release version to commit SHA binding because advisory ranges are version-based rather than commit-based.; GitHub Advisory Database coverage publication timing and version ranges may be incomplete and do not replace upstream release review.; Nested dependencies inside an Action or reusable workflow are outside this local verifier's scope.; Pinning prevents automatic security updates so controlled update automation and review remain necessary.; Repository organization or enterprise enforcement must be configured separately and may apply different rules to reusable workflows.,,,,,,,
PSB-CICD-001,PSB-CICD-001-ACT-006,cicd-security,Pin external GitHub Actions and reusable workflows to immutable commits,controls/cicd-security/action-sha-pinning/README.md,レビュー済みのワークフロー依存関係が、可変のGit参照によって気付かないうちに変更されることを防ぐ。,Pinned Action releases are checked for reviewed vulnerabilities,prevent; verify,SUPPLY-CHAIN-MUTABLE-ACTION: A mutable Action or reusable workflow reference is moved or compromised and executes code that was not reviewed.; SUPPLY-CHAIN-VULNERABLE-ACTION: A full-SHA-pinned Action release remains immutable but is affected by a subsequently published reviewed security advisory.,vulnerable Action implementation or attacker exploiting a publicly disclosed flaw in an immutable pinned release,workflow continues executing a known-vulnerable Action because full-SHA pinning is mistaken for a security update mechanism,immutability prevents silent replacement but cannot make already pinned code non-vulnerable or notify maintainers that a fixed release is required,controls/cicd-security/action-sha-pinning/secure/workflow.yml; controls/cicd-security/action-sha-pinning/secure/local-action/action.yml; controls/cicd-security/action-sha-pinning/secure/action-inventory.json; controls/cicd-security/action-sha-pinning/secure/advisories.json,exact Action name release version and commit SHA checked against a fresh complete GitHub-reviewed Actions advisory snapshot,repository-admin,github-action-dependency; github-advisory-database,automated,collect a current reviewed Actions advisory snapshot then run make verify-github-action-advisories with the reviewed release inventory,affected Action versions are rejected while stale incomplete malformed and unavailable advisory evidence returns an error,sanitized advisory verifier output; reviewed Action release inventory; timestamped complete advisory snapshot,,,,,,,,"nist-ssdf 1.1 (SP 800-218, 2022) / PW.4.1 / supports / medium; openssf-osps-baseline 2026.02.19 / OSPS-VM-05.03 / supports / medium",reviewed,A pinned commit can already contain malicious or undisclosed vulnerable code and must still be reviewed.; The verifier checks immutable reference syntax but does not prove that a SHA belongs to the named upstream repository.; The advisory verifier relies on a human-reviewed Action release version to commit SHA binding because advisory ranges are version-based rather than commit-based.; GitHub Advisory Database coverage publication timing and version ranges may be incomplete and do not replace upstream release review.; Nested dependencies inside an Action or reusable workflow are outside this local verifier's scope.; Pinning prevents automatic security updates so controlled update automation and review remain necessary.; Repository organization or enterprise enforcement must be configured separately and may apply different rules to reusable workflows.,,,,,,,
PSB-CICD-002,PSB-CICD-002-INJ-001,cicd-security,Prevent GitHub Actions command injection from direct expression interpolation,controls/cicd-security/actions-command-injection/README.md,攻撃者の影響を受けるGitHub Actionsの式が、runnerの生成するシェルスクリプトへ直接埋め込まれることを防ぐ。,Runner scripts do not directly interpolate Actions expressions,prevent; verify,CI-UNTRUSTED-CONTEXT-COMMAND-INJECTION: An attacker-controlled event field or workflow value is substituted directly into a run script and interpreted as shell commands.,pull-request author controlling branch issue label commit or event data,an Actions expression is substituted directly into a generated shell script and becomes executable syntax,excluding expressions from run scalars removes the code-generation boundary where data becomes commands,controls/cicd-security/actions-command-injection/secure/workflow.yml; controls/cicd-security/actions-command-injection/secure/local-gate.yml; controls/cicd-security/actions-command-injection/scripts/verify.py; controls/cicd-security/actions-command-injection/scripts/self-test.sh,no direct expression interpolation in run scalars,developer,ci-workflow,automated,make verify-control CONTROL=PSB-CICD-002,direct expressions in executable run fields are rejected,sanitized verifier output,,,,,,,,github-security-guidance github/docs@b17436de8f10c3e7f6a185d6813bf94bc82d22f8 (2026-07-24) / GHAS-CONCEPT-SCRIPT-INJECTIONS / mitigates / high; github-security-guidance github/docs@b17436de8f10c3e7f6a185d6813bf94bc82d22f8 (2026-07-24) / GHAS-REF-SECURE-USE / supports / high; openssf-osps-baseline 2026.02.19 / OSPS-BR-01.01 / verifies / high,reviewed,The verifier prohibits all direct expressions in run scalars and therefore rejects some constrained values that may not be attacker-controlled.; Passing data through env is insufficient if shell variables are unquoted or later evaluated as code.; Indirect taint through generated files repository scripts Actions outputs or third-party Actions requires separate analysis.; Composite Actions and invoked scripts are outside this workflow-only verifier scope.; Unsupported YAML forms fail as verifier errors rather than clean results.; A repository-local verifier can be weakened in the same pull request unless its workflow and code are protected by required review.; Optional central distribution reduces duplicated verifier source but consumers must still update the pinned SHA and protect their workflow and required check.; The central-distribution document is a non-production proof of concept and does not prove live organization rollout ruleset enforcement or central-Action access.,,,,,,,
PSB-CICD-002,PSB-CICD-002-INJ-002,cicd-security,Prevent GitHub Actions command injection from direct expression interpolation,controls/cicd-security/actions-command-injection/README.md,攻撃者の影響を受けるGitHub Actionsの式が、runnerの生成するシェルスクリプトへ直接埋め込まれることを防ぐ。,Untrusted workflow values cross the shell boundary through environment variables,prevent; verify,CI-UNTRUSTED-CONTEXT-COMMAND-INJECTION: An attacker-controlled event field or workflow value is substituted directly into a run script and interpreted as shell commands.,untrusted contributor crafting shell metacharacters in workflow context values,attacker-controlled text crosses into shell execution without a data boundary or safe quoting,environment variables preserve the value as data and allow shell-specific quoting at the consumption point,controls/cicd-security/actions-command-injection/secure/workflow.yml; controls/cicd-security/actions-command-injection/secure/local-gate.yml; controls/cicd-security/actions-command-injection/scripts/verify.py; controls/cicd-security/actions-command-injection/scripts/self-test.sh,expression assigned to env and safely consumed as data,developer,ci-workflow,hybrid,run the control self-test and review shell-specific quoting at each consumption point,the environment-variable pattern is accepted and an inert metacharacter payload remains data,sanitized self-test output; workflow code review,,,,,,,,github-security-guidance github/docs@b17436de8f10c3e7f6a185d6813bf94bc82d22f8 (2026-07-24) / GHAS-REF-SECURE-USE / supports / high; openssf-osps-baseline 2026.02.19 / OSPS-BR-01.01 / verifies / high,reviewed,The verifier prohibits all direct expressions in run scalars and therefore rejects some constrained values that may not be attacker-controlled.; Passing data through env is insufficient if shell variables are unquoted or later evaluated as code.; Indirect taint through generated files repository scripts Actions outputs or third-party Actions requires separate analysis.; Composite Actions and invoked scripts are outside this workflow-only verifier scope.; Unsupported YAML forms fail as verifier errors rather than clean results.; A repository-local verifier can be weakened in the same pull request unless its workflow and code are protected by required review.; Optional central distribution reduces duplicated verifier source but consumers must still update the pinned SHA and protect their workflow and required check.; The central-distribution document is a non-production proof of concept and does not prove live organization rollout ruleset enforcement or central-Action access.,,,,,,,
PSB-CICD-002,PSB-CICD-002-INJ-003,cicd-security,Prevent GitHub Actions command injection from direct expression interpolation,controls/cicd-security/actions-command-injection/README.md,攻撃者の影響を受けるGitHub Actionsの式が、runnerの生成するシェルスクリプトへ直接埋め込まれることを防ぐ。,Non-executable expression fields are not reported as shell injection,prevent; verify,CI-UNTRUSTED-CONTEXT-COMMAND-INJECTION: An attacker-controlled event field or workflow value is substituted directly into a run script and interpreted as shell commands.,benign workflow author using expressions in declarative non-shell fields,context-insensitive scanning blocks safe metadata and creates noise that encourages disabling the control,limiting findings to executable fields preserves signal and makes enforcement operationally sustainable,controls/cicd-security/actions-command-injection/secure/workflow.yml; controls/cicd-security/actions-command-injection/secure/local-gate.yml; controls/cicd-security/actions-command-injection/scripts/verify.py; controls/cicd-security/actions-command-injection/scripts/self-test.sh,context-aware analysis of executable fields,repository-admin,ci-verifier,automated,make verify-control CONTROL=PSB-CICD-002,concurrency expressions are not treated as runner shell source,positive-test output,,,,,,,,UNMAPPED — framework review required,unmapped,The verifier prohibits all direct expressions in run scalars and therefore rejects some constrained values that may not be attacker-controlled.; Passing data through env is insufficient if shell variables are unquoted or later evaluated as code.; Indirect taint through generated files repository scripts Actions outputs or third-party Actions requires separate analysis.; Composite Actions and invoked scripts are outside this workflow-only verifier scope.; Unsupported YAML forms fail as verifier errors rather than clean results.; A repository-local verifier can be weakened in the same pull request unless its workflow and code are protected by required review.; Optional central distribution reduces duplicated verifier source but consumers must still update the pinned SHA and protect their workflow and required check.; The central-distribution document is a non-production proof of concept and does not prove live organization rollout ruleset enforcement or central-Action access.,,,,,,,
PSB-CICD-002,PSB-CICD-002-INJ-004,cicd-security,Prevent GitHub Actions command injection from direct expression interpolation,controls/cicd-security/actions-command-injection/README.md,攻撃者の影響を受けるGitHub Actionsの式が、runnerの生成するシェルスクリプトへ直接埋め込まれることを防ぐ。,Workflow parsing failures are distinct from clean analysis,prevent; verify,CI-UNTRUSTED-CONTEXT-COMMAND-INJECTION: An attacker-controlled event field or workflow value is substituted directly into a run script and interpreted as shell commands.,malformed or unsupported YAML hiding executable content from analysis,parser failure is interpreted as no direct interpolation and the workflow is accepted,explicit ERROR prevents syntactic ambiguity from bypassing command-injection checks,controls/cicd-security/actions-command-injection/secure/workflow.yml; controls/cicd-security/actions-command-injection/secure/local-gate.yml; controls/cicd-security/actions-command-injection/scripts/verify.py; controls/cicd-security/actions-command-injection/scripts/self-test.sh,unsupported or malformed YAML produces an error,repository-admin,ci-verifier,automated,make verify-control CONTROL=PSB-CICD-002,parser errors cannot be interpreted as no findings,negative-test output,,,,,,,,UNMAPPED — framework review required,unmapped,The verifier prohibits all direct expressions in run scalars and therefore rejects some constrained values that may not be attacker-controlled.; Passing data through env is insufficient if shell variables are unquoted or later evaluated as code.; Indirect taint through generated files repository scripts Actions outputs or third-party Actions requires separate analysis.; Composite Actions and invoked scripts are outside this workflow-only verifier scope.; Unsupported YAML forms fail as verifier errors rather than clean results.; A repository-local verifier can be weakened in the same pull request unless its workflow and code are protected by required review.; Optional central distribution reduces duplicated verifier source but consumers must still update the pinned SHA and protect their workflow and required check.; The central-distribution document is a non-production proof of concept and does not prove live organization rollout ruleset enforcement or central-Action access.,,,,,,,
PSB-CICD-003,PSB-CICD-003-SAS-001,cicd-security,Statically analyze GitHub Actions workflows with a pinned scanner,controls/cicd-security/actions-static-analysis/README.md,バージョンを固定したzizmorで対処可能なワークフローの弱点を検出し、未信頼PRの判定処理と権限を伴うSARIF送信を分離する。,Workflow scanner and Action are immutable and integrity-bound,detect; verify,CI-WORKFLOW-WEAKNESS-REACHES-DEFAULT-BRANCH: A workflow change introduces command injection mutable dependencies dangerous triggers or excessive permissions and is merged without an automated security signal.; CI-SCANNER-FAILURE-MISREAD-AS-CLEAN: A failed or malformed static-analysis run is treated as if it produced zero findings.,compromised scanner publisher or mutable Action reference,the security job silently runs different analysis code or rules than reviewers approved,pinned scanner and Action identities make the verifier itself a controlled supply-chain dependency,controls/cicd-security/actions-static-analysis/secure/workflow.yml; controls/cicd-security/actions-static-analysis/secure/clean.sarif,pinned scanner version and full Action commit SHA,repository-admin,ci-workflow,automated,make verify-control CONTROL=PSB-CICD-003,mutable scanner dependencies are rejected,sanitized verifier output,,,,,,,,github-security-guidance github/docs@b17436de8f10c3e7f6a185d6813bf94bc82d22f8 (2026-07-24) / GHAS-REF-SECURE-USE / supports / high,reviewed,Static rules cannot prove that effective token permissions are minimal for the commands a job actually executes.; Environment protection rules rulesets repository settings and action-specific input semantics require separate review.; Offline audits intentionally omit checks that require GitHub API access.; SARIF upload alone is not a merge gate and requires code-scanning merge protection when used as an enforcement signal.; The pinned scanner and Action still require periodic review before intentional upgrades.,,,,,,,
PSB-CICD-003,PSB-CICD-003-SAS-002,cicd-security,Statically analyze GitHub Actions workflows with a pinned scanner,controls/cicd-security/actions-static-analysis/README.md,バージョンを固定したzizmorで対処可能なワークフローの弱点を検出し、未信頼PRの判定処理と権限を伴うSARIF送信を分離する。,Pull requests are gated by an unprivileged scanner job,detect; verify,CI-WORKFLOW-WEAKNESS-REACHES-DEFAULT-BRANCH: A workflow change introduces command injection mutable dependencies dangerous triggers or excessive permissions and is merged without an automated security signal.; CI-SCANNER-FAILURE-MISREAD-AS-CLEAN: A failed or malformed static-analysis run is treated as if it produced zero findings.,malicious pull-request author whose workflow content is scanned,untrusted PR input executes in a scanner job holding write tokens or privileged credentials,credential-free gating detects workflow weaknesses without turning analysis into a secret-exfiltration path,controls/cicd-security/actions-static-analysis/secure/workflow.yml; controls/cicd-security/actions-static-analysis/secure/clean.sarif,untrusted pull-request scan has no privileged credentials,repository-admin,ci-workflow,hybrid,verify the workflow fixture and inspect required merge checks,scanner findings block merge without privileged pull-request execution,sanitized verifier output; repository ruleset evidence,,,,,,,,github-security-guidance github/docs@b17436de8f10c3e7f6a185d6813bf94bc82d22f8 (2026-07-24) / GHAS-REF-SECURE-USE / supports / high; openssf-osps-baseline 2026.02.19 / OSPS-VM-06.02 / supports / medium,reviewed,Static rules cannot prove that effective token permissions are minimal for the commands a job actually executes.; Environment protection rules rulesets repository settings and action-specific input semantics require separate review.; Offline audits intentionally omit checks that require GitHub API access.; SARIF upload alone is not a merge gate and requires code-scanning merge protection when used as an enforcement signal.; The pinned scanner and Action still require periodic review before intentional upgrades.,,,,,,,
PSB-CICD-003,PSB-CICD-003-SAS-003,cicd-security,Statically analyze GitHub Actions workflows with a pinned scanner,controls/cicd-security/actions-static-analysis/README.md,バージョンを固定したzizmorで対処可能なワークフローの弱点を検出し、未信頼PRの判定処理と権限を伴うSARIF送信を分離する。,SARIF write permission is limited to trusted pushes,detect; verify,CI-WORKFLOW-WEAKNESS-REACHES-DEFAULT-BRANCH: A workflow change introduces command injection mutable dependencies dangerous triggers or excessive permissions and is merged without an automated security signal.; CI-SCANNER-FAILURE-MISREAD-AS-CLEAN: A failed or malformed static-analysis run is treated as if it produced zero findings.,untrusted pull request attempting to misuse SARIF upload authority,security-events write permission is exposed to fork-controlled code or events,separating trusted upload from untrusted gating preserves reporting without granting PRs privileged API access,controls/cicd-security/actions-static-analysis/secure/workflow.yml; controls/cicd-security/actions-static-analysis/secure/clean.sarif,security-events write only on trusted main-branch push,repository-admin,ci-workflow,automated,make verify-control CONTROL=PSB-CICD-003,untrusted pull-request jobs cannot upload privileged SARIF,sanitized verifier output,,,,,,,,github-security-guidance github/docs@b17436de8f10c3e7f6a185d6813bf94bc82d22f8 (2026-07-24) / GHAS-REF-SECURE-USE / supports / high,reviewed,Static rules cannot prove that effective token permissions are minimal for the commands a job actually executes.; Environment protection rules rulesets repository settings and action-specific input semantics require separate review.; Offline audits intentionally omit checks that require GitHub API access.; SARIF upload alone is not a merge gate and requires code-scanning merge protection when used as an enforcement signal.; The pinned scanner and Action still require periodic review before intentional upgrades.,,,,,,,
PSB-CICD-003,PSB-CICD-003-SAS-004,cicd-security,Statically analyze GitHub Actions workflows with a pinned scanner,controls/cicd-security/actions-static-analysis/README.md,バージョンを固定したzizmorで対処可能なワークフローの弱点を検出し、未信頼PRの判定処理と権限を伴うSARIF送信を分離する。,Clean findings scanner failures and policy findings are distinct,detect; verify,CI-WORKFLOW-WEAKNESS-REACHES-DEFAULT-BRANCH: A workflow change introduces command injection mutable dependencies dangerous triggers or excessive permissions and is merged without an automated security signal.; CI-SCANNER-FAILURE-MISREAD-AS-CLEAN: A failed or malformed static-analysis run is treated as if it produced zero findings.,scanner crash malformed SARIF or operator confusing execution failure with zero findings,analysis does not complete but the workflow receives a successful clean result,distinct clean finding and error states preserve fail-closed enforcement and trustworthy metrics,controls/cicd-security/actions-static-analysis/secure/workflow.yml; controls/cicd-security/actions-static-analysis/secure/clean.sarif,separate fail-closed exit states,repository-admin,ci-verifier,automated,make verify-control CONTROL=PSB-CICD-003,malformed SARIF and scanner errors never report clean,negative-test output,,,,,,,,github-security-guidance github/docs@b17436de8f10c3e7f6a185d6813bf94bc82d22f8 (2026-07-24) / GHAS-REF-SECURE-USE / supports / high; openssf-osps-baseline 2026.02.19 / OSPS-VM-06.02 / supports / medium,reviewed,Static rules cannot prove that effective token permissions are minimal for the commands a job actually executes.; Environment protection rules rulesets repository settings and action-specific input semantics require separate review.; Offline audits intentionally omit checks that require GitHub API access.; SARIF upload alone is not a merge gate and requires code-scanning merge protection when used as an enforcement signal.; The pinned scanner and Action still require periodic review before intentional upgrades.,,,,,,,
PSB-CICD-003,PSB-CICD-003-SAS-005,cicd-security,Statically analyze GitHub Actions workflows with a pinned scanner,controls/cicd-security/actions-static-analysis/README.md,バージョンを固定したzizmorで対処可能なワークフローの弱点を検出し、未信頼PRの判定処理と権限を伴うSARIF送信を分離する。,Adopted workflow matches the reviewed secure workflow,detect; verify,CI-WORKFLOW-WEAKNESS-REACHES-DEFAULT-BRANCH: A workflow change introduces command injection mutable dependencies dangerous triggers or excessive permissions and is merged without an automated security signal.; CI-SCANNER-FAILURE-MISREAD-AS-CLEAN: A failed or malformed static-analysis run is treated as if it produced zero findings.,contributor weakening permissions events or scanner arguments after initial adoption,the deployed workflow drifts from the reviewed sample while local fixtures continue to pass,baseline comparison verifies the actual adopted workflow rather than only the reference implementation,controls/cicd-security/actions-static-analysis/secure/workflow.yml; controls/cicd-security/actions-static-analysis/secure/clean.sarif,no unreviewed drift from the secure workflow baseline,repository-admin,ci-workflow,automated,make verify-control CONTROL=PSB-CICD-003,the adopted workflow satisfies all reviewed policy assertions,sanitized verifier output,,,,,,,,github-security-guidance github/docs@b17436de8f10c3e7f6a185d6813bf94bc82d22f8 (2026-07-24) / GHAS-REF-SECURE-USE / supports / high; openssf-osps-baseline 2026.02.19 / OSPS-VM-06.02 / supports / medium,reviewed,Static rules cannot prove that effective token permissions are minimal for the commands a job actually executes.; Environment protection rules rulesets repository settings and action-specific input semantics require separate review.; Offline audits intentionally omit checks that require GitHub API access.; SARIF upload alone is not a merge gate and requires code-scanning merge protection when used as an enforcement signal.; The pinned scanner and Action still require periodic review before intentional upgrades.,,,,,,,
PSB-CICD-004,PSB-CICD-004-PERM-001,cicd-security,Enforce explicit least-privilege GitHub Actions permissions,controls/cicd-security/actions-least-privilege/README.md,GitHub Actionsの暗黙権限をdeny-allに置き換え、各jobのGITHUB_TOKENとOIDC発行権限を実際の目的へ限定する。,Workflows deny token permissions by default and jobs opt in explicitly,prevent; verify,CICD-IMPLICIT-TOKEN-PERMISSIONS: Workflow or reusable-workflow caller inherits a repository default that grants more GITHUB_TOKEN access than reviewers can see in the job.; CICD-OVERPRIVILEGED-JOB: Malicious or compromised job code uses unnecessary write or OIDC permissions to modify source packages deployments attestations or cloud resources.,repository administrator misconfiguration or contributor relying on a permissive inherited default,a job without visible permissions receives organization or repository default token access,workflow deny-all and job opt-in make the intended token boundary visible even when provider defaults change,controls/cicd-security/actions-least-privilege/secure/workflow.yml,top-level permissions is deny-all and every job has an explicit permission map,repository-admin,github-actions-workflow; github-token,hybrid,Review every workflow and use the PSB-CICD-003 excessive-permissions gate then confirm the live default workflow permission,no workflow or job inherits an implicit broad permission and the provider default is restricted,exact workflow revision; sanitized PSB-CICD-003 result; current default workflow permission setting,,,,,,,,github-security-guidance github/docs@b17436de8f10c3e7f6a185d6813bf94bc82d22f8 (2026-07-24) / GH-ADMIN-ACTIONS-ORGANIZATION / related-to / medium; github-security-guidance github/docs@b17436de8f10c3e7f6a185d6813bf94bc82d22f8 (2026-07-24) / GH-ADMIN-ACTIONS-REPOSITORY / related-to / medium; github-security-guidance github/docs@b17436de8f10c3e7f6a185d6813bf94bc82d22f8 (2026-07-24) / GHAS-CONCEPT-GITHUB-TOKEN / addresses / high; github-security-guidance github/docs@b17436de8f10c3e7f6a185d6813bf94bc82d22f8 (2026-07-24) / GHAS-REF-SECURE-USE / supports / high; openssf-osps-baseline 2026.02.19 / OSPS-AC-04.01 / supports / high,reviewed,A reviewer can approve an unnecessary permission because job intent cannot be derived mechanically from YAML alone.; Static analysis detects obvious excessive permissions but does not prove semantic minimum privilege or live GitHub settings.; GITHUB_TOKEN restrictions do not reduce separately supplied PAT GitHub App cloud or other credentials.; GitHub Environment features and required reviewer availability depend on repository visibility and provider plan.; Actions and shell steps in one job share that job token so different trust boundaries require separate jobs.; Fork safety remains PSB-CICD-005 and cloud OIDC claim trust remains PSB-CICD-006.,,,,,,,
PSB-CICD-004,PSB-CICD-004-PERM-002,cicd-security,Enforce explicit least-privilege GitHub Actions permissions,controls/cicd-security/actions-least-privilege/README.md,GitHub Actionsの暗黙権限をdeny-allに置き換え、各jobのGITHUB_TOKENとOIDC発行権限を実際の目的へ限定する。,Job permissions match the reviewed job purpose,prevent; verify,CICD-IMPLICIT-TOKEN-PERMISSIONS: Workflow or reusable-workflow caller inherits a repository default that grants more GITHUB_TOKEN access than reviewers can see in the job.; CICD-OVERPRIVILEGED-JOB: Malicious or compromised job code uses unnecessary write or OIDC permissions to modify source packages deployments attestations or cloud resources.,compromised Action dependency malicious build step or maintainer granting convenience permissions,job code receives write access unrelated to its test reporting release or deployment activity,semantic operation-to-permission review removes authority that syntax-only scanners cannot prove unnecessary,controls/cicd-security/actions-least-privilege/secure/workflow.yml,each permission is necessary for one documented operation performed by that job,repository-admin,github-actions-job; github-token,manual,Compare each job operation with the current GitHub permission reference during workflow review,every granted scope and access level has one necessary operation and unused scopes are absent,reviewed workflow diff; operation to permission review record,,,,,,,,github-security-guidance github/docs@b17436de8f10c3e7f6a185d6813bf94bc82d22f8 (2026-07-24) / GHAS-CONCEPT-GITHUB-TOKEN / addresses / high; github-security-guidance github/docs@b17436de8f10c3e7f6a185d6813bf94bc82d22f8 (2026-07-24) / GHAS-REF-SECURE-USE / supports / high; openssf-osps-baseline 2026.02.19 / OSPS-AC-04.02 / addresses / medium,reviewed,A reviewer can approve an unnecessary permission because job intent cannot be derived mechanically from YAML alone.; Static analysis detects obvious excessive permissions but does not prove semantic minimum privilege or live GitHub settings.; GITHUB_TOKEN restrictions do not reduce separately supplied PAT GitHub App cloud or other credentials.; GitHub Environment features and required reviewer availability depend on repository visibility and provider plan.; Actions and shell steps in one job share that job token so different trust boundaries require separate jobs.; Fork safety remains PSB-CICD-005 and cloud OIDC claim trust remains PSB-CICD-006.,,,,,,,
PSB-CICD-004,PSB-CICD-004-PERM-003,cicd-security,Enforce explicit least-privilege GitHub Actions permissions,controls/cicd-security/actions-least-privilege/README.md,GitHub Actionsの暗黙権限をdeny-allに置き換え、各jobのGITHUB_TOKENとOIDC発行権限を実際の目的へ限定する。,OIDC token issuance is limited to the exact federation job,prevent; verify,CICD-IMPLICIT-TOKEN-PERMISSIONS: Workflow or reusable-workflow caller inherits a repository default that grants more GITHUB_TOKEN access than reviewers can see in the job.; CICD-OVERPRIVILEGED-JOB: Malicious or compromised job code uses unnecessary write or OIDC permissions to modify source packages deployments attestations or cloud resources.,malicious step or dependency requesting a GitHub OIDC token from an unrelated job,a test or reporting job exchanges an OIDC token against a cloud trust policy and gains workload access,id-token write enables token issuance even though it does not directly grant repository writes and must be reviewed separately,controls/cicd-security/actions-least-privilege/secure/workflow.yml,id-token write appears only in a job that performs a reviewed token exchange,ci-platform,github-actions-job; oidc-token,manual,Find every id-token write grant and trace it to the exact token exchange step and PSB-CICD-006 trust policy,only reviewed federation jobs can request an OIDC token,workflow revision; token exchange design review,,,,,,,,github-security-guidance github/docs@b17436de8f10c3e7f6a185d6813bf94bc82d22f8 (2026-07-24) / GHAS-CONCEPT-GITHUB-TOKEN / addresses / high; github-security-guidance github/docs@b17436de8f10c3e7f6a185d6813bf94bc82d22f8 (2026-07-24) / GHAS-REF-SECURE-USE / supports / high; openssf-osps-baseline 2026.02.19 / OSPS-AC-04.02 / addresses / medium,reviewed,A reviewer can approve an unnecessary permission because job intent cannot be derived mechanically from YAML alone.; Static analysis detects obvious excessive permissions but does not prove semantic minimum privilege or live GitHub settings.; GITHUB_TOKEN restrictions do not reduce separately supplied PAT GitHub App cloud or other credentials.; GitHub Environment features and required reviewer availability depend on repository visibility and provider plan.; Actions and shell steps in one job share that job token so different trust boundaries require separate jobs.; Fork safety remains PSB-CICD-005 and cloud OIDC claim trust remains PSB-CICD-006.,,,,,,,
PSB-CICD-004,PSB-CICD-004-PERM-004,cicd-security,Enforce explicit least-privilege GitHub Actions permissions,controls/cicd-security/actions-least-privilege/README.md,GitHub Actionsの暗黙権限をdeny-allに置き換え、各jobのGITHUB_TOKENとOIDC発行権限を実際の目的へ限定する。,Write-capable jobs are restricted to reviewed refs and environments,prevent; verify,CICD-IMPLICIT-TOKEN-PERMISSIONS: Workflow or reusable-workflow caller inherits a repository default that grants more GITHUB_TOKEN access than reviewers can see in the job.; CICD-OVERPRIVILEGED-JOB: Malicious or compromised job code uses unnecessary write or OIDC permissions to modify source packages deployments attestations or cloud resources.,untrusted branch contributor compromised maintainer or accidental trigger,a job with publication deployment or token-issuance capability runs for an unreviewed ref without environment approval,permission minimization limits capability while ref and environment gates limit when the remaining capability can be exercised,controls/cicd-security/actions-least-privilege/secure/workflow.yml,exact trusted-ref condition plus live protected environment for release and deploy,repository-admin,privileged-ci-job; github-environment,external-evidence,Inspect the current workflow condition GitHub Environment protection deployment ref policy required reviewer and bypass setting,privileged jobs cannot start for an unapproved ref or before required environment protection passes,exact workflow revision; current GitHub Environment setting; harmless protected-job drill result,,,,,,,,github-security-guidance github/docs@b17436de8f10c3e7f6a185d6813bf94bc82d22f8 (2026-07-24) / GH-ADMIN-ACTIONS-ORGANIZATION / related-to / medium; github-security-guidance github/docs@b17436de8f10c3e7f6a185d6813bf94bc82d22f8 (2026-07-24) / GH-ADMIN-ACTIONS-REPOSITORY / related-to / medium; github-security-guidance github/docs@b17436de8f10c3e7f6a185d6813bf94bc82d22f8 (2026-07-24) / GHAS-CONCEPT-GITHUB-TOKEN / addresses / high; github-security-guidance github/docs@b17436de8f10c3e7f6a185d6813bf94bc82d22f8 (2026-07-24) / GHAS-REF-SECURE-USE / supports / high; openssf-osps-baseline 2026.02.19 / OSPS-AC-04.02 / addresses / medium,reviewed,A reviewer can approve an unnecessary permission because job intent cannot be derived mechanically from YAML alone.; Static analysis detects obvious excessive permissions but does not prove semantic minimum privilege or live GitHub settings.; GITHUB_TOKEN restrictions do not reduce separately supplied PAT GitHub App cloud or other credentials.; GitHub Environment features and required reviewer availability depend on repository visibility and provider plan.; Actions and shell steps in one job share that job token so different trust boundaries require separate jobs.; Fork safety remains PSB-CICD-005 and cloud OIDC claim trust remains PSB-CICD-006.,,,,,,,
PSB-CICD-004,PSB-CICD-004-PERM-005,cicd-security,Enforce explicit least-privilege GitHub Actions permissions,controls/cicd-security/actions-least-privilege/README.md,GitHub Actionsの暗黙権限をdeny-allに置き換え、各jobのGITHUB_TOKENとOIDC発行権限を実際の目的へ限定する。,Reusable-workflow callers pass explicit non-escalating permissions,prevent; verify,CICD-IMPLICIT-TOKEN-PERMISSIONS: Workflow or reusable-workflow caller inherits a repository default that grants more GITHUB_TOKEN access than reviewers can see in the job.; CICD-OVERPRIVILEGED-JOB: Malicious or compromised job code uses unnecessary write or OIDC permissions to modify source packages deployments attestations or cloud resources.,compromised reusable workflow or caller maintainer omitting the token boundary,called workflow receives an implicit repository default or a caller grants broader permissions than the reusable task needs,a called workflow cannot elevate caller permissions but it also cannot minimize an already broad or implicit caller token on the callers behalf,controls/cicd-security/actions-least-privilege/secure/workflow.yml,caller job permission set is explicit and limited to the reviewed reusable task,repository-admin,reusable-workflow-caller; github-token,hybrid,Review every reusable workflow caller and run the PSB-CICD-003 excessive-permissions gate,each caller declares a purpose-bound permission set and no caller depends on an implicit default,reusable workflow caller inventory; reviewed workflow revision; sanitized PSB-CICD-003 result,,,,,,,,github-security-guidance github/docs@b17436de8f10c3e7f6a185d6813bf94bc82d22f8 (2026-07-24) / GHAS-CONCEPT-GITHUB-TOKEN / addresses / high; github-security-guidance github/docs@b17436de8f10c3e7f6a185d6813bf94bc82d22f8 (2026-07-24) / GHAS-REF-SECURE-USE / supports / high; openssf-osps-baseline 2026.02.19 / OSPS-AC-04.01 / supports / high; openssf-osps-baseline 2026.02.19 / OSPS-AC-04.02 / addresses / medium,reviewed,A reviewer can approve an unnecessary permission because job intent cannot be derived mechanically from YAML alone.; Static analysis detects obvious excessive permissions but does not prove semantic minimum privilege or live GitHub settings.; GITHUB_TOKEN restrictions do not reduce separately supplied PAT GitHub App cloud or other credentials.; GitHub Environment features and required reviewer availability depend on repository visibility and provider plan.; Actions and shell steps in one job share that job token so different trust boundaries require separate jobs.; Fork safety remains PSB-CICD-005 and cloud OIDC claim trust remains PSB-CICD-006.,,,,,,,
PSB-CICD-004,PSB-CICD-004-PERM-006,cicd-security,Enforce explicit least-privilege GitHub Actions permissions,controls/cicd-security/actions-least-privilege/README.md,GitHub Actionsの暗黙権限をdeny-allに置き換え、各jobのGITHUB_TOKENとOIDC発行権限を実際の目的へ限定する。,Permission verification failures remain non-clean,prevent; verify,CICD-IMPLICIT-TOKEN-PERMISSIONS: Workflow or reusable-workflow caller inherits a repository default that grants more GITHUB_TOKEN access than reviewers can see in the job.; CICD-OVERPRIVILEGED-JOB: Malicious or compromised job code uses unnecessary write or OIDC permissions to modify source packages deployments attestations or cloud resources.,scanner failure partial inventory stale provider evidence or operator confusing unavailable verification with a clean result,one or more workflows or live settings cannot be evaluated but the repository is reported as least privilege,explicit NOT_CHECKED and ERROR states prevent incomplete static or live evidence from becoming an adoption claim,controls/cicd-security/actions-least-privilege/secure/workflow.yml,scanner failure incomplete workflow inventory and unavailable live settings are not reported as PASS,ci-platform,ci-permission-verification,external-evidence,Inspect required scanner status workflow inventory completeness evidence freshness and provider query health,only complete current review can be PASS while missing evidence is NOT_CHECKED and execution failure is ERROR,required scanner run result; complete workflow inventory; live setting review record,,,,,,,,UNMAPPED — framework review required,unmapped,A reviewer can approve an unnecessary permission because job intent cannot be derived mechanically from YAML alone.; Static analysis detects obvious excessive permissions but does not prove semantic minimum privilege or live GitHub settings.; GITHUB_TOKEN restrictions do not reduce separately supplied PAT GitHub App cloud or other credentials.; GitHub Environment features and required reviewer availability depend on repository visibility and provider plan.; Actions and shell steps in one job share that job token so different trust boundaries require separate jobs.; Fork safety remains PSB-CICD-005 and cloud OIDC claim trust remains PSB-CICD-006.,,,,,,,
PSB-CICD-005,PSB-CICD-005-PRB-001,cicd-security,Isolate fork and untrusted pull-request workflows from privileged CI,controls/cicd-security/untrusted-pr-boundary/README.md,PR作成者が変更できるcodeや実行可能stateとprivileged authorityを分離し、権限処理へ移る前にreview可能なtrust boundaryを再確立する。,Pull-request-controlled execution remains explicitly unprivileged,prevent; verify,CICD-UNTRUSTED-PR-PRIVILEGE: A contributor-controlled command test or dependency executes in a job where token scope referenced secrets OIDC approved Environment runner state or network reachability is actually available and usable.; CICD-UNTRUSTED-RUN-ELEVATION: A privileged event or later run checks out attacker content or consumes an attacker-controlled cache artifact output or dependency as executable or otherwise unsafe input.,fork contributor or compromised contributor account controlling pull-request code workflow changes tests or dependencies,attacker-controlled execution uses a write token or a delivered secret or requests OIDC accepted by the cloud trust policy or runs after Environment protection passes,removing effective privileged authority from the untrusted job prevents contribution access from becoming repository cloud or deployment authority even when arbitrary test commands run,controls/cicd-security/untrusted-pr-boundary/secure/pr-validation.yml; controls/cicd-security/untrusted-pr-boundary/secure/trusted-after-merge.yml,any job executing pull-request-controlled code or executable state has no secret write authority OIDC or protected Environment access,repository-admin,github-actions-pr-job; github-token; github-environment,external-evidence,inventory jobs that execute pull-request-controlled state and inspect effective permissions secret Environment and OIDC availability in a harmless live run,every untrusted execution context is read-only and cannot access secrets OIDC protected Environments or write APIs,sanitized GitHub Actions run URL with repository commit event and effective permission details; current Actions token and fork-workflow settings with target and capture time,,,,,,,,github-security-guidance github/docs@b17436de8f10c3e7f6a185d6813bf94bc82d22f8 (2026-07-24) / GH-ADMIN-ACTIONS-REPOSITORY / related-to / medium; github-security-guidance github/docs@b17436de8f10c3e7f6a185d6813bf94bc82d22f8 (2026-07-24) / GHAS-REF-SECURE-USE / supports / high; openssf-osps-baseline 2026.02.19 / OSPS-BR-01.03 / addresses / high,reviewed,Repository files cannot prove current fork approval token branch Environment or runner-group settings and cannot prove which permissions an actual run received.; The presence of a token secret OIDC Environment cache artifact or self-hosted label alone does not establish compromise and each finding requires a traced path from attacker-controlled execution to usable authority or a privileged consumer.; The copyable reference conservatively excludes pull_request_target workflow_run shared pull-request caches and privileged reusable-workflow paths even when a separately designed metadata-only or data-only use could be safe.; GitHub-hosted execution does not prevent malicious tests from contacting public endpoints but the pull-request job must contain no privileged credential or internal network authority worth exfiltrating.; Workflow static analysis is delegated to PSB-CICD-003 and may not model every dynamic expression third-party action dependency or provider-specific behavior.; Exact token purpose remains PSB-CICD-004 runner lifecycle remains PSB-CICD-007 cache provenance remains PSB-CICD-009 and build sandboxing remains PSB-BUILD-001.; Strong isolation can reduce pre-merge coverage increase CI cost delay external contributors and require mocks mirrors merge queues or post-merge rollback capability.; GitHub protections and event behavior can change and GitHub Enterprise Server can differ so adopters must recheck official documentation and live behavior for their deployed version.,,,,,,,
PSB-CICD-005,PSB-CICD-005-PRB-002,cicd-security,Isolate fork and untrusted pull-request workflows from privileged CI,controls/cicd-security/untrusted-pr-boundary/README.md,PR作成者が変更できるcodeや実行可能stateとprivileged authorityを分離し、権限処理へ移る前にreview可能なtrust boundaryを再確立する。,Untrusted code runs without persistent runner or internal network authority,prevent; verify,CICD-UNTRUSTED-PR-PRIVILEGE: A contributor-controlled command test or dependency executes in a job where token scope referenced secrets OIDC approved Environment runner state or network reachability is actually available and usable.; CICD-UNTRUSTED-RUN-ELEVATION: A privileged event or later run checks out attacker content or consumes an attacker-controlled cache artifact output or dependency as executable or otherwise unsafe input.,fork contributor executing persistence discovery credential theft or network-probing code on a reusable organization-controlled runner,untrusted pull-request code runs on a reused or privileged self-hosted runner that exposes later jobs local credentials daemon authority or internal network services,token restrictions do not remove credential files network position persistence or daemon authority when those assets are actually present on an organization-controlled runner,controls/cicd-security/untrusted-pr-boundary/secure/pr-validation.yml; controls/cicd-security/untrusted-pr-boundary/secure/trusted-after-merge.yml,the actual untrusted job uses the reference GitHub-hosted profile or a separately verified ephemeral isolated runner with no privileged local asset or internal route,ci-platform,github-actions-runner; github-actions-pr-job,external-evidence,inspect live job runner identity lifecycle network reachability and organization runner-group access for the target repository,the reference uses the approved GitHub-hosted profile and any alternative runner has separately verified one-job isolation and no privileged reachability,sanitized job metadata identifying the hosted or separately approved isolated runner profile; current runner lifecycle network and runner-group access record with target and capture time,,,,,,,,github-security-guidance github/docs@b17436de8f10c3e7f6a185d6813bf94bc82d22f8 (2026-07-24) / GH-ADMIN-ACTIONS-REPOSITORY / related-to / medium; github-security-guidance github/docs@b17436de8f10c3e7f6a185d6813bf94bc82d22f8 (2026-07-24) / GHAS-CONCEPT-COMPROMISED-RUNNERS / mitigates / medium; github-security-guidance github/docs@b17436de8f10c3e7f6a185d6813bf94bc82d22f8 (2026-07-24) / GHAS-REF-SECURE-USE / supports / high; openssf-osps-baseline 2026.02.19 / OSPS-BR-01.03 / addresses / high,reviewed,Repository files cannot prove current fork approval token branch Environment or runner-group settings and cannot prove which permissions an actual run received.; The presence of a token secret OIDC Environment cache artifact or self-hosted label alone does not establish compromise and each finding requires a traced path from attacker-controlled execution to usable authority or a privileged consumer.; The copyable reference conservatively excludes pull_request_target workflow_run shared pull-request caches and privileged reusable-workflow paths even when a separately designed metadata-only or data-only use could be safe.; GitHub-hosted execution does not prevent malicious tests from contacting public endpoints but the pull-request job must contain no privileged credential or internal network authority worth exfiltrating.; Workflow static analysis is delegated to PSB-CICD-003 and may not model every dynamic expression third-party action dependency or provider-specific behavior.; Exact token purpose remains PSB-CICD-004 runner lifecycle remains PSB-CICD-007 cache provenance remains PSB-CICD-009 and build sandboxing remains PSB-BUILD-001.; Strong isolation can reduce pre-merge coverage increase CI cost delay external contributors and require mocks mirrors merge queues or post-merge rollback capability.; GitHub protections and event behavior can change and GitHub Enterprise Server can differ so adopters must recheck official documentation and live behavior for their deployed version.,,,,,,,
PSB-CICD-005,PSB-CICD-005-PRB-003,cicd-security,Isolate fork and untrusted pull-request workflows from privileged CI,controls/cicd-security/untrusted-pr-boundary/README.md,PR作成者が変更できるcodeや実行可能stateとprivileged authorityを分離し、権限処理へ移る前にreview可能なtrust boundaryを再確立する。,Checkout and code loading preserve the declared trust boundary,prevent; verify,CICD-UNTRUSTED-PR-PRIVILEGE: A contributor-controlled command test or dependency executes in a job where token scope referenced secrets OIDC approved Environment runner state or network reachability is actually available and usable.; CICD-UNTRUSTED-RUN-ELEVATION: A privileged event or later run checks out attacker content or consumes an attacker-controlled cache artifact output or dependency as executable or otherwise unsafe input.,pull-request author supplying a malicious head SHA branch repository checkout input or indirect code-loading path,a privileged workflow executes attacker-selected content or any untrusted workflow leaves a usable repository token in Git configuration,event separation is ineffective when code loading crosses the declared trust boundary or leaves a credential available to attacker-controlled commands,controls/cicd-security/untrusted-pr-boundary/secure/pr-validation.yml; controls/cicd-security/untrusted-pr-boundary/secure/trusted-after-merge.yml,every checkout and indirect code-loading path matches the job trust classification retains no credential and never loads untrusted executable state into a privileged context,repository-admin,actions-checkout-step; pull-request-revision,manual,review every pull-request checkout and indirect code-loading step then compare the actual revision authority and credential state with the declared job trust,the reference uses a SHA-pinned checkout with persist-credentials false and no privileged context loads pull-request-controlled executable state,reviewed workflow revision and reviewer record; sanitized live run event and checked-out revision details,,,,,,,,github-security-guidance github/docs@b17436de8f10c3e7f6a185d6813bf94bc82d22f8 (2026-07-24) / GHAS-REF-PULL-REQUEST-TARGET / mitigates / high; github-security-guidance github/docs@b17436de8f10c3e7f6a185d6813bf94bc82d22f8 (2026-07-24) / GHAS-REF-SECURE-USE / supports / high; openssf-osps-baseline 2026.02.19 / OSPS-BR-01.03 / addresses / high,reviewed,Repository files cannot prove current fork approval token branch Environment or runner-group settings and cannot prove which permissions an actual run received.; The presence of a token secret OIDC Environment cache artifact or self-hosted label alone does not establish compromise and each finding requires a traced path from attacker-controlled execution to usable authority or a privileged consumer.; The copyable reference conservatively excludes pull_request_target workflow_run shared pull-request caches and privileged reusable-workflow paths even when a separately designed metadata-only or data-only use could be safe.; GitHub-hosted execution does not prevent malicious tests from contacting public endpoints but the pull-request job must contain no privileged credential or internal network authority worth exfiltrating.; Workflow static analysis is delegated to PSB-CICD-003 and may not model every dynamic expression third-party action dependency or provider-specific behavior.; Exact token purpose remains PSB-CICD-004 runner lifecycle remains PSB-CICD-007 cache provenance remains PSB-CICD-009 and build sandboxing remains PSB-BUILD-001.; Strong isolation can reduce pre-merge coverage increase CI cost delay external contributors and require mocks mirrors merge queues or post-merge rollback capability.; GitHub protections and event behavior can change and GitHub Enterprise Server can differ so adopters must recheck official documentation and live behavior for their deployed version.,,,,,,,
PSB-CICD-005,PSB-CICD-005-PRB-004,cicd-security,Isolate fork and untrusted pull-request workflows from privileged CI,controls/cicd-security/untrusted-pr-boundary/README.md,PR作成者が変更できるcodeや実行可能stateとprivileged authorityを分離し、権限処理へ移る前にreview可能なtrust boundaryを再確立する。,Automatic cross-run and privileged-event elevation paths are blocked,prevent; verify,CICD-UNTRUSTED-PR-PRIVILEGE: A contributor-controlled command test or dependency executes in a job where token scope referenced secrets OIDC approved Environment runner state or network reachability is actually available and usable.; CICD-UNTRUSTED-RUN-ELEVATION: A privileged event or later run checks out attacker content or consumes an attacker-controlled cache artifact output or dependency as executable or otherwise unsafe input.,fork contributor poisoning a cache artifact workflow output dependency or reusable-workflow input consumed by a privileged context,pull_request_target workflow_run issue_comment or another privileged path receives authority and executes data or code produced by an untrusted run,separating jobs is insufficient when attacker-controlled state is promoted across an event trigger storage namespace dependency or called-workflow boundary,controls/cicd-security/untrusted-pr-boundary/secure/pr-validation.yml; controls/cicd-security/untrusted-pr-boundary/secure/trusted-after-merge.yml,no privileged event cache artifact output dependency or reusable-workflow path automatically executes or trusts untrusted pull-request state,repository-admin,github-actions-trigger; github-actions-cache; github-actions-artifact; reusable-workflow-caller,manual,inventory all pull-request-related workflows and trace privileged events caches artifacts outputs dependencies and reusable-workflow calls across run boundaries,no path automatically promotes untrusted executable state and every data-only exception has a separately reviewed trust design,dated workflow inventory and trust-boundary review; review record for each cross-run data path or an explicit record that none exist,,,,,,,,github-security-guidance github/docs@b17436de8f10c3e7f6a185d6813bf94bc82d22f8 (2026-07-24) / GH-ADMIN-ACTIONS-REPOSITORY / related-to / medium; github-security-guidance github/docs@b17436de8f10c3e7f6a185d6813bf94bc82d22f8 (2026-07-24) / GHAS-REF-PULL-REQUEST-TARGET / mitigates / high; github-security-guidance github/docs@b17436de8f10c3e7f6a185d6813bf94bc82d22f8 (2026-07-24) / GHAS-REF-SECURE-USE / supports / high; openssf-osps-baseline 2026.02.19 / OSPS-BR-01.03 / addresses / high,reviewed,Repository files cannot prove current fork approval token branch Environment or runner-group settings and cannot prove which permissions an actual run received.; The presence of a token secret OIDC Environment cache artifact or self-hosted label alone does not establish compromise and each finding requires a traced path from attacker-controlled execution to usable authority or a privileged consumer.; The copyable reference conservatively excludes pull_request_target workflow_run shared pull-request caches and privileged reusable-workflow paths even when a separately designed metadata-only or data-only use could be safe.; GitHub-hosted execution does not prevent malicious tests from contacting public endpoints but the pull-request job must contain no privileged credential or internal network authority worth exfiltrating.; Workflow static analysis is delegated to PSB-CICD-003 and may not model every dynamic expression third-party action dependency or provider-specific behavior.; Exact token purpose remains PSB-CICD-004 runner lifecycle remains PSB-CICD-007 cache provenance remains PSB-CICD-009 and build sandboxing remains PSB-BUILD-001.; Strong isolation can reduce pre-merge coverage increase CI cost delay external contributors and require mocks mirrors merge queues or post-merge rollback capability.; GitHub protections and event behavior can change and GitHub Enterprise Server can differ so adopters must recheck official documentation and live behavior for their deployed version.,,,,,,,
PSB-CICD-005,PSB-CICD-005-PRB-005,cicd-security,Isolate fork and untrusted pull-request workflows from privileged CI,controls/cicd-security/untrusted-pr-boundary/README.md,PR作成者が変更できるcodeや実行可能stateとprivileged authorityを分離し、権限処理へ移る前にreview可能なtrust boundaryを再確立する。,Privileged work starts only after a new trust decision,prevent; verify,CICD-UNTRUSTED-PR-PRIVILEGE: A contributor-controlled command test or dependency executes in a job where token scope referenced secrets OIDC approved Environment runner state or network reachability is actually available and usable.; CICD-UNTRUSTED-RUN-ELEVATION: A privileged event or later run checks out attacker content or consumes an attacker-controlled cache artifact output or dependency as executable or otherwise unsafe input.,pull-request author manipulating actor label author association approval state job output artifact or other attacker-influenced elevation input,the original pull-request run gains authority or a later privileged workflow treats attacker-controlled code artifact cache output actor or label as trusted,a distinct trust decision prevents privileged processing from depending on attacker-controlled execution state while the reference uses a new post-merge run as the simplest boundary,controls/cicd-security/untrusted-pr-boundary/secure/pr-validation.yml; controls/cicd-security/untrusted-pr-boundary/secure/trusted-after-merge.yml,privileged processing begins in a context that does not execute pull-request-controlled code or inherit unverified executable state from the original pull-request run,repository-admin,privileged-ci-job; trusted-branch-run; protected-branch-ruleset,external-evidence,trace the trust decision and every input to privileged processing then for the reference compare the ruleset merge revision trusted-run event SHA and run identity,privileged processing loads no unverified executable state and the reference starts a new protected-branch push run without a dependency on the pull-request run,current protected-branch ruleset with target and capture time; sanitized pull-request merge and separate trusted-run records linked by reviewed commit SHA,,,,,,,,github-security-guidance github/docs@b17436de8f10c3e7f6a185d6813bf94bc82d22f8 (2026-07-24) / GH-ADMIN-ACTIONS-REPOSITORY / related-to / medium; github-security-guidance github/docs@b17436de8f10c3e7f6a185d6813bf94bc82d22f8 (2026-07-24) / GHAS-REF-PULL-REQUEST-TARGET / mitigates / high; github-security-guidance github/docs@b17436de8f10c3e7f6a185d6813bf94bc82d22f8 (2026-07-24) / GHAS-REF-SECURE-USE / supports / high; openssf-osps-baseline 2026.02.19 / OSPS-BR-01.03 / addresses / high,reviewed,Repository files cannot prove current fork approval token branch Environment or runner-group settings and cannot prove which permissions an actual run received.; The presence of a token secret OIDC Environment cache artifact or self-hosted label alone does not establish compromise and each finding requires a traced path from attacker-controlled execution to usable authority or a privileged consumer.; The copyable reference conservatively excludes pull_request_target workflow_run shared pull-request caches and privileged reusable-workflow paths even when a separately designed metadata-only or data-only use could be safe.; GitHub-hosted execution does not prevent malicious tests from contacting public endpoints but the pull-request job must contain no privileged credential or internal network authority worth exfiltrating.; Workflow static analysis is delegated to PSB-CICD-003 and may not model every dynamic expression third-party action dependency or provider-specific behavior.; Exact token purpose remains PSB-CICD-004 runner lifecycle remains PSB-CICD-007 cache provenance remains PSB-CICD-009 and build sandboxing remains PSB-BUILD-001.; Strong isolation can reduce pre-merge coverage increase CI cost delay external contributors and require mocks mirrors merge queues or post-merge rollback capability.; GitHub protections and event behavior can change and GitHub Enterprise Server can differ so adopters must recheck official documentation and live behavior for their deployed version.,,,,,,,
PSB-CICD-005,PSB-CICD-005-PRB-006,cicd-security,Isolate fork and untrusted pull-request workflows from privileged CI,controls/cicd-security/untrusted-pr-boundary/README.md,PR作成者が変更できるcodeや実行可能stateとprivileged authorityを分離し、権限処理へ移る前にreview可能なtrust boundaryを再確立する。,Incomplete trust-boundary verification is never reported as clean,prevent; verify,CICD-UNTRUSTED-PR-PRIVILEGE: A contributor-controlled command test or dependency executes in a job where token scope referenced secrets OIDC approved Environment runner state or network reachability is actually available and usable.; CICD-UNTRUSTED-RUN-ELEVATION: A privileged event or later run checks out attacker content or consumes an attacker-controlled cache artifact output or dependency as executable or otherwise unsafe input.,incomplete workflow inventory permission denial provider API failure stale evidence or reviewer misunderstanding of event and run boundaries,one or more execution or authority paths cannot be evaluated but the repository is nevertheless reported as fork-safe,distinct NOT_CHECKED and ERROR states prevent missing provider facts and partial review coverage from becoming false assurance,controls/cicd-security/untrusted-pr-boundary/secure/pr-validation.yml; controls/cicd-security/untrusted-pr-boundary/secure/trusted-after-merge.yml,missing workflow inventory inaccessible provider settings ambiguous data flow and failed live checks remain NOT_CHECKED or ERROR,security,workflow-inventory; provider-setting-review; live-run-evidence,manual,confirm that the review covers every pull-request-related workflow and records unavailable settings failed checks and stale evidence explicitly,only complete current live observations can support PASS while missing or failed observations are NOT_CHECKED or ERROR,dated workflow inventory with reviewer and target repository; manual verification record containing PASS FAIL NOT_CHECKED or ERROR for every check,,,,,,,,UNMAPPED — framework review required,unmapped,Repository files cannot prove current fork approval token branch Environment or runner-group settings and cannot prove which permissions an actual run received.; The presence of a token secret OIDC Environment cache artifact or self-hosted label alone does not establish compromise and each finding requires a traced path from attacker-controlled execution to usable authority or a privileged consumer.; The copyable reference conservatively excludes pull_request_target workflow_run shared pull-request caches and privileged reusable-workflow paths even when a separately designed metadata-only or data-only use could be safe.; GitHub-hosted execution does not prevent malicious tests from contacting public endpoints but the pull-request job must contain no privileged credential or internal network authority worth exfiltrating.; Workflow static analysis is delegated to PSB-CICD-003 and may not model every dynamic expression third-party action dependency or provider-specific behavior.; Exact token purpose remains PSB-CICD-004 runner lifecycle remains PSB-CICD-007 cache provenance remains PSB-CICD-009 and build sandboxing remains PSB-BUILD-001.; Strong isolation can reduce pre-merge coverage increase CI cost delay external contributors and require mocks mirrors merge queues or post-merge rollback capability.; GitHub protections and event behavior can change and GitHub Enterprise Server can differ so adopters must recheck official documentation and live behavior for their deployed version.,,,,,,,
PSB-CICD-006,PSB-CICD-006-OIDC-001,cicd-security,Enforce audience-bound cloud OIDC federation,controls/cicd-security/audience-bound-oidc-federation/README.md,署名済みGitHub ActionsワークロードIDを不変かつ厳密なOIDCクレームと照合し、保存済みクラウド鍵を使わず、対象リソースに限定した短期認証情報だけを発行する。,OIDC JWT signature and protected header are verified,prevent; verify,CICD-OIDC-OVERBROAD-TRUST: A valid token from a fork pull request different repository or mutable reusable workflow matches an organization-wide cloud trust policy and obtains deployment authority.; CICD-OIDC-CREDENTIAL-EXPOSURE: Long-lived stored cloud keys or an overbroad exchanged credential are stolen by compromised workflow code and reused beyond the intended deployment.; CICD-OIDC-REPLAY-OR-FAIL-OPEN: An expired replayed malformed or unevaluable token is accepted or an exchange failure is interpreted as a clean skipped deployment check.,network intermediary compromised pipeline component or attacker fabricating a workload token,cloud federation evaluates attacker-controlled claims without authenticating the issuer signature and approved key,claim matching has no security value unless the claims are cryptographically bound to the trusted issuer key and algorithm,controls/cicd-security/audience-bound-oidc-federation/secure/workflow.yml; controls/cicd-security/audience-bound-oidc-federation/secure/policy.json; controls/cicd-security/audience-bound-oidc-federation/secure/token.jwt; controls/cicd-security/audience-bound-oidc-federation/secure/trust/oidc-public.pem; controls/cicd-security/audience-bound-oidc-federation/secure/secret-inventory.json; controls/cicd-security/audience-bound-oidc-federation/secure/replay-state.json; controls/cicd-security/audience-bound-oidc-federation/secure/credential-receipt.json,trusted RS256 key ID and signature validate the exact compact JWT signing input,ci-platform,github-actions-oidc-jwt; cloud-identity-provider,automated,make verify-control CONTROL=PSB-CICD-006,the authentic fixture passes while signature tampering is a finding and unavailable OpenSSL is an error,sanitized verifier output; synthetic public key and signed-token fixture,,,,,,,,github-security-guidance github/docs@b17436de8f10c3e7f6a185d6813bf94bc82d22f8 (2026-07-24) / GHAS-CONCEPT-OIDC / verifies / high,reviewed,The first slice is a provider-neutral offline contract and does not validate AWS Azure GCP or another provider-specific trust-policy syntax or live configuration.; Production validation must use issuer discovery and rotating JWKS with authenticated transport while the committed public key is synthetic test material only.; Repository and environment secret inventory and GitHub Environment protection require separately collected current API evidence.; The static JSON replay fixture demonstrates the decision contract but production single-use enforcement requires an atomic durable provider-side ledger.; A malicious step in the approved deploy job can still steal the OIDC or exchanged credential during its short lifetime so build separation egress restriction and runtime monitoring remain necessary.; Provider claim support minimum credential TTL session cleanup and audit fields vary and require a reviewed provider adapter.; Package registry Trusted Publishing is a separate future adoption profile and is not covered by this cloud deployment control.,,,,,,,
PSB-CICD-006,PSB-CICD-006-OIDC-002,cicd-security,Enforce audience-bound cloud OIDC federation,controls/cicd-security/audience-bound-oidc-federation/README.md,署名済みGitHub ActionsワークロードIDを不変かつ厳密なOIDCクレームと照合し、保存済みクラウド鍵を使わず、対象リソースに限定した短期認証情報だけを発行する。,Issuer audience subject and immutable repository identity are exact,prevent; verify,CICD-OIDC-OVERBROAD-TRUST: A valid token from a fork pull request different repository or mutable reusable workflow matches an organization-wide cloud trust policy and obtains deployment authority.; CICD-OIDC-CREDENTIAL-EXPOSURE: Long-lived stored cloud keys or an overbroad exchanged credential are stolen by compromised workflow code and reused beyond the intended deployment.; CICD-OIDC-REPLAY-OR-FAIL-OPEN: An expired replayed malformed or unevaluable token is accepted or an exchange failure is interpreted as a clean skipped deployment check.,fork owner namespace squatter malicious organization repository or trust-policy maintainer using a convenience wildcard,a valid GitHub-issued token from a different workload matches a broad cloud role trust condition,signature validity proves GitHub issued the token but exact stable identity and audience decide whether this particular workload is authorized,controls/cicd-security/audience-bound-oidc-federation/secure/workflow.yml; controls/cicd-security/audience-bound-oidc-federation/secure/policy.json; controls/cicd-security/audience-bound-oidc-federation/secure/token.jwt; controls/cicd-security/audience-bound-oidc-federation/secure/trust/oidc-public.pem; controls/cicd-security/audience-bound-oidc-federation/secure/secret-inventory.json; controls/cicd-security/audience-bound-oidc-federation/secure/replay-state.json; controls/cicd-security/audience-bound-oidc-federation/secure/credential-receipt.json,exact issuer audience immutable-ID subject repository repository ID owner ID and protected environment with no wildcard,ci-platform,cloud-oidc-trust-policy; github-repository-identity,automated,make verify-control CONTROL=PSB-CICD-006,wrong audience repository stable ID environment and wildcard policy values are rejected,exact trust-policy fixture; signed wrong-audience and wrong-repository negative output,,,,,,,,github-security-guidance github/docs@b17436de8f10c3e7f6a185d6813bf94bc82d22f8 (2026-07-24) / GHAS-CONCEPT-OIDC / verifies / high; github-security-guidance github/docs@b17436de8f10c3e7f6a185d6813bf94bc82d22f8 (2026-07-24) / GHAS-REF-OIDC / verifies / high,reviewed,The first slice is a provider-neutral offline contract and does not validate AWS Azure GCP or another provider-specific trust-policy syntax or live configuration.; Production validation must use issuer discovery and rotating JWKS with authenticated transport while the committed public key is synthetic test material only.; Repository and environment secret inventory and GitHub Environment protection require separately collected current API evidence.; The static JSON replay fixture demonstrates the decision contract but production single-use enforcement requires an atomic durable provider-side ledger.; A malicious step in the approved deploy job can still steal the OIDC or exchanged credential during its short lifetime so build separation egress restriction and runtime monitoring remain necessary.; Provider claim support minimum credential TTL session cleanup and audit fields vary and require a reviewed provider adapter.; Package registry Trusted Publishing is a separate future adoption profile and is not covered by this cloud deployment control.,,,,,,,
PSB-CICD-006,PSB-CICD-006-OIDC-003,cicd-security,Enforce audience-bound cloud OIDC federation,controls/cicd-security/audience-bound-oidc-federation/README.md,署名済みGitHub ActionsワークロードIDを不変かつ厳密なOIDCクレームと照合し、保存済みクラウド鍵を使わず、対象リソースに限定した短期認証情報だけを発行する。,Deploy context and reusable workflow identity are immutable and exact,prevent; verify,CICD-OIDC-OVERBROAD-TRUST: A valid token from a fork pull request different repository or mutable reusable workflow matches an organization-wide cloud trust policy and obtains deployment authority.; CICD-OIDC-CREDENTIAL-EXPOSURE: Long-lived stored cloud keys or an overbroad exchanged credential are stolen by compromised workflow code and reused beyond the intended deployment.; CICD-OIDC-REPLAY-OR-FAIL-OPEN: An expired replayed malformed or unevaluable token is accepted or an exchange failure is interpreted as a clean skipped deployment check.,pull-request contributor compromised caller or maintainer replacing a branch-referenced reusable workflow,unreviewed code reaches the same cloud role through a PR ref another workflow or a reusable workflow changed after trust review,repository trust alone does not distinguish trusted deployment code from other workflows and events within the repository,controls/cicd-security/audience-bound-oidc-federation/secure/workflow.yml; controls/cicd-security/audience-bound-oidc-federation/secure/policy.json; controls/cicd-security/audience-bound-oidc-federation/secure/token.jwt; controls/cicd-security/audience-bound-oidc-federation/secure/trust/oidc-public.pem; controls/cicd-security/audience-bound-oidc-federation/secure/secret-inventory.json; controls/cicd-security/audience-bound-oidc-federation/secure/replay-state.json; controls/cicd-security/audience-bound-oidc-federation/secure/credential-receipt.json,exact trusted branch push event caller workflow source commit hosted runner and full-SHA reusable workflow,ci-platform,github-actions-deploy-context; reusable-workflow,automated,make verify-control CONTROL=PSB-CICD-006,fork PR mutable reusable workflow non-push wrong ref and workflow identity cases are rejected,signed fork and mutable-workflow fixtures; sanitized verifier output,,,,,,,,github-security-guidance github/docs@b17436de8f10c3e7f6a185d6813bf94bc82d22f8 (2026-07-24) / GHAS-REF-OIDC / verifies / high,reviewed,The first slice is a provider-neutral offline contract and does not validate AWS Azure GCP or another provider-specific trust-policy syntax or live configuration.; Production validation must use issuer discovery and rotating JWKS with authenticated transport while the committed public key is synthetic test material only.; Repository and environment secret inventory and GitHub Environment protection require separately collected current API evidence.; The static JSON replay fixture demonstrates the decision contract but production single-use enforcement requires an atomic durable provider-side ledger.; A malicious step in the approved deploy job can still steal the OIDC or exchanged credential during its short lifetime so build separation egress restriction and runtime monitoring remain necessary.; Provider claim support minimum credential TTL session cleanup and audit fields vary and require a reviewed provider adapter.; Package registry Trusted Publishing is a separate future adoption profile and is not covered by this cloud deployment control.,,,,,,,
PSB-CICD-006,PSB-CICD-006-OIDC-004,cicd-security,Enforce audience-bound cloud OIDC federation,controls/cicd-security/audience-bound-oidc-federation/README.md,署名済みGitHub ActionsワークロードIDを不変かつ厳密なOIDCクレームと照合し、保存済みクラウド鍵を使わず、対象リソースに限定した短期認証情報だけを発行する。,OIDC token is current short lived and single use,prevent; verify,CICD-OIDC-OVERBROAD-TRUST: A valid token from a fork pull request different repository or mutable reusable workflow matches an organization-wide cloud trust policy and obtains deployment authority.; CICD-OIDC-CREDENTIAL-EXPOSURE: Long-lived stored cloud keys or an overbroad exchanged credential are stolen by compromised workflow code and reused beyond the intended deployment.; CICD-OIDC-REPLAY-OR-FAIL-OPEN: An expired replayed malformed or unevaluable token is accepted or an exchange failure is interpreted as a clean skipped deployment check.,attacker replaying a token captured from logs runner memory network telemetry or a compromised step,a previously issued or expired token remains exchangeable after its intended job and decision window,short lifetime limits exposure duration while atomic single-use enforcement addresses replay inside that remaining window,controls/cicd-security/audience-bound-oidc-federation/secure/workflow.yml; controls/cicd-security/audience-bound-oidc-federation/secure/policy.json; controls/cicd-security/audience-bound-oidc-federation/secure/token.jwt; controls/cicd-security/audience-bound-oidc-federation/secure/trust/oidc-public.pem; controls/cicd-security/audience-bound-oidc-federation/secure/secret-inventory.json; controls/cicd-security/audience-bound-oidc-federation/secure/replay-state.json; controls/cicd-security/audience-bound-oidc-federation/secure/credential-receipt.json,valid nbf iat exp maximum 10-minute lifetime freshness window and previously unused JTI,ci-platform,github-actions-oidc-jwt; replay-ledger,automated,make verify-control CONTROL=PSB-CICD-006,current unused token passes while expired stale future and consumed JTI cases are rejected,signed expired-token fixture; replay-state negative output,,,,,,,,github-security-guidance github/docs@b17436de8f10c3e7f6a185d6813bf94bc82d22f8 (2026-07-24) / GHAS-CONCEPT-OIDC / verifies / high; github-security-guidance github/docs@b17436de8f10c3e7f6a185d6813bf94bc82d22f8 (2026-07-24) / GHAS-REF-OIDC / verifies / high,reviewed,The first slice is a provider-neutral offline contract and does not validate AWS Azure GCP or another provider-specific trust-policy syntax or live configuration.; Production validation must use issuer discovery and rotating JWKS with authenticated transport while the committed public key is synthetic test material only.; Repository and environment secret inventory and GitHub Environment protection require separately collected current API evidence.; The static JSON replay fixture demonstrates the decision contract but production single-use enforcement requires an atomic durable provider-side ledger.; A malicious step in the approved deploy job can still steal the OIDC or exchanged credential during its short lifetime so build separation egress restriction and runtime monitoring remain necessary.; Provider claim support minimum credential TTL session cleanup and audit fields vary and require a reviewed provider adapter.; Package registry Trusted Publishing is a separate future adoption profile and is not covered by this cloud deployment control.,,,,,,,
PSB-CICD-006,PSB-CICD-006-OIDC-005,cicd-security,Enforce audience-bound cloud OIDC federation,controls/cicd-security/audience-bound-oidc-federation/README.md,署名済みGitHub ActionsワークロードIDを不変かつ厳密なOIDCクレームと照合し、保存済みクラウド鍵を使わず、対象リソースに限定した短期認証情報だけを発行する。,Token issuance is isolated to the protected exchange job,prevent; verify,CICD-OIDC-OVERBROAD-TRUST: A valid token from a fork pull request different repository or mutable reusable workflow matches an organization-wide cloud trust policy and obtains deployment authority.; CICD-OIDC-CREDENTIAL-EXPOSURE: Long-lived stored cloud keys or an overbroad exchanged credential are stolen by compromised workflow code and reused beyond the intended deployment.; CICD-OIDC-REPLAY-OR-FAIL-OPEN: An expired replayed malformed or unevaluable token is accepted or an exchange failure is interpreted as a clean skipped deployment check.,compromised test dependency pull-request code or maintainer granting OIDC permission at workflow scope,code outside the reviewed exchange job requests a valid JWT and exchanges it against the cloud role,exact cloud claims reduce who can exchange tokens while job isolation reduces which executed code can obtain one in the first place,controls/cicd-security/audience-bound-oidc-federation/secure/workflow.yml; controls/cicd-security/audience-bound-oidc-federation/secure/policy.json; controls/cicd-security/audience-bound-oidc-federation/secure/token.jwt; controls/cicd-security/audience-bound-oidc-federation/secure/trust/oidc-public.pem; controls/cicd-security/audience-bound-oidc-federation/secure/secret-inventory.json; controls/cicd-security/audience-bound-oidc-federation/secure/replay-state.json; controls/cicd-security/audience-bound-oidc-federation/secure/credential-receipt.json,workflow deny-all and exact contents read plus id-token write only on the trusted-ref protected-environment deploy job,repository-admin,github-actions-workflow; protected-deploy-job; github-environment,hybrid,make verify-control CONTROL=PSB-CICD-006 and review GitHub Environment protection through repository evidence,broad defaults multiple id-token jobs missing ref guard missing environment and wrong audience request are rejected,workflow verifier output; GitHub Environment protection evidence,,,,,,,,github-security-guidance github/docs@b17436de8f10c3e7f6a185d6813bf94bc82d22f8 (2026-07-24) / GHAS-REF-OIDC / verifies / high; openssf-osps-baseline 2026.02.19 / OSPS-AC-04.02 / supports / high,reviewed,The first slice is a provider-neutral offline contract and does not validate AWS Azure GCP or another provider-specific trust-policy syntax or live configuration.; Production validation must use issuer discovery and rotating JWKS with authenticated transport while the committed public key is synthetic test material only.; Repository and environment secret inventory and GitHub Environment protection require separately collected current API evidence.; The static JSON replay fixture demonstrates the decision contract but production single-use enforcement requires an atomic durable provider-side ledger.; A malicious step in the approved deploy job can still steal the OIDC or exchanged credential during its short lifetime so build separation egress restriction and runtime monitoring remain necessary.; Provider claim support minimum credential TTL session cleanup and audit fields vary and require a reviewed provider adapter.; Package registry Trusted Publishing is a separate future adoption profile and is not covered by this cloud deployment control.,,,,,,,
PSB-CICD-006,PSB-CICD-006-OIDC-006,cicd-security,Enforce audience-bound cloud OIDC federation,controls/cicd-security/audience-bound-oidc-federation/README.md,署名済みGitHub ActionsワークロードIDを不変かつ厳密なOIDCクレームと照合し、保存済みクラウド鍵を使わず、対象リソースに限定した短期認証情報だけを発行する。,Stored cloud credentials are absent,prevent; verify,CICD-OIDC-OVERBROAD-TRUST: A valid token from a fork pull request different repository or mutable reusable workflow matches an organization-wide cloud trust policy and obtains deployment authority.; CICD-OIDC-CREDENTIAL-EXPOSURE: Long-lived stored cloud keys or an overbroad exchanged credential are stolen by compromised workflow code and reused beyond the intended deployment.; CICD-OIDC-REPLAY-OR-FAIL-OPEN: An expired replayed malformed or unevaluable token is accepted or an exchange failure is interpreted as a clean skipped deployment check.,compromised Action malicious step repository maintainer or attacker reading accidentally exposed workflow configuration,a long-lived cloud key remains available after OIDC adoption and can be stolen and reused independently of exact token claims,OIDC reduces durable credential risk only when legacy keys and fallback secrets are actually removed,controls/cicd-security/audience-bound-oidc-federation/secure/workflow.yml; controls/cicd-security/audience-bound-oidc-federation/secure/policy.json; controls/cicd-security/audience-bound-oidc-federation/secure/token.jwt; controls/cicd-security/audience-bound-oidc-federation/secure/trust/oidc-public.pem; controls/cicd-security/audience-bound-oidc-federation/secure/secret-inventory.json; controls/cicd-security/audience-bound-oidc-federation/secure/replay-state.json; controls/cicd-security/audience-bound-oidc-federation/secure/credential-receipt.json,workflow and fresh complete repository secret inventory contain no static AWS Azure GCP or generic cloud credential,repository-admin,github-actions-secret; workflow-environment,hybrid,make verify-control CONTROL=PSB-CICD-006 and collect a current repository and environment secret-name inventory,recognized static cloud credential names are findings while unavailable or stale inventory is an error,sanitized secret-name inventory; workflow scan output,,,,,,,,github-security-guidance github/docs@b17436de8f10c3e7f6a185d6813bf94bc82d22f8 (2026-07-24) / GHAS-CONCEPT-OIDC / verifies / high; mitre-attack v19.1 / T1552.001 / mitigates / medium,reviewed,The first slice is a provider-neutral offline contract and does not validate AWS Azure GCP or another provider-specific trust-policy syntax or live configuration.; Production validation must use issuer discovery and rotating JWKS with authenticated transport while the committed public key is synthetic test material only.; Repository and environment secret inventory and GitHub Environment protection require separately collected current API evidence.; The static JSON replay fixture demonstrates the decision contract but production single-use enforcement requires an atomic durable provider-side ledger.; A malicious step in the approved deploy job can still steal the OIDC or exchanged credential during its short lifetime so build separation egress restriction and runtime monitoring remain necessary.; Provider claim support minimum credential TTL session cleanup and audit fields vary and require a reviewed provider adapter.; Package registry Trusted Publishing is a separate future adoption profile and is not covered by this cloud deployment control.,,,,,,,
PSB-CICD-006,PSB-CICD-006-OIDC-007,cicd-security,Enforce audience-bound cloud OIDC federation,controls/cicd-security/audience-bound-oidc-federation/README.md,署名済みGitHub ActionsワークロードIDを不変かつ厳密なOIDCクレームと照合し、保存済みクラウド鍵を使わず、対象リソースに限定した短期認証情報だけを発行する。,Exchanged cloud credential is short lived and least privilege,prevent; verify,CICD-OIDC-OVERBROAD-TRUST: A valid token from a fork pull request different repository or mutable reusable workflow matches an organization-wide cloud trust policy and obtains deployment authority.; CICD-OIDC-CREDENTIAL-EXPOSURE: Long-lived stored cloud keys or an overbroad exchanged credential are stolen by compromised workflow code and reused beyond the intended deployment.; CICD-OIDC-REPLAY-OR-FAIL-OPEN: An expired replayed malformed or unevaluable token is accepted or an exchange failure is interpreted as a clean skipped deployment check.,compromised deploy step or cloud IAM maintainer assigning administrator or wildcard permissions for convenience,a correctly authenticated workload receives authority that can modify unrelated resources or remains useful long after deployment,strong workload authentication cannot compensate for an overprivileged or long-lived authorization decision downstream,controls/cicd-security/audience-bound-oidc-federation/secure/workflow.yml; controls/cicd-security/audience-bound-oidc-federation/secure/policy.json; controls/cicd-security/audience-bound-oidc-federation/secure/token.jwt; controls/cicd-security/audience-bound-oidc-federation/secure/trust/oidc-public.pem; controls/cicd-security/audience-bound-oidc-federation/secure/secret-inventory.json; controls/cicd-security/audience-bound-oidc-federation/secure/replay-state.json; controls/cicd-security/audience-bound-oidc-federation/secure/credential-receipt.json,successful exchange receipt bound to token JTI audience subject policy revision exact role action resource and maximum 15-minute TTL,ci-platform,cloud-temporary-credential; cloud-iam-role; deployment-resource,hybrid,make verify-control CONTROL=PSB-CICD-006 and compare the provider role policy and audit event with the receipt contract,wildcard action resource TTL over 15 minutes binding mismatch credential material and denied exchange are rejected,sanitized exchange receipt; provider role and audit evidence,,,,,,,,github-security-guidance github/docs@b17436de8f10c3e7f6a185d6813bf94bc82d22f8 (2026-07-24) / GHAS-CONCEPT-OIDC / verifies / high; openssf-osps-baseline 2026.02.19 / OSPS-AC-04.02 / supports / high,reviewed,The first slice is a provider-neutral offline contract and does not validate AWS Azure GCP or another provider-specific trust-policy syntax or live configuration.; Production validation must use issuer discovery and rotating JWKS with authenticated transport while the committed public key is synthetic test material only.; Repository and environment secret inventory and GitHub Environment protection require separately collected current API evidence.; The static JSON replay fixture demonstrates the decision contract but production single-use enforcement requires an atomic durable provider-side ledger.; A malicious step in the approved deploy job can still steal the OIDC or exchanged credential during its short lifetime so build separation egress restriction and runtime monitoring remain necessary.; Provider claim support minimum credential TTL session cleanup and audit fields vary and require a reviewed provider adapter.; Package registry Trusted Publishing is a separate future adoption profile and is not covered by this cloud deployment control.,,,,,,,
PSB-CICD-006,PSB-CICD-006-OIDC-008,cicd-security,Enforce audience-bound cloud OIDC federation,controls/cicd-security/audience-bound-oidc-federation/README.md,署名済みGitHub ActionsワークロードIDを不変かつ厳密なOIDCクレームと照合し、保存済みクラウド鍵を使わず、対象リソースに限定した短期認証情報だけを発行する。,Federation verification fails closed,prevent; verify,CICD-OIDC-OVERBROAD-TRUST: A valid token from a fork pull request different repository or mutable reusable workflow matches an organization-wide cloud trust policy and obtains deployment authority.; CICD-OIDC-CREDENTIAL-EXPOSURE: Long-lived stored cloud keys or an overbroad exchanged credential are stolen by compromised workflow code and reused beyond the intended deployment.; CICD-OIDC-REPLAY-OR-FAIL-OPEN: An expired replayed malformed or unevaluable token is accepted or an exchange failure is interpreted as a clean skipped deployment check.,verifier outage malformed evidence stale secret inventory or pipeline logic treating skipped exchange as success,the deployment proceeds or records clean evidence even though identity trust or issuance could not be evaluated,an explicit error state prevents telemetry and verifier failure from silently bypassing the cloud identity gate,controls/cicd-security/audience-bound-oidc-federation/secure/workflow.yml; controls/cicd-security/audience-bound-oidc-federation/secure/policy.json; controls/cicd-security/audience-bound-oidc-federation/secure/token.jwt; controls/cicd-security/audience-bound-oidc-federation/secure/trust/oidc-public.pem; controls/cicd-security/audience-bound-oidc-federation/secure/secret-inventory.json; controls/cicd-security/audience-bound-oidc-federation/secure/replay-state.json; controls/cicd-security/audience-bound-oidc-federation/secure/credential-receipt.json,malformed missing stale incomplete or cryptographically unevaluable input returns error and denied exchange returns a finding,ci-platform,oidc-federation-verifier; deployment-quality-gate,automated,make verify-control CONTROL=PSB-CICD-006,unavailable OpenSSL and incomplete inventory return exit 2 while denied exchange returns exit 1,negative-test output,,,,,,,,UNMAPPED — framework review required,unmapped,The first slice is a provider-neutral offline contract and does not validate AWS Azure GCP or another provider-specific trust-policy syntax or live configuration.; Production validation must use issuer discovery and rotating JWKS with authenticated transport while the committed public key is synthetic test material only.; Repository and environment secret inventory and GitHub Environment protection require separately collected current API evidence.; The static JSON replay fixture demonstrates the decision contract but production single-use enforcement requires an atomic durable provider-side ledger.; A malicious step in the approved deploy job can still steal the OIDC or exchanged credential during its short lifetime so build separation egress restriction and runtime monitoring remain necessary.; Provider claim support minimum credential TTL session cleanup and audit fields vary and require a reviewed provider adapter.; Package registry Trusted Publishing is a separate future adoption profile and is not covered by this cloud deployment control.,,,,,,,
PSB-CICD-007,PSB-CICD-007-RNR-001,cicd-security,CI runnerをjobごとに隔離し使用後に破棄する,controls/cicd-security/runner-hardening/README.md,GitHub-hostedまたはmanaged ephemeral runnerを既定とし、必要なself-hosted runnerを限定groupのJIT one-job fresh computeとして隔離・破棄する。,Trust class routes to an exact runner configuration,prevent; detect; verify,CICD-RUNNER-PERSISTENCE: Malicious job or implanted runner image leaves processes workspace state or tooling that affects a later job.; CICD-RUNNER-HOST-CREDENTIAL-ACCESS: Job code reaches host credentials cloud metadata runtime sockets or management services outside the intended CI boundary.; CICD-RUNNER-MANAGEMENT-COMPROMISE: Reusable registration authority broad runner groups or interactive ingress lets an attacker register control or persist on a runner.,malicious fork contributor or compromised workflow selecting an organization-controlled runner,untrusted code runs on a self-hosted runner or a wildcard group repository workflow or event bypasses the reviewed runner boundary,exact routing keeps attacker-controlled jobs away from organization assets and prevents an overly broad runner group from silently expanding trust,controls/cicd-security/runner-hardening/secure/github-hosted.yml; controls/cicd-security/runner-hardening/secure/takumi-runner.yml; controls/cicd-security/runner-hardening/secure/self-hosted-jit.yml; controls/cicd-security/runner-hardening/docs/ADOPTION.md,untrusted jobs use reviewed hosted runners and self-hosted configurations use exact trusted repository and workflow scope,ci-platform,ci-job-dispatch; runner-group; workflow-identity,external-evidence,compare the current workflow revision and live dispatch with provider runner-group repository and workflow settings,every dispatch matches one approved runner configuration and no untrusted job uses organization-controlled self-hosted infrastructure,workflow revision and run link; current runner-group access export or read-only view; current selected repository and workflow scope,,,,,,,,github-security-guidance github/docs@b17436de8f10c3e7f6a185d6813bf94bc82d22f8 (2026-07-24) / GHAS-CONCEPT-COMPROMISED-RUNNERS / mitigates / high; github-security-guidance github/docs@b17436de8f10c3e7f6a185d6813bf94bc82d22f8 (2026-07-24) / GHAS-REF-SECURE-USE / verifies / high; openssf-osps-baseline 2026.02.19 / OSPS-BR-01.03 / supports / medium,reviewed,Workflow examples and marker self-tests do not attest live organization adoption provider tenant isolation or physical storage erasure.; GitHub-hosted and managed runner VM lifecycle remain provider-owned assurance boundaries that require contract and current documentation review.; Organization-owned JIT runners require provider-specific provision network log and destruction implementation that this provider-neutral package does not automate.; Job-internal credentials privilege application egress sandbox and runtime threat detection remain PSB-BUILD-001.; Workflow trust classification and untrusted pull-request event semantics remain PSB-CICD-005.; CI service control-plane compromise shared cache and artifact poisoning and provider availability are not verified.; External logs and managed trace data still require masking access control retention and vendor data-processing review.,,,,,,,
PSB-CICD-007,PSB-CICD-007-RNR-002,cicd-security,CI runnerをjobごとに隔離し使用後に破棄する,controls/cicd-security/runner-hardening/README.md,GitHub-hostedまたはmanaged ephemeral runnerを既定とし、必要なself-hosted runnerを限定groupのJIT one-job fresh computeとして隔離・破棄する。,Ephemeral runner accepts exactly one job on fresh compute,prevent; detect; verify,CICD-RUNNER-PERSISTENCE: Malicious job or implanted runner image leaves processes workspace state or tooling that affects a later job.; CICD-RUNNER-HOST-CREDENTIAL-ACCESS: Job code reaches host credentials cloud metadata runtime sockets or management services outside the intended CI boundary.; CICD-RUNNER-MANAGEMENT-COMPROMISE: Reusable registration authority broad runner groups or interactive ingress lets an attacker register control or persist on a runner.,malicious job persisting code state or processes for a later trusted job,a registered runner or its underlying machine is reused and attacker changes survive into a second job,one-job fresh-compute lifecycle removes the cross-job persistence channel that token minimization cannot address,controls/cicd-security/runner-hardening/secure/github-hosted.yml; controls/cicd-security/runner-hardening/secure/takumi-runner.yml; controls/cicd-security/runner-hardening/secure/self-hosted-jit.yml; controls/cicd-security/runner-hardening/docs/ADOPTION.md,each managed or self-hosted ephemeral job uses one JIT runner and one fresh compute generation that is never returned to a reusable pool,ci-platform,ephemeral-runner; runner-provisioner; underlying-compute,external-evidence,correlate two actual dispatches with distinct runner generations provider provision events and destruction events,each job has a separate clean compute generation and no completed generation returns to a runner pool,two GitHub job and runner identities; provider provision events; exact-generation destruction events,,,,,,,,"github-security-guidance github/docs@b17436de8f10c3e7f6a185d6813bf94bc82d22f8 (2026-07-24) / GHAS-CONCEPT-COMPROMISED-RUNNERS / mitigates / high; github-security-guidance github/docs@b17436de8f10c3e7f6a185d6813bf94bc82d22f8 (2026-07-24) / GHAS-REF-SECURE-USE / verifies / high; nist-ssdf 1.1 (SP 800-218, 2022) / PW.6.1 / supports / medium; openssf-osps-baseline 2026.02.19 / OSPS-BR-01.03 / supports / medium",reviewed,Workflow examples and marker self-tests do not attest live organization adoption provider tenant isolation or physical storage erasure.; GitHub-hosted and managed runner VM lifecycle remain provider-owned assurance boundaries that require contract and current documentation review.; Organization-owned JIT runners require provider-specific provision network log and destruction implementation that this provider-neutral package does not automate.; Job-internal credentials privilege application egress sandbox and runtime threat detection remain PSB-BUILD-001.; Workflow trust classification and untrusted pull-request event semantics remain PSB-CICD-005.; CI service control-plane compromise shared cache and artifact poisoning and provider availability are not verified.; External logs and managed trace data still require masking access control retention and vendor data-processing review.,,,,,,,
PSB-CICD-007,PSB-CICD-007-RNR-003,cicd-security,CI runnerをjobごとに隔離し使用後に破棄する,controls/cicd-security/runner-hardening/README.md,GitHub-hostedまたはmanaged ephemeral runnerを既定とし、必要なself-hosted runnerを限定groupのJIT one-job fresh computeとして隔離・破棄する。,Runner starts from a reviewed current image,prevent; detect; verify,CICD-RUNNER-PERSISTENCE: Malicious job or implanted runner image leaves processes workspace state or tooling that affects a later job.; CICD-RUNNER-HOST-CREDENTIAL-ACCESS: Job code reaches host credentials cloud metadata runtime sockets or management services outside the intended CI boundary.; CICD-RUNNER-MANAGEMENT-COMPROMISE: Reusable registration authority broad runner groups or interactive ingress lets an attacker register control or persist on a runner.,supply-chain attacker or operator introducing a modified stale or mutable runner image,an implanted image or in-place update executes before job controls and persists outside review,reviewed image identity and replacement make runner contents accountable and prevent a mutable host from becoming the hidden deployment artifact,controls/cicd-security/runner-hardening/secure/github-hosted.yml; controls/cicd-security/runner-hardening/secure/takumi-runner.yml; controls/cicd-security/runner-hardening/secure/self-hosted-jit.yml; controls/cicd-security/runner-hardening/docs/ADOPTION.md,managed provider image contract or exact self-hosted image digest with verified provenance supported runner version and replacement updates,ci-platform,runner-image; runner-binary,external-evidence,review the current managed image contract or verify the self-hosted image digest provenance and runner support decision,managed images follow the approved current contract and self-hosted images are immutable verified supported and replaced for updates,provider image documentation or release identity; self-hosted image digest when applicable; provenance verification and runner version decision when applicable,,,,,,,,"nist-ssdf 1.1 (SP 800-218, 2022) / PW.6.1 / supports / medium",reviewed,Workflow examples and marker self-tests do not attest live organization adoption provider tenant isolation or physical storage erasure.; GitHub-hosted and managed runner VM lifecycle remain provider-owned assurance boundaries that require contract and current documentation review.; Organization-owned JIT runners require provider-specific provision network log and destruction implementation that this provider-neutral package does not automate.; Job-internal credentials privilege application egress sandbox and runtime threat detection remain PSB-BUILD-001.; Workflow trust classification and untrusted pull-request event semantics remain PSB-CICD-005.; CI service control-plane compromise shared cache and artifact poisoning and provider availability are not verified.; External logs and managed trace data still require masking access control retention and vendor data-processing review.,,,,,,,
PSB-CICD-007,PSB-CICD-007-RNR-004,cicd-security,CI runnerをjobごとに隔離し使用後に破棄する,controls/cicd-security/runner-hardening/README.md,GitHub-hostedまたはmanaged ephemeral runnerを既定とし、必要なself-hosted runnerを限定groupのJIT one-job fresh computeとして隔離・破棄する。,Runner starts without prior-job or host credential state,prevent; detect; verify,CICD-RUNNER-PERSISTENCE: Malicious job or implanted runner image leaves processes workspace state or tooling that affects a later job.; CICD-RUNNER-HOST-CREDENTIAL-ACCESS: Job code reaches host credentials cloud metadata runtime sockets or management services outside the intended CI boundary.; CICD-RUNNER-MANAGEMENT-COMPROMISE: Reusable registration authority broad runner groups or interactive ingress lets an attacker register control or persist on a runner.,prior malicious job compromised image or accidental credential provisioning,current job reads residual files processes or host identities that were not intentionally granted to it,startup observation proves isolation exists at job assignment time instead of relying only on an intended image configuration,controls/cicd-security/runner-hardening/secure/github-hosted.yml; controls/cicd-security/runner-hardening/secure/takumi-runner.yml; controls/cicd-security/runner-hardening/secure/self-hosted-jit.yml; controls/cicd-security/runner-hardening/docs/ADOPTION.md,clean workspace no previous job foreign process host credential cloud credential or SSH key,ci-platform,runner-startup-state; runner-workspace; host-credential-store,external-evidence,run the harmless marker workflow twice and inspect the actual startup observation for the same runner generation,both positive runs are clean and no prior job marker foreign process or host credential is present,two workflow run links and sanitized marker results; sanitized startup observation for self-hosted configurations,,,,,,,,"github-security-guidance github/docs@b17436de8f10c3e7f6a185d6813bf94bc82d22f8 (2026-07-24) / GHAS-CONCEPT-COMPROMISED-RUNNERS / mitigates / high; nist-ssdf 1.1 (SP 800-218, 2022) / PW.6.1 / supports / medium; openssf-osps-baseline 2026.02.19 / OSPS-BR-01.03 / supports / medium",reviewed,Workflow examples and marker self-tests do not attest live organization adoption provider tenant isolation or physical storage erasure.; GitHub-hosted and managed runner VM lifecycle remain provider-owned assurance boundaries that require contract and current documentation review.; Organization-owned JIT runners require provider-specific provision network log and destruction implementation that this provider-neutral package does not automate.; Job-internal credentials privilege application egress sandbox and runtime threat detection remain PSB-BUILD-001.; Workflow trust classification and untrusted pull-request event semantics remain PSB-CICD-005.; CI service control-plane compromise shared cache and artifact poisoning and provider availability are not verified.; External logs and managed trace data still require masking access control retention and vendor data-processing review.,,,,,,,
PSB-CICD-007,PSB-CICD-007-RNR-005,cicd-security,CI runnerをjobごとに隔離し使用後に破棄する,controls/cicd-security/runner-hardening/README.md,GitHub-hostedまたはmanaged ephemeral runnerを既定とし、必要なself-hosted runnerを限定groupのJIT one-job fresh computeとして隔離・破棄する。,Runner cannot reach host or management identities,prevent; detect; verify,CICD-RUNNER-PERSISTENCE: Malicious job or implanted runner image leaves processes workspace state or tooling that affects a later job.; CICD-RUNNER-HOST-CREDENTIAL-ACCESS: Job code reaches host credentials cloud metadata runtime sockets or management services outside the intended CI boundary.; CICD-RUNNER-MANAGEMENT-COMPROMISE: Reusable registration authority broad runner groups or interactive ingress lets an attacker register control or persist on a runner.,malicious dependency workflow or test executing inside a runner job,job code obtains cloud identity from metadata escapes through a host socket or laterally moves to a management service,host-level denial prevents job compromise from inheriting infrastructure authority even when application-level egress controls are incomplete,controls/cicd-security/runner-hardening/secure/github-hosted.yml; controls/cicd-security/runner-hardening/secure/takumi-runner.yml; controls/cicd-security/runner-hardening/secure/self-hosted-jit.yml; controls/cicd-security/runner-hardening/docs/ADOPTION.md,default-deny boundary blocks metadata IPv4 and IPv6 management networks internal networks and host runtime sockets,security,runner-network; cloud-metadata-endpoint; management-network; host-runtime-socket,external-evidence,execute adopter-defined response-suppressing probes from the live runner namespace and review the effective boundary,all approved metadata management internal network and host socket probes are denied without collecting response bodies,sanitized live deny results; effective runner network and host policy revision,,,,,,,,"github-security-guidance github/docs@b17436de8f10c3e7f6a185d6813bf94bc82d22f8 (2026-07-24) / GHAS-CONCEPT-COMPROMISED-RUNNERS / mitigates / high; mitre-attack v19.1 / T1552.005 / mitigates / high; nist-ssdf 1.1 (SP 800-218, 2022) / PW.6.1 / supports / medium; openssf-osps-baseline 2026.02.19 / OSPS-BR-01.03 / supports / medium",reviewed,Workflow examples and marker self-tests do not attest live organization adoption provider tenant isolation or physical storage erasure.; GitHub-hosted and managed runner VM lifecycle remain provider-owned assurance boundaries that require contract and current documentation review.; Organization-owned JIT runners require provider-specific provision network log and destruction implementation that this provider-neutral package does not automate.; Job-internal credentials privilege application egress sandbox and runtime threat detection remain PSB-BUILD-001.; Workflow trust classification and untrusted pull-request event semantics remain PSB-CICD-005.; CI service control-plane compromise shared cache and artifact poisoning and provider availability are not verified.; External logs and managed trace data still require masking access control retention and vendor data-processing review.,,,,,,,
PSB-CICD-007,PSB-CICD-007-RNR-006,cicd-security,CI runnerをjobごとに隔離し使用後に破棄する,controls/cicd-security/runner-hardening/README.md,GitHub-hostedまたはmanaged ephemeral runnerを既定とし、必要なself-hosted runnerを限定groupのJIT one-job fresh computeとして隔離・破棄する。,Runner registration and management authority is bounded,prevent; detect; verify,CICD-RUNNER-PERSISTENCE: Malicious job or implanted runner image leaves processes workspace state or tooling that affects a later job.; CICD-RUNNER-HOST-CREDENTIAL-ACCESS: Job code reaches host credentials cloud metadata runtime sockets or management services outside the intended CI boundary.; CICD-RUNNER-MANAGEMENT-COMPROMISE: Reusable registration authority broad runner groups or interactive ingress lets an attacker register control or persist on a runner.,external attacker compromised operator account or leaked runner registration authority,attacker registers an unauthorized runner or uses SSH or another remote service to persist on an active runner,one-use registration and isolated break-glass access reduce the window and paths for unauthorized fleet membership or management takeover,controls/cicd-security/runner-hardening/secure/github-hosted.yml; controls/cicd-security/runner-hardening/secure/takumi-runner.yml; controls/cicd-security/runner-hardening/secure/self-hosted-jit.yml; controls/cicd-security/runner-hardening/docs/ADOPTION.md,no ordinary interactive ingress with separate break-glass and one-use unretained JIT registration authority,ci-platform,runner-registration; runner-management-plane; break-glass-access,external-evidence,inspect current JIT provision metadata runner group management ingress and break-glass approval path without retaining the encoded configuration,no reusable registration authority or ordinary interactive ingress exists and break-glass authority is separately approved and audited,sanitized JIT provision metadata; management network setting; break-glass approval path,,,,,,,,github-security-guidance github/docs@b17436de8f10c3e7f6a185d6813bf94bc82d22f8 (2026-07-24) / GHAS-REF-SECURE-USE / verifies / high; mitre-attack v19.1 / T1133 / mitigates / medium,reviewed,Workflow examples and marker self-tests do not attest live organization adoption provider tenant isolation or physical storage erasure.; GitHub-hosted and managed runner VM lifecycle remain provider-owned assurance boundaries that require contract and current documentation review.; Organization-owned JIT runners require provider-specific provision network log and destruction implementation that this provider-neutral package does not automate.; Job-internal credentials privilege application egress sandbox and runtime threat detection remain PSB-BUILD-001.; Workflow trust classification and untrusted pull-request event semantics remain PSB-CICD-005.; CI service control-plane compromise shared cache and artifact poisoning and provider availability are not verified.; External logs and managed trace data still require masking access control retention and vendor data-processing review.,,,,,,,
PSB-CICD-007,PSB-CICD-007-RNR-007,cicd-security,CI runnerをjobごとに隔離し使用後に破棄する,controls/cicd-security/runner-hardening/README.md,GitHub-hostedまたはmanaged ephemeral runnerを既定とし、必要なself-hosted runnerを限定groupのJIT one-job fresh computeとして隔離・破棄する。,Self-hosted runner is deregistered and destroyed after the job,prevent; detect; verify,CICD-RUNNER-PERSISTENCE: Malicious job or implanted runner image leaves processes workspace state or tooling that affects a later job.; CICD-RUNNER-HOST-CREDENTIAL-ACCESS: Job code reaches host credentials cloud metadata runtime sockets or management services outside the intended CI boundary.; CICD-RUNNER-MANAGEMENT-COMPROMISE: Reusable registration authority broad runner groups or interactive ingress lets an attacker register control or persist on a runner.,malicious job attempting persistence or a provisioner teardown failure,job finishes but the runner remains registered reachable or retains recoverable workspace and process state,verified teardown closes persistence after execution and makes one-job lifecycle an observed property rather than a configuration claim,controls/cicd-security/runner-hardening/secure/github-hosted.yml; controls/cicd-security/runner-hardening/secure/takumi-runner.yml; controls/cicd-security/runner-hardening/secure/self-hosted-jit.yml; controls/cicd-security/runner-hardening/docs/ADOPTION.md,exact-generation provider events prove deregistration compute destruction workspace disposal storage destruction and process termination within the adopted time limit,ci-platform,runner-teardown; ephemeral-compute; ephemeral-storage,external-evidence,correlate actual job completion GitHub deregistration and provider compute and storage deletion by exact runner generation,the exact generation is removed from GitHub and destroyed by the compute provider within the adopted limit,GitHub deregistration event or read-only absence; compute and storage destruction events; job to runner generation correlation,,,,,,,,"github-security-guidance github/docs@b17436de8f10c3e7f6a185d6813bf94bc82d22f8 (2026-07-24) / GHAS-CONCEPT-COMPROMISED-RUNNERS / mitigates / high; nist-ssdf 1.1 (SP 800-218, 2022) / PW.6.1 / supports / medium; openssf-osps-baseline 2026.02.19 / OSPS-BR-01.03 / supports / medium",reviewed,Workflow examples and marker self-tests do not attest live organization adoption provider tenant isolation or physical storage erasure.; GitHub-hosted and managed runner VM lifecycle remain provider-owned assurance boundaries that require contract and current documentation review.; Organization-owned JIT runners require provider-specific provision network log and destruction implementation that this provider-neutral package does not automate.; Job-internal credentials privilege application egress sandbox and runtime threat detection remain PSB-BUILD-001.; Workflow trust classification and untrusted pull-request event semantics remain PSB-CICD-005.; CI service control-plane compromise shared cache and artifact poisoning and provider availability are not verified.; External logs and managed trace data still require masking access control retention and vendor data-processing review.,,,,,,,
PSB-CICD-007,PSB-CICD-007-RNR-008,cicd-security,CI runnerをjobごとに隔離し使用後に破棄する,controls/cicd-security/runner-hardening/README.md,GitHub-hostedまたはmanaged ephemeral runnerを既定とし、必要なself-hosted runnerを限定groupのJIT one-job fresh computeとして隔離・破棄する。,Runner security logs survive teardown with exact correlation,prevent; detect; verify,CICD-RUNNER-PERSISTENCE: Malicious job or implanted runner image leaves processes workspace state or tooling that affects a later job.; CICD-RUNNER-HOST-CREDENTIAL-ACCESS: Job code reaches host credentials cloud metadata runtime sockets or management services outside the intended CI boundary.; CICD-RUNNER-MANAGEMENT-COMPROMISE: Reusable registration authority broad runner groups or interactive ingress lets an attacker register control or persist on a runner.,malicious job hiding activity or a teardown sequence deleting the only local evidence,ephemeral runner is destroyed before process network registration and teardown evidence reaches an external system,external correlated logs retain detection and investigation evidence without weakening the ephemeral lifecycle,controls/cicd-security/runner-hardening/secure/github-hosted.yml; controls/cicd-security/runner-hardening/secure/takumi-runner.yml; controls/cicd-security/runner-hardening/secure/self-hosted-jit.yml; controls/cicd-security/runner-hardening/docs/ADOPTION.md,investigation logs exported outside the runner before destruction and correlated by job ID and runner generation,security,runner-security-log; log-exporter; incident-evidence,external-evidence,query the actual external backend for the completed job and runner generation after teardown,required diagnostic or trace records remain externally available with exact job and runner correlation,external log query result; log retention and access setting,,,,,,,,github-security-guidance github/docs@b17436de8f10c3e7f6a185d6813bf94bc82d22f8 (2026-07-24) / GHAS-REF-SECURE-USE / verifies / high,reviewed,Workflow examples and marker self-tests do not attest live organization adoption provider tenant isolation or physical storage erasure.; GitHub-hosted and managed runner VM lifecycle remain provider-owned assurance boundaries that require contract and current documentation review.; Organization-owned JIT runners require provider-specific provision network log and destruction implementation that this provider-neutral package does not automate.; Job-internal credentials privilege application egress sandbox and runtime threat detection remain PSB-BUILD-001.; Workflow trust classification and untrusted pull-request event semantics remain PSB-CICD-005.; CI service control-plane compromise shared cache and artifact poisoning and provider availability are not verified.; External logs and managed trace data still require masking access control retention and vendor data-processing review.,,,,,,,
PSB-CICD-007,PSB-CICD-007-RNR-009,cicd-security,CI runnerをjobごとに隔離し使用後に破棄する,controls/cicd-security/runner-hardening/README.md,GitHub-hostedまたはmanaged ephemeral runnerを既定とし、必要なself-hosted runnerを限定groupのJIT one-job fresh computeとして隔離・破棄する。,Live runner verification fails closed,prevent; detect; verify,CICD-RUNNER-PERSISTENCE: Malicious job or implanted runner image leaves processes workspace state or tooling that affects a later job.; CICD-RUNNER-HOST-CREDENTIAL-ACCESS: Job code reaches host credentials cloud metadata runtime sockets or management services outside the intended CI boundary.; CICD-RUNNER-MANAGEMENT-COMPROMISE: Reusable registration authority broad runner groups or interactive ingress lets an attacker register control or persist on a runner.,collector outage partial pagination stale provider state malformed response or credential accidentally copied into an evidence record,runner state cannot be evaluated safely but an unavailable or incomplete check is reported as satisfying the control or leaks authority,explicit ERROR and NOT_CHECKED states prevent missing evidence from becoming false assurance while keeping sensitive provider data out of the repository,controls/cicd-security/runner-hardening/secure/github-hosted.yml; controls/cicd-security/runner-hardening/secure/takumi-runner.yml; controls/cicd-security/runner-hardening/secure/self-hosted-jit.yml; controls/cicd-security/runner-hardening/docs/ADOPTION.md,current complete live evidence with distinct PASS FAIL NOT_CHECKED and ERROR outcomes and no credential-bearing evidence committed to the repository,ci-platform,runner-live-verification; provider-and-log-sources,external-evidence,exercise the adopted read-only verification failure path and review the recorded state when a required source is unavailable or incomplete,unavailable incomplete stale or permission-denied verification is ERROR or NOT_CHECKED never PASS and unsafe generations are not reused,actual error or not-checked result; assignment-stop or recovery record when applicable,,,,,,,,UNMAPPED — framework review required,unmapped,Workflow examples and marker self-tests do not attest live organization adoption provider tenant isolation or physical storage erasure.; GitHub-hosted and managed runner VM lifecycle remain provider-owned assurance boundaries that require contract and current documentation review.; Organization-owned JIT runners require provider-specific provision network log and destruction implementation that this provider-neutral package does not automate.; Job-internal credentials privilege application egress sandbox and runtime threat detection remain PSB-BUILD-001.; Workflow trust classification and untrusted pull-request event semantics remain PSB-CICD-005.; CI service control-plane compromise shared cache and artifact poisoning and provider availability are not verified.; External logs and managed trace data still require masking access control retention and vendor data-processing review.,,,,,,,
PSB-CICD-008,PSB-CICD-008-CPC-001,cicd-security,CI/CDの特権control-plane変更を本人・承認・監査証跡へ結合する,controls/cicd-security/privileged-control-plane-change/README.md,SCM、CI、cloud federation、registry、signing serviceの特権設定変更を、named administrator、phishing-resistant session、exact policy差分、独立承認、実行、provider audit eventへ結合する。,Privileged change actor is an attributable current human,prevent; detect; verify; govern,CICD-CONTROL-PLANE-ACCOUNT-COMPROMISE: A stolen or shared administrator session changes privileged software supply-chain configuration outside the reviewed pipeline.; CICD-CONTROL-PLANE-CHANGE-SUBSTITUTION: Approval or audit evidence is replayed for a different target request policy version or resulting configuration.; CICD-CONTROL-PLANE-EMERGENCY-BYPASS: An emergency path becomes a permanent unreviewed bypass or missing provider evidence is interpreted as a clean change.,external attacker using a phished administrator credential or an insider using a shared owner account,branch environment runner federation registry or signing policy changes cannot be attributed to one current authorized person,workflow least privilege does not protect provider settings when a broad or shared human administrator can change the trust boundary directly,controls/cicd-security/privileged-control-plane-change/secure/policy.json; controls/cicd-security/privileged-control-plane-change/secure/change-evidence.json; controls/cicd-security/privileged-control-plane-change/secure/github/audit-events.json; controls/cicd-security/privileged-control-plane-change/secure/github/identity-sessions.json; controls/cicd-security/privileged-control-plane-change/secure/github/change-register.json; controls/cicd-security/privileged-control-plane-change/secure/github/runner-groups.json; controls/cicd-security/privileged-control-plane-change/secure/github-scm/audit-events.json; controls/cicd-security/privileged-control-plane-change/secure/github-scm/identity-sessions.json; controls/cicd-security/privileged-control-plane-change/secure/github-scm/change-register.json; controls/cicd-security/privileged-control-plane-change/secure/github-scm/ruleset-snapshot.json; controls/cicd-security/privileged-control-plane-change/secure/github-org-scm/audit-events.json; controls/cicd-security/privileged-control-plane-change/secure/github-org-scm/identity-sessions.json; controls/cicd-security/privileged-control-plane-change/secure/github-org-scm/change-register.json; controls/cicd-security/privileged-control-plane-change/secure/github-org-scm/ruleset-snapshot.json; controls/cicd-security/privileged-control-plane-change/secure/github-tag-scm/audit-events.json; controls/cicd-security/privileged-control-plane-change/secure/github-tag-scm/identity-sessions.json; controls/cicd-security/privileged-control-plane-change/secure/github-tag-scm/change-register.json; controls/cicd-security/privileged-control-plane-change/secure/github-tag-scm/ruleset-snapshot.json; controls/cicd-security/privileged-control-plane-change/secure/github-push-scm/audit-events.json; controls/cicd-security/privileged-control-plane-change/secure/github-push-scm/identity-sessions.json; controls/cicd-security/privileged-control-plane-change/secure/github-push-scm/change-register.json; controls/cicd-security/privileged-control-plane-change/secure/github-push-scm/ruleset-snapshot.json; controls/cicd-security/privileged-control-plane-change/secure/github-push-scm/fork-network-snapshot.json; controls/cicd-security/privileged-control-plane-change/secure/github-legacy-branch-scm/audit-events.json; controls/cicd-security/privileged-control-plane-change/secure/github-legacy-branch-scm/identity-sessions.json; controls/cicd-security/privileged-control-plane-change/secure/github-legacy-branch-scm/change-register.json; controls/cicd-security/privileged-control-plane-change/secure/github-legacy-branch-scm/branch-protection-snapshot.json; controls/cicd-security/privileged-control-plane-change/secure/github-legacy-admin-branch-scm/audit-events.json; controls/cicd-security/privileged-control-plane-change/secure/github-legacy-admin-branch-scm/identity-sessions.json; controls/cicd-security/privileged-control-plane-change/secure/github-legacy-admin-branch-scm/change-register.json; controls/cicd-security/privileged-control-plane-change/secure/github-legacy-admin-branch-scm/branch-protection-snapshot.json; controls/cicd-security/privileged-control-plane-change/secure/github-legacy-codeowner-branch-scm/audit-events.json; controls/cicd-security/privileged-control-plane-change/secure/github-legacy-codeowner-branch-scm/identity-sessions.json; controls/cicd-security/privileged-control-plane-change/secure/github-legacy-codeowner-branch-scm/change-register.json; controls/cicd-security/privileged-control-plane-change/secure/github-legacy-codeowner-branch-scm/branch-protection-snapshot.json; controls/cicd-security/privileged-control-plane-change/secure/github-legacy-deletion-branch-scm/audit-events.json; controls/cicd-security/privileged-control-plane-change/secure/github-legacy-deletion-branch-scm/identity-sessions.json; controls/cicd-security/privileged-control-plane-change/secure/github-legacy-deletion-branch-scm/change-register.json; controls/cicd-security/privileged-control-plane-change/secure/github-legacy-deletion-branch-scm/branch-protection-snapshot.json; controls/cicd-security/privileged-control-plane-change/secure/aws/cloudtrail-events.json; controls/cicd-security/privileged-control-plane-change/secure/aws/identity-sessions.json; controls/cicd-security/privileged-control-plane-change/secure/aws/change-register.json; controls/cicd-security/privileged-control-plane-change/secure/aws/iam-roles.json; controls/cicd-security/privileged-control-plane-change/secure/aws-ecr/cloudtrail-events.json; controls/cicd-security/privileged-control-plane-change/secure/aws-ecr/identity-sessions.json; controls/cicd-security/privileged-control-plane-change/secure/aws-ecr/change-register.json; controls/cicd-security/privileged-control-plane-change/secure/aws-ecr/repositories.json; controls/cicd-security/privileged-control-plane-change/secure/aws-kms/cloudtrail-events.json; controls/cicd-security/privileged-control-plane-change/secure/aws-kms/identity-sessions.json; controls/cicd-security/privileged-control-plane-change/secure/aws-kms/change-register.json; controls/cicd-security/privileged-control-plane-change/secure/aws-kms/keys.json,named organization administrator in an explicit service-specific role allow-list using phishing-resistant authentication rather than a shared or anonymous identity,ci-platform,scm-control-plane; ci-control-plane; cloud-identity-control-plane; artifact-registry-control-plane; signing-control-plane,hybrid,normalize provider identity and membership evidence and evaluate it with make verify-control CONTROL=PSB-CICD-008,each change actor is one named current organization human in an allowed service role authenticated with phishing-resistant assurance,sanitized administrator identity record; organization membership decision; authentication assurance record,,,,,,,,github-security-guidance github/docs@b17436de8f10c3e7f6a185d6813bf94bc82d22f8 (2026-07-24) / GH-ADMIN-SAML-IAM / supports / medium; github-security-guidance github/docs@b17436de8f10c3e7f6a185d6813bf94bc82d22f8 (2026-07-24) / GHSC-SECURE-ACCOUNTS / supports / high; mitre-attack v19.1 / T1078 / mitigates / medium; openssf-osps-baseline 2026.02.19 / OSPS-AC-01.01 / supports / high; openssf-osps-baseline 2026.02.19 / OSPS-AC-02.01 / supports / medium,reviewed,"The fixtures are provider-neutral normalized evidence and do not prove live GitHub GitLab cloud registry or signing-service configuration.; The verifier does not call provider APIs mutate settings validate hardware authenticator custody or establish organization membership.; The GitHub normalizer consumes reviewed exports and does not itself call the live REST API; GitHub audit fields cannot prove phishing-resistant authentication or independent approval without the organization identity/session and change-register joins.; The live GitHub collector selects environment.update_protection_rule org.runner_group_updated repository_ruleset.update protected_branch.update_allow_force_pushes_enforcement_level protected_branch.update_allow_deletions_enforcement_level protected_branch.update_admin_enforced and protected_branch.update_require_code_owner_review; runner ruleset and legacy branch events become evidence only after their required current-state or history joins are complete.; GitHub runner-group current state independently confirms the applied after digest but not the historical before state; the before digest remains a reviewed change-register assertion and needs an independently retained pre-change snapshot for stronger historical assurance.; Runner-group update and snapshot collection are not transactionally atomic; the normalizer rejects later updates found before the snapshot, but provider event omission or concurrent changes outside the complete audit window remain residual risk.; The GitHub SCM adapters cover repository- and organization-scoped branch and tag ruleset updates repository-scoped push updates and legacy branch force-push deletion administrator-enforcement and CODEOWNER-review updates; other legacy branch fields ruleset create delete organization-wide push repository transfer rename and archive require separately reviewed adapters.; Repository push rulesets bind a private or internal non-fork root stable identity network_count completely paginated fork identities and reviewed network digest; the REST reads are not transactional and fork visibility or concurrent network changes remain residual risk.; Organization-wide push rulesets require complete expansion of every repository selector and every resulting root fork network; this adapter rejects that scope rather than extrapolating one repository snapshot.; Organization ruleset audit classification is an implementation inference from the documented repository_ruleset.update event ruleset_source_type Organization stable org_id and absent repository fields; validate the sanitized event shape in the adopting tenant and fail closed on divergence.; Reading repository or organization ruleset bypass actors and exact history requires the corresponding Administration write permission even though the collector only performs GET requests; isolate that credential from mutation paths and monitor all use because GitHub does not expose a narrower read-only history permission and organization scope has a larger blast radius.; Ruleset state is structurally canonicalized and may fail closed for semantically harmless list ordering changes; current and history APIs are not transactionally atomic despite later-version rejection.; The legacy branch adapter covers protected_branch.update_allow_force_pushes_enforcement_level protected_branch.update_allow_deletions_enforcement_level protected_branch.update_admin_enforced and protected_branch.update_require_code_owner_review; the versioned contract accepts force-push and deletion numeric levels zero disabled and one or two enabled plus strict boolean admin_enforced and require_code_owner_review fields. The numeric enum meaning is not documented in the public audit-event catalog, so tenant event shape must be validated before adoption and any other value fails closed.; GitHub exposes current legacy branch protection but no version history through this REST path, so the before state remains a reviewed register assertion; a separately retained pre-change snapshot is required for stronger historical assurance.; The AWS adapter is limited to root-path IAM roles changed through UpdateAssumeRolePolicy; roles with another path, CloudFormation or Terraform replacement, CreateRole, service-linked roles, SAML trust, permission policies, Azure, and GCP need separately reviewed adapters.; IAM GetRole confirms the applied trust policy and stable RoleId but does not return its historical predecessor; the before digest remains a reviewed register assertion unless an independent pre-change snapshot is retained.; CloudTrail identity attributes do not prove phishing-resistant authentication or current employment; those properties come from an organization identity and session export joined to the exact assumed-role principal and source identity.; IAM policy canonicalization is structural JSON rather than full IAM semantic normalization; harmless statement or array reordering may fail closed and require a new reviewed adapter version.; The ECR adapter covers repository access-policy changes only; transport workload identity image tag immutability operation audit and lifecycle enforcement remain PSB-CONTAINER-002, while registry-level policy replication lifecycle and scanning configuration need distinct adapters.; ECR has no immutable repository ID equivalent to IAM RoleId, so the adapter binds account region repository ARN name and creation time as one generation; assurance still depends on trustworthy DescribeRepositories evidence and complete delete-create audit retention.; Forced SetRepositoryPolicy operations can intentionally bypass lockout prevention and are rejected by the ordinary path until a separately governed emergency adapter binds the force decision and post-review.; GetRepositoryPolicy confirms the current after state but not the historical before state, and structural JSON canonicalization may reject semantically equivalent ordering changes.; The KMS adapter covers direct default-policy PutKeyPolicy changes for enabled customer-managed SIGN_VERIFY keys only; key creation deletion disablement grants aliases imported material custom key stores multi-Region operations and cryptographic Sign use need separately owned controls or adapters.; DescribeKey and GetKeyPolicy confirm the current signing key identity purpose and after policy but not the historical before state; structural JSON canonicalization may reject semantically equivalent ordering changes.; A KMS key policy alone is not the complete effective-authorization graph; IAM policies grants and VPC endpoint policies require separate inventory and review before claiming that signing or policy-administration authority was actually removed.; BypassPolicyLockoutSafetyCheck is rejected by the ordinary KMS path because it can make a key unmanageable; its use requires a separately governed emergency adapter that binds the exact bypass decision expiry and post-review.; Each GitHub CI or SCM fragment remains partial and cannot satisfy the five-service completeness check by itself.; Provider control-plane compromise could forge or omit events unless independent export integrity retention and provider assurance are established.; Machine workload federation remains PSB-CICD-006 and runner registration lifecycle remains PSB-CICD-007.; Repository workflow permissions branch behavior and untrusted PR execution remain PSB-CICD-004 and PSB-CICD-005.; Emergency response still requires organization incident authority rollback testing and an independently protected audit backend.",,,,,,,
PSB-CICD-008,PSB-CICD-008-CPC-002,cicd-security,CI/CDの特権control-plane変更を本人・承認・監査証跡へ結合する,controls/cicd-security/privileged-control-plane-change/README.md,SCM、CI、cloud federation、registry、signing serviceの特権設定変更を、named administrator、phishing-resistant session、exact policy差分、独立承認、実行、provider audit eventへ結合する。,Privileged session is short-lived and recently reauthenticated,prevent; detect; verify; govern,CICD-CONTROL-PLANE-ACCOUNT-COMPROMISE: A stolen or shared administrator session changes privileged software supply-chain configuration outside the reviewed pipeline.; CICD-CONTROL-PLANE-CHANGE-SUBSTITUTION: Approval or audit evidence is replayed for a different target request policy version or resulting configuration.; CICD-CONTROL-PLANE-EMERGENCY-BYPASS: An emergency path becomes a permanent unreviewed bypass or missing provider evidence is interpreted as a clean change.,attacker reusing a stolen browser session or unattended administrator workstation,a long-lived session changes a supply-chain trust policy hours after the user last proved possession of a phishing-resistant authenticator,actor naming alone does not limit replay; bounded lifetime and recent step-up reduce the usable window for stolen authenticated sessions,controls/cicd-security/privileged-control-plane-change/secure/policy.json; controls/cicd-security/privileged-control-plane-change/secure/change-evidence.json; controls/cicd-security/privileged-control-plane-change/secure/github/audit-events.json; controls/cicd-security/privileged-control-plane-change/secure/github/identity-sessions.json; controls/cicd-security/privileged-control-plane-change/secure/github/change-register.json; controls/cicd-security/privileged-control-plane-change/secure/github/runner-groups.json; controls/cicd-security/privileged-control-plane-change/secure/github-scm/audit-events.json; controls/cicd-security/privileged-control-plane-change/secure/github-scm/identity-sessions.json; controls/cicd-security/privileged-control-plane-change/secure/github-scm/change-register.json; controls/cicd-security/privileged-control-plane-change/secure/github-scm/ruleset-snapshot.json; controls/cicd-security/privileged-control-plane-change/secure/github-org-scm/audit-events.json; controls/cicd-security/privileged-control-plane-change/secure/github-org-scm/identity-sessions.json; controls/cicd-security/privileged-control-plane-change/secure/github-org-scm/change-register.json; controls/cicd-security/privileged-control-plane-change/secure/github-org-scm/ruleset-snapshot.json; controls/cicd-security/privileged-control-plane-change/secure/github-tag-scm/audit-events.json; controls/cicd-security/privileged-control-plane-change/secure/github-tag-scm/identity-sessions.json; controls/cicd-security/privileged-control-plane-change/secure/github-tag-scm/change-register.json; controls/cicd-security/privileged-control-plane-change/secure/github-tag-scm/ruleset-snapshot.json; controls/cicd-security/privileged-control-plane-change/secure/github-push-scm/audit-events.json; controls/cicd-security/privileged-control-plane-change/secure/github-push-scm/identity-sessions.json; controls/cicd-security/privileged-control-plane-change/secure/github-push-scm/change-register.json; controls/cicd-security/privileged-control-plane-change/secure/github-push-scm/ruleset-snapshot.json; controls/cicd-security/privileged-control-plane-change/secure/github-push-scm/fork-network-snapshot.json; controls/cicd-security/privileged-control-plane-change/secure/github-legacy-branch-scm/audit-events.json; controls/cicd-security/privileged-control-plane-change/secure/github-legacy-branch-scm/identity-sessions.json; controls/cicd-security/privileged-control-plane-change/secure/github-legacy-branch-scm/change-register.json; controls/cicd-security/privileged-control-plane-change/secure/github-legacy-branch-scm/branch-protection-snapshot.json; controls/cicd-security/privileged-control-plane-change/secure/github-legacy-admin-branch-scm/audit-events.json; controls/cicd-security/privileged-control-plane-change/secure/github-legacy-admin-branch-scm/identity-sessions.json; controls/cicd-security/privileged-control-plane-change/secure/github-legacy-admin-branch-scm/change-register.json; controls/cicd-security/privileged-control-plane-change/secure/github-legacy-admin-branch-scm/branch-protection-snapshot.json; controls/cicd-security/privileged-control-plane-change/secure/github-legacy-codeowner-branch-scm/audit-events.json; controls/cicd-security/privileged-control-plane-change/secure/github-legacy-codeowner-branch-scm/identity-sessions.json; controls/cicd-security/privileged-control-plane-change/secure/github-legacy-codeowner-branch-scm/change-register.json; controls/cicd-security/privileged-control-plane-change/secure/github-legacy-codeowner-branch-scm/branch-protection-snapshot.json; controls/cicd-security/privileged-control-plane-change/secure/github-legacy-deletion-branch-scm/audit-events.json; controls/cicd-security/privileged-control-plane-change/secure/github-legacy-deletion-branch-scm/identity-sessions.json; controls/cicd-security/privileged-control-plane-change/secure/github-legacy-deletion-branch-scm/change-register.json; controls/cicd-security/privileged-control-plane-change/secure/github-legacy-deletion-branch-scm/branch-protection-snapshot.json; controls/cicd-security/privileged-control-plane-change/secure/aws/cloudtrail-events.json; controls/cicd-security/privileged-control-plane-change/secure/aws/identity-sessions.json; controls/cicd-security/privileged-control-plane-change/secure/aws/change-register.json; controls/cicd-security/privileged-control-plane-change/secure/aws/iam-roles.json; controls/cicd-security/privileged-control-plane-change/secure/aws-ecr/cloudtrail-events.json; controls/cicd-security/privileged-control-plane-change/secure/aws-ecr/identity-sessions.json; controls/cicd-security/privileged-control-plane-change/secure/aws-ecr/change-register.json; controls/cicd-security/privileged-control-plane-change/secure/aws-ecr/repositories.json; controls/cicd-security/privileged-control-plane-change/secure/aws-kms/cloudtrail-events.json; controls/cicd-security/privileged-control-plane-change/secure/aws-kms/identity-sessions.json; controls/cicd-security/privileged-control-plane-change/secure/aws-kms/change-register.json; controls/cicd-security/privileged-control-plane-change/secure/aws-kms/keys.json,exact session ID with at most one-hour lifetime and step-up authentication no more than 15 minutes before execution,ci-platform,administrator-session; privileged-reauthentication,automated,compare session issuance expiry reauthentication request and execution timestamps,execution occurs inside the session and within the reviewed reauthentication age,content-free session timeline,,,,,,,,github-security-guidance github/docs@b17436de8f10c3e7f6a185d6813bf94bc82d22f8 (2026-07-24) / GH-ADMIN-SAML-IAM / supports / medium; github-security-guidance github/docs@b17436de8f10c3e7f6a185d6813bf94bc82d22f8 (2026-07-24) / GHSC-SECURE-ACCOUNTS / supports / high; mitre-attack v19.1 / T1078 / mitigates / medium; openssf-osps-baseline 2026.02.19 / OSPS-AC-01.01 / supports / high,reviewed,"The fixtures are provider-neutral normalized evidence and do not prove live GitHub GitLab cloud registry or signing-service configuration.; The verifier does not call provider APIs mutate settings validate hardware authenticator custody or establish organization membership.; The GitHub normalizer consumes reviewed exports and does not itself call the live REST API; GitHub audit fields cannot prove phishing-resistant authentication or independent approval without the organization identity/session and change-register joins.; The live GitHub collector selects environment.update_protection_rule org.runner_group_updated repository_ruleset.update protected_branch.update_allow_force_pushes_enforcement_level protected_branch.update_allow_deletions_enforcement_level protected_branch.update_admin_enforced and protected_branch.update_require_code_owner_review; runner ruleset and legacy branch events become evidence only after their required current-state or history joins are complete.; GitHub runner-group current state independently confirms the applied after digest but not the historical before state; the before digest remains a reviewed change-register assertion and needs an independently retained pre-change snapshot for stronger historical assurance.; Runner-group update and snapshot collection are not transactionally atomic; the normalizer rejects later updates found before the snapshot, but provider event omission or concurrent changes outside the complete audit window remain residual risk.; The GitHub SCM adapters cover repository- and organization-scoped branch and tag ruleset updates repository-scoped push updates and legacy branch force-push deletion administrator-enforcement and CODEOWNER-review updates; other legacy branch fields ruleset create delete organization-wide push repository transfer rename and archive require separately reviewed adapters.; Repository push rulesets bind a private or internal non-fork root stable identity network_count completely paginated fork identities and reviewed network digest; the REST reads are not transactional and fork visibility or concurrent network changes remain residual risk.; Organization-wide push rulesets require complete expansion of every repository selector and every resulting root fork network; this adapter rejects that scope rather than extrapolating one repository snapshot.; Organization ruleset audit classification is an implementation inference from the documented repository_ruleset.update event ruleset_source_type Organization stable org_id and absent repository fields; validate the sanitized event shape in the adopting tenant and fail closed on divergence.; Reading repository or organization ruleset bypass actors and exact history requires the corresponding Administration write permission even though the collector only performs GET requests; isolate that credential from mutation paths and monitor all use because GitHub does not expose a narrower read-only history permission and organization scope has a larger blast radius.; Ruleset state is structurally canonicalized and may fail closed for semantically harmless list ordering changes; current and history APIs are not transactionally atomic despite later-version rejection.; The legacy branch adapter covers protected_branch.update_allow_force_pushes_enforcement_level protected_branch.update_allow_deletions_enforcement_level protected_branch.update_admin_enforced and protected_branch.update_require_code_owner_review; the versioned contract accepts force-push and deletion numeric levels zero disabled and one or two enabled plus strict boolean admin_enforced and require_code_owner_review fields. The numeric enum meaning is not documented in the public audit-event catalog, so tenant event shape must be validated before adoption and any other value fails closed.; GitHub exposes current legacy branch protection but no version history through this REST path, so the before state remains a reviewed register assertion; a separately retained pre-change snapshot is required for stronger historical assurance.; The AWS adapter is limited to root-path IAM roles changed through UpdateAssumeRolePolicy; roles with another path, CloudFormation or Terraform replacement, CreateRole, service-linked roles, SAML trust, permission policies, Azure, and GCP need separately reviewed adapters.; IAM GetRole confirms the applied trust policy and stable RoleId but does not return its historical predecessor; the before digest remains a reviewed register assertion unless an independent pre-change snapshot is retained.; CloudTrail identity attributes do not prove phishing-resistant authentication or current employment; those properties come from an organization identity and session export joined to the exact assumed-role principal and source identity.; IAM policy canonicalization is structural JSON rather than full IAM semantic normalization; harmless statement or array reordering may fail closed and require a new reviewed adapter version.; The ECR adapter covers repository access-policy changes only; transport workload identity image tag immutability operation audit and lifecycle enforcement remain PSB-CONTAINER-002, while registry-level policy replication lifecycle and scanning configuration need distinct adapters.; ECR has no immutable repository ID equivalent to IAM RoleId, so the adapter binds account region repository ARN name and creation time as one generation; assurance still depends on trustworthy DescribeRepositories evidence and complete delete-create audit retention.; Forced SetRepositoryPolicy operations can intentionally bypass lockout prevention and are rejected by the ordinary path until a separately governed emergency adapter binds the force decision and post-review.; GetRepositoryPolicy confirms the current after state but not the historical before state, and structural JSON canonicalization may reject semantically equivalent ordering changes.; The KMS adapter covers direct default-policy PutKeyPolicy changes for enabled customer-managed SIGN_VERIFY keys only; key creation deletion disablement grants aliases imported material custom key stores multi-Region operations and cryptographic Sign use need separately owned controls or adapters.; DescribeKey and GetKeyPolicy confirm the current signing key identity purpose and after policy but not the historical before state; structural JSON canonicalization may reject semantically equivalent ordering changes.; A KMS key policy alone is not the complete effective-authorization graph; IAM policies grants and VPC endpoint policies require separate inventory and review before claiming that signing or policy-administration authority was actually removed.; BypassPolicyLockoutSafetyCheck is rejected by the ordinary KMS path because it can make a key unmanageable; its use requires a separately governed emergency adapter that binds the exact bypass decision expiry and post-review.; Each GitHub CI or SCM fragment remains partial and cannot satisfy the five-service completeness check by itself.; Provider control-plane compromise could forge or omit events unless independent export integrity retention and provider assurance are established.; Machine workload federation remains PSB-CICD-006 and runner registration lifecycle remains PSB-CICD-007.; Repository workflow permissions branch behavior and untrusted PR execution remain PSB-CICD-004 and PSB-CICD-005.; Emergency response still requires organization incident authority rollback testing and an independently protected audit backend.",,,,,,,
PSB-CICD-008,PSB-CICD-008-CPC-003,cicd-security,CI/CDの特権control-plane変更を本人・承認・監査証跡へ結合する,controls/cicd-security/privileged-control-plane-change/README.md,SCM、CI、cloud federation、registry、signing serviceの特権設定変更を、named administrator、phishing-resistant session、exact policy差分、独立承認、実行、provider audit eventへ結合する。,Request fixes exact target policy and before-after configuration,prevent; detect; verify; govern,CICD-CONTROL-PLANE-ACCOUNT-COMPROMISE: A stolen or shared administrator session changes privileged software supply-chain configuration outside the reviewed pipeline.; CICD-CONTROL-PLANE-CHANGE-SUBSTITUTION: Approval or audit evidence is replayed for a different target request policy version or resulting configuration.; CICD-CONTROL-PLANE-EMERGENCY-BYPASS: An emergency path becomes a permanent unreviewed bypass or missing provider evidence is interpreted as a clean change.,compromised administrator or faulty automation substituting a broader target or weaker configuration after review,an approval for one branch environment trust policy or digest is reused to apply a different privileged configuration,immutable request identity makes reviewer intent comparable to the provider-side result and prevents approval from becoming a generic write permit,controls/cicd-security/privileged-control-plane-change/secure/policy.json; controls/cicd-security/privileged-control-plane-change/secure/change-evidence.json; controls/cicd-security/privileged-control-plane-change/secure/github/audit-events.json; controls/cicd-security/privileged-control-plane-change/secure/github/identity-sessions.json; controls/cicd-security/privileged-control-plane-change/secure/github/change-register.json; controls/cicd-security/privileged-control-plane-change/secure/github/runner-groups.json; controls/cicd-security/privileged-control-plane-change/secure/github-scm/audit-events.json; controls/cicd-security/privileged-control-plane-change/secure/github-scm/identity-sessions.json; controls/cicd-security/privileged-control-plane-change/secure/github-scm/change-register.json; controls/cicd-security/privileged-control-plane-change/secure/github-scm/ruleset-snapshot.json; controls/cicd-security/privileged-control-plane-change/secure/github-org-scm/audit-events.json; controls/cicd-security/privileged-control-plane-change/secure/github-org-scm/identity-sessions.json; controls/cicd-security/privileged-control-plane-change/secure/github-org-scm/change-register.json; controls/cicd-security/privileged-control-plane-change/secure/github-org-scm/ruleset-snapshot.json; controls/cicd-security/privileged-control-plane-change/secure/github-tag-scm/audit-events.json; controls/cicd-security/privileged-control-plane-change/secure/github-tag-scm/identity-sessions.json; controls/cicd-security/privileged-control-plane-change/secure/github-tag-scm/change-register.json; controls/cicd-security/privileged-control-plane-change/secure/github-tag-scm/ruleset-snapshot.json; controls/cicd-security/privileged-control-plane-change/secure/github-push-scm/audit-events.json; controls/cicd-security/privileged-control-plane-change/secure/github-push-scm/identity-sessions.json; controls/cicd-security/privileged-control-plane-change/secure/github-push-scm/change-register.json; controls/cicd-security/privileged-control-plane-change/secure/github-push-scm/ruleset-snapshot.json; controls/cicd-security/privileged-control-plane-change/secure/github-push-scm/fork-network-snapshot.json; controls/cicd-security/privileged-control-plane-change/secure/github-legacy-branch-scm/audit-events.json; controls/cicd-security/privileged-control-plane-change/secure/github-legacy-branch-scm/identity-sessions.json; controls/cicd-security/privileged-control-plane-change/secure/github-legacy-branch-scm/change-register.json; controls/cicd-security/privileged-control-plane-change/secure/github-legacy-branch-scm/branch-protection-snapshot.json; controls/cicd-security/privileged-control-plane-change/secure/github-legacy-admin-branch-scm/audit-events.json; controls/cicd-security/privileged-control-plane-change/secure/github-legacy-admin-branch-scm/identity-sessions.json; controls/cicd-security/privileged-control-plane-change/secure/github-legacy-admin-branch-scm/change-register.json; controls/cicd-security/privileged-control-plane-change/secure/github-legacy-admin-branch-scm/branch-protection-snapshot.json; controls/cicd-security/privileged-control-plane-change/secure/github-legacy-codeowner-branch-scm/audit-events.json; controls/cicd-security/privileged-control-plane-change/secure/github-legacy-codeowner-branch-scm/identity-sessions.json; controls/cicd-security/privileged-control-plane-change/secure/github-legacy-codeowner-branch-scm/change-register.json; controls/cicd-security/privileged-control-plane-change/secure/github-legacy-codeowner-branch-scm/branch-protection-snapshot.json; controls/cicd-security/privileged-control-plane-change/secure/github-legacy-deletion-branch-scm/audit-events.json; controls/cicd-security/privileged-control-plane-change/secure/github-legacy-deletion-branch-scm/identity-sessions.json; controls/cicd-security/privileged-control-plane-change/secure/github-legacy-deletion-branch-scm/change-register.json; controls/cicd-security/privileged-control-plane-change/secure/github-legacy-deletion-branch-scm/branch-protection-snapshot.json; controls/cicd-security/privileged-control-plane-change/secure/aws/cloudtrail-events.json; controls/cicd-security/privileged-control-plane-change/secure/aws/identity-sessions.json; controls/cicd-security/privileged-control-plane-change/secure/aws/change-register.json; controls/cicd-security/privileged-control-plane-change/secure/aws/iam-roles.json; controls/cicd-security/privileged-control-plane-change/secure/aws-ecr/cloudtrail-events.json; controls/cicd-security/privileged-control-plane-change/secure/aws-ecr/identity-sessions.json; controls/cicd-security/privileged-control-plane-change/secure/aws-ecr/change-register.json; controls/cicd-security/privileged-control-plane-change/secure/aws-ecr/repositories.json; controls/cicd-security/privileged-control-plane-change/secure/aws-kms/cloudtrail-events.json; controls/cicd-security/privileged-control-plane-change/secure/aws-kms/identity-sessions.json; controls/cicd-security/privileged-control-plane-change/secure/aws-kms/change-register.json; controls/cicd-security/privileged-control-plane-change/secure/aws-kms/keys.json,digest-pinned policy version exact service type target before digest after digest reason and owned change record,ci-platform,privileged-change-request; branch-protection; environment-protection; runner-registration-policy; workload-identity-trust; registry-protection; signing-policy,automated,validate policy pin exact target type and distinct SHA-256 before-after digests,wildcard unclassified mutable unowned or digest-less changes are rejected,sanitized change request; before-after configuration digests,,,,,,,,github-security-guidance github/docs@b17436de8f10c3e7f6a185d6813bf94bc82d22f8 (2026-07-24) / GH-ADMIN-RULESET-RULES / verifies / medium; github-security-guidance github/docs@b17436de8f10c3e7f6a185d6813bf94bc82d22f8 (2026-07-24) / GH-ADMIN-RULESETS / verifies / medium; github-security-guidance github/docs@b17436de8f10c3e7f6a185d6813bf94bc82d22f8 (2026-07-24) / GHAS-REF-SECURE-USE / verifies / medium; mitre-attack v19.1 / T1098 / detects / medium,reviewed,"The fixtures are provider-neutral normalized evidence and do not prove live GitHub GitLab cloud registry or signing-service configuration.; The verifier does not call provider APIs mutate settings validate hardware authenticator custody or establish organization membership.; The GitHub normalizer consumes reviewed exports and does not itself call the live REST API; GitHub audit fields cannot prove phishing-resistant authentication or independent approval without the organization identity/session and change-register joins.; The live GitHub collector selects environment.update_protection_rule org.runner_group_updated repository_ruleset.update protected_branch.update_allow_force_pushes_enforcement_level protected_branch.update_allow_deletions_enforcement_level protected_branch.update_admin_enforced and protected_branch.update_require_code_owner_review; runner ruleset and legacy branch events become evidence only after their required current-state or history joins are complete.; GitHub runner-group current state independently confirms the applied after digest but not the historical before state; the before digest remains a reviewed change-register assertion and needs an independently retained pre-change snapshot for stronger historical assurance.; Runner-group update and snapshot collection are not transactionally atomic; the normalizer rejects later updates found before the snapshot, but provider event omission or concurrent changes outside the complete audit window remain residual risk.; The GitHub SCM adapters cover repository- and organization-scoped branch and tag ruleset updates repository-scoped push updates and legacy branch force-push deletion administrator-enforcement and CODEOWNER-review updates; other legacy branch fields ruleset create delete organization-wide push repository transfer rename and archive require separately reviewed adapters.; Repository push rulesets bind a private or internal non-fork root stable identity network_count completely paginated fork identities and reviewed network digest; the REST reads are not transactional and fork visibility or concurrent network changes remain residual risk.; Organization-wide push rulesets require complete expansion of every repository selector and every resulting root fork network; this adapter rejects that scope rather than extrapolating one repository snapshot.; Organization ruleset audit classification is an implementation inference from the documented repository_ruleset.update event ruleset_source_type Organization stable org_id and absent repository fields; validate the sanitized event shape in the adopting tenant and fail closed on divergence.; Reading repository or organization ruleset bypass actors and exact history requires the corresponding Administration write permission even though the collector only performs GET requests; isolate that credential from mutation paths and monitor all use because GitHub does not expose a narrower read-only history permission and organization scope has a larger blast radius.; Ruleset state is structurally canonicalized and may fail closed for semantically harmless list ordering changes; current and history APIs are not transactionally atomic despite later-version rejection.; The legacy branch adapter covers protected_branch.update_allow_force_pushes_enforcement_level protected_branch.update_allow_deletions_enforcement_level protected_branch.update_admin_enforced and protected_branch.update_require_code_owner_review; the versioned contract accepts force-push and deletion numeric levels zero disabled and one or two enabled plus strict boolean admin_enforced and require_code_owner_review fields. The numeric enum meaning is not documented in the public audit-event catalog, so tenant event shape must be validated before adoption and any other value fails closed.; GitHub exposes current legacy branch protection but no version history through this REST path, so the before state remains a reviewed register assertion; a separately retained pre-change snapshot is required for stronger historical assurance.; The AWS adapter is limited to root-path IAM roles changed through UpdateAssumeRolePolicy; roles with another path, CloudFormation or Terraform replacement, CreateRole, service-linked roles, SAML trust, permission policies, Azure, and GCP need separately reviewed adapters.; IAM GetRole confirms the applied trust policy and stable RoleId but does not return its historical predecessor; the before digest remains a reviewed register assertion unless an independent pre-change snapshot is retained.; CloudTrail identity attributes do not prove phishing-resistant authentication or current employment; those properties come from an organization identity and session export joined to the exact assumed-role principal and source identity.; IAM policy canonicalization is structural JSON rather than full IAM semantic normalization; harmless statement or array reordering may fail closed and require a new reviewed adapter version.; The ECR adapter covers repository access-policy changes only; transport workload identity image tag immutability operation audit and lifecycle enforcement remain PSB-CONTAINER-002, while registry-level policy replication lifecycle and scanning configuration need distinct adapters.; ECR has no immutable repository ID equivalent to IAM RoleId, so the adapter binds account region repository ARN name and creation time as one generation; assurance still depends on trustworthy DescribeRepositories evidence and complete delete-create audit retention.; Forced SetRepositoryPolicy operations can intentionally bypass lockout prevention and are rejected by the ordinary path until a separately governed emergency adapter binds the force decision and post-review.; GetRepositoryPolicy confirms the current after state but not the historical before state, and structural JSON canonicalization may reject semantically equivalent ordering changes.; The KMS adapter covers direct default-policy PutKeyPolicy changes for enabled customer-managed SIGN_VERIFY keys only; key creation deletion disablement grants aliases imported material custom key stores multi-Region operations and cryptographic Sign use need separately owned controls or adapters.; DescribeKey and GetKeyPolicy confirm the current signing key identity purpose and after policy but not the historical before state; structural JSON canonicalization may reject semantically equivalent ordering changes.; A KMS key policy alone is not the complete effective-authorization graph; IAM policies grants and VPC endpoint policies require separate inventory and review before claiming that signing or policy-administration authority was actually removed.; BypassPolicyLockoutSafetyCheck is rejected by the ordinary KMS path because it can make a key unmanageable; its use requires a separately governed emergency adapter that binds the exact bypass decision expiry and post-review.; Each GitHub CI or SCM fragment remains partial and cannot satisfy the five-service completeness check by itself.; Provider control-plane compromise could forge or omit events unless independent export integrity retention and provider assurance are established.; Machine workload federation remains PSB-CICD-006 and runner registration lifecycle remains PSB-CICD-007.; Repository workflow permissions branch behavior and untrusted PR execution remain PSB-CICD-004 and PSB-CICD-005.; Emergency response still requires organization incident authority rollback testing and an independently protected audit backend.",,,,,,,
PSB-CICD-008,PSB-CICD-008-CPC-004,cicd-security,CI/CDの特権control-plane変更を本人・承認・監査証跡へ結合する,controls/cicd-security/privileged-control-plane-change/README.md,SCM、CI、cloud federation、registry、signing serviceの特権設定変更を、named administrator、phishing-resistant session、exact policy差分、独立承認、実行、provider audit eventへ結合する。,Ordinary privileged changes receive independent approval,prevent; detect; verify; govern,CICD-CONTROL-PLANE-ACCOUNT-COMPROMISE: A stolen or shared administrator session changes privileged software supply-chain configuration outside the reviewed pipeline.; CICD-CONTROL-PLANE-CHANGE-SUBSTITUTION: Approval or audit evidence is replayed for a different target request policy version or resulting configuration.; CICD-CONTROL-PLANE-EMERGENCY-BYPASS: An emergency path becomes a permanent unreviewed bypass or missing provider evidence is interpreted as a clean change.,malicious or compromised administrator able to propose approve and execute a trust-boundary change alone,one privileged account silently weakens branch runner federation registry or signing protections without a second party seeing the resulting policy,digest-bound separation of duties detects and blocks unilateral control-plane tampering that repository pull-request review cannot observe,controls/cicd-security/privileged-control-plane-change/secure/policy.json; controls/cicd-security/privileged-control-plane-change/secure/change-evidence.json; controls/cicd-security/privileged-control-plane-change/secure/github/audit-events.json; controls/cicd-security/privileged-control-plane-change/secure/github/identity-sessions.json; controls/cicd-security/privileged-control-plane-change/secure/github/change-register.json; controls/cicd-security/privileged-control-plane-change/secure/github/runner-groups.json; controls/cicd-security/privileged-control-plane-change/secure/github-scm/audit-events.json; controls/cicd-security/privileged-control-plane-change/secure/github-scm/identity-sessions.json; controls/cicd-security/privileged-control-plane-change/secure/github-scm/change-register.json; controls/cicd-security/privileged-control-plane-change/secure/github-scm/ruleset-snapshot.json; controls/cicd-security/privileged-control-plane-change/secure/github-org-scm/audit-events.json; controls/cicd-security/privileged-control-plane-change/secure/github-org-scm/identity-sessions.json; controls/cicd-security/privileged-control-plane-change/secure/github-org-scm/change-register.json; controls/cicd-security/privileged-control-plane-change/secure/github-org-scm/ruleset-snapshot.json; controls/cicd-security/privileged-control-plane-change/secure/github-tag-scm/audit-events.json; controls/cicd-security/privileged-control-plane-change/secure/github-tag-scm/identity-sessions.json; controls/cicd-security/privileged-control-plane-change/secure/github-tag-scm/change-register.json; controls/cicd-security/privileged-control-plane-change/secure/github-tag-scm/ruleset-snapshot.json; controls/cicd-security/privileged-control-plane-change/secure/github-push-scm/audit-events.json; controls/cicd-security/privileged-control-plane-change/secure/github-push-scm/identity-sessions.json; controls/cicd-security/privileged-control-plane-change/secure/github-push-scm/change-register.json; controls/cicd-security/privileged-control-plane-change/secure/github-push-scm/ruleset-snapshot.json; controls/cicd-security/privileged-control-plane-change/secure/github-push-scm/fork-network-snapshot.json; controls/cicd-security/privileged-control-plane-change/secure/github-legacy-branch-scm/audit-events.json; controls/cicd-security/privileged-control-plane-change/secure/github-legacy-branch-scm/identity-sessions.json; controls/cicd-security/privileged-control-plane-change/secure/github-legacy-branch-scm/change-register.json; controls/cicd-security/privileged-control-plane-change/secure/github-legacy-branch-scm/branch-protection-snapshot.json; controls/cicd-security/privileged-control-plane-change/secure/github-legacy-admin-branch-scm/audit-events.json; controls/cicd-security/privileged-control-plane-change/secure/github-legacy-admin-branch-scm/identity-sessions.json; controls/cicd-security/privileged-control-plane-change/secure/github-legacy-admin-branch-scm/change-register.json; controls/cicd-security/privileged-control-plane-change/secure/github-legacy-admin-branch-scm/branch-protection-snapshot.json; controls/cicd-security/privileged-control-plane-change/secure/github-legacy-codeowner-branch-scm/audit-events.json; controls/cicd-security/privileged-control-plane-change/secure/github-legacy-codeowner-branch-scm/identity-sessions.json; controls/cicd-security/privileged-control-plane-change/secure/github-legacy-codeowner-branch-scm/change-register.json; controls/cicd-security/privileged-control-plane-change/secure/github-legacy-codeowner-branch-scm/branch-protection-snapshot.json; controls/cicd-security/privileged-control-plane-change/secure/github-legacy-deletion-branch-scm/audit-events.json; controls/cicd-security/privileged-control-plane-change/secure/github-legacy-deletion-branch-scm/identity-sessions.json; controls/cicd-security/privileged-control-plane-change/secure/github-legacy-deletion-branch-scm/change-register.json; controls/cicd-security/privileged-control-plane-change/secure/github-legacy-deletion-branch-scm/branch-protection-snapshot.json; controls/cicd-security/privileged-control-plane-change/secure/aws/cloudtrail-events.json; controls/cicd-security/privileged-control-plane-change/secure/aws/identity-sessions.json; controls/cicd-security/privileged-control-plane-change/secure/aws/change-register.json; controls/cicd-security/privileged-control-plane-change/secure/aws/iam-roles.json; controls/cicd-security/privileged-control-plane-change/secure/aws-ecr/cloudtrail-events.json; controls/cicd-security/privileged-control-plane-change/secure/aws-ecr/identity-sessions.json; controls/cicd-security/privileged-control-plane-change/secure/aws-ecr/change-register.json; controls/cicd-security/privileged-control-plane-change/secure/aws-ecr/repositories.json; controls/cicd-security/privileged-control-plane-change/secure/aws-kms/cloudtrail-events.json; controls/cicd-security/privileged-control-plane-change/secure/aws-kms/identity-sessions.json; controls/cicd-security/privileged-control-plane-change/secure/aws-kms/change-register.json; controls/cicd-security/privileged-control-plane-change/secure/aws-kms/keys.json,at least one non-requesting approver binds approval to exact request and after digest before execution,security,privileged-change-approval; separation-of-duties,automated,compare approver identity request ID resulting digest and timestamp to the execution record,requester or executor self-approval replay late approval and digest mismatch are rejected,sanitized approval receipt,,,,,,,,github-security-guidance github/docs@b17436de8f10c3e7f6a185d6813bf94bc82d22f8 (2026-07-24) / GHSC-SECURE-ACCOUNTS / supports / high; openssf-osps-baseline 2026.02.19 / OSPS-AC-02.01 / supports / medium,reviewed,"The fixtures are provider-neutral normalized evidence and do not prove live GitHub GitLab cloud registry or signing-service configuration.; The verifier does not call provider APIs mutate settings validate hardware authenticator custody or establish organization membership.; The GitHub normalizer consumes reviewed exports and does not itself call the live REST API; GitHub audit fields cannot prove phishing-resistant authentication or independent approval without the organization identity/session and change-register joins.; The live GitHub collector selects environment.update_protection_rule org.runner_group_updated repository_ruleset.update protected_branch.update_allow_force_pushes_enforcement_level protected_branch.update_allow_deletions_enforcement_level protected_branch.update_admin_enforced and protected_branch.update_require_code_owner_review; runner ruleset and legacy branch events become evidence only after their required current-state or history joins are complete.; GitHub runner-group current state independently confirms the applied after digest but not the historical before state; the before digest remains a reviewed change-register assertion and needs an independently retained pre-change snapshot for stronger historical assurance.; Runner-group update and snapshot collection are not transactionally atomic; the normalizer rejects later updates found before the snapshot, but provider event omission or concurrent changes outside the complete audit window remain residual risk.; The GitHub SCM adapters cover repository- and organization-scoped branch and tag ruleset updates repository-scoped push updates and legacy branch force-push deletion administrator-enforcement and CODEOWNER-review updates; other legacy branch fields ruleset create delete organization-wide push repository transfer rename and archive require separately reviewed adapters.; Repository push rulesets bind a private or internal non-fork root stable identity network_count completely paginated fork identities and reviewed network digest; the REST reads are not transactional and fork visibility or concurrent network changes remain residual risk.; Organization-wide push rulesets require complete expansion of every repository selector and every resulting root fork network; this adapter rejects that scope rather than extrapolating one repository snapshot.; Organization ruleset audit classification is an implementation inference from the documented repository_ruleset.update event ruleset_source_type Organization stable org_id and absent repository fields; validate the sanitized event shape in the adopting tenant and fail closed on divergence.; Reading repository or organization ruleset bypass actors and exact history requires the corresponding Administration write permission even though the collector only performs GET requests; isolate that credential from mutation paths and monitor all use because GitHub does not expose a narrower read-only history permission and organization scope has a larger blast radius.; Ruleset state is structurally canonicalized and may fail closed for semantically harmless list ordering changes; current and history APIs are not transactionally atomic despite later-version rejection.; The legacy branch adapter covers protected_branch.update_allow_force_pushes_enforcement_level protected_branch.update_allow_deletions_enforcement_level protected_branch.update_admin_enforced and protected_branch.update_require_code_owner_review; the versioned contract accepts force-push and deletion numeric levels zero disabled and one or two enabled plus strict boolean admin_enforced and require_code_owner_review fields. The numeric enum meaning is not documented in the public audit-event catalog, so tenant event shape must be validated before adoption and any other value fails closed.; GitHub exposes current legacy branch protection but no version history through this REST path, so the before state remains a reviewed register assertion; a separately retained pre-change snapshot is required for stronger historical assurance.; The AWS adapter is limited to root-path IAM roles changed through UpdateAssumeRolePolicy; roles with another path, CloudFormation or Terraform replacement, CreateRole, service-linked roles, SAML trust, permission policies, Azure, and GCP need separately reviewed adapters.; IAM GetRole confirms the applied trust policy and stable RoleId but does not return its historical predecessor; the before digest remains a reviewed register assertion unless an independent pre-change snapshot is retained.; CloudTrail identity attributes do not prove phishing-resistant authentication or current employment; those properties come from an organization identity and session export joined to the exact assumed-role principal and source identity.; IAM policy canonicalization is structural JSON rather than full IAM semantic normalization; harmless statement or array reordering may fail closed and require a new reviewed adapter version.; The ECR adapter covers repository access-policy changes only; transport workload identity image tag immutability operation audit and lifecycle enforcement remain PSB-CONTAINER-002, while registry-level policy replication lifecycle and scanning configuration need distinct adapters.; ECR has no immutable repository ID equivalent to IAM RoleId, so the adapter binds account region repository ARN name and creation time as one generation; assurance still depends on trustworthy DescribeRepositories evidence and complete delete-create audit retention.; Forced SetRepositoryPolicy operations can intentionally bypass lockout prevention and are rejected by the ordinary path until a separately governed emergency adapter binds the force decision and post-review.; GetRepositoryPolicy confirms the current after state but not the historical before state, and structural JSON canonicalization may reject semantically equivalent ordering changes.; The KMS adapter covers direct default-policy PutKeyPolicy changes for enabled customer-managed SIGN_VERIFY keys only; key creation deletion disablement grants aliases imported material custom key stores multi-Region operations and cryptographic Sign use need separately owned controls or adapters.; DescribeKey and GetKeyPolicy confirm the current signing key identity purpose and after policy but not the historical before state; structural JSON canonicalization may reject semantically equivalent ordering changes.; A KMS key policy alone is not the complete effective-authorization graph; IAM policies grants and VPC endpoint policies require separate inventory and review before claiming that signing or policy-administration authority was actually removed.; BypassPolicyLockoutSafetyCheck is rejected by the ordinary KMS path because it can make a key unmanageable; its use requires a separately governed emergency adapter that binds the exact bypass decision expiry and post-review.; Each GitHub CI or SCM fragment remains partial and cannot satisfy the five-service completeness check by itself.; Provider control-plane compromise could forge or omit events unless independent export integrity retention and provider assurance are established.; Machine workload federation remains PSB-CICD-006 and runner registration lifecycle remains PSB-CICD-007.; Repository workflow permissions branch behavior and untrusted PR execution remain PSB-CICD-004 and PSB-CICD-005.; Emergency response still requires organization incident authority rollback testing and an independently protected audit backend.",,,,,,,
PSB-CICD-008,PSB-CICD-008-CPC-005,cicd-security,CI/CDの特権control-plane変更を本人・承認・監査証跡へ結合する,controls/cicd-security/privileged-control-plane-change/README.md,SCM、CI、cloud federation、registry、signing serviceの特権設定変更を、named administrator、phishing-resistant session、exact policy差分、独立承認、実行、provider audit eventへ結合する。,Provider execution and audit event match the approved request,prevent; detect; verify; govern,CICD-CONTROL-PLANE-ACCOUNT-COMPROMISE: A stolen or shared administrator session changes privileged software supply-chain configuration outside the reviewed pipeline.; CICD-CONTROL-PLANE-CHANGE-SUBSTITUTION: Approval or audit evidence is replayed for a different target request policy version or resulting configuration.; CICD-CONTROL-PLANE-EMERGENCY-BYPASS: An emergency path becomes a permanent unreviewed bypass or missing provider evidence is interpreted as a clean change.,compromised provider session or administrator applying a different configuration than reviewers approved,ticket and approval appear valid but the provider audit record names another actor session target request or resulting policy,provider-side observation closes the evidence chain at the actual control plane instead of trusting only self-reported change-management records,controls/cicd-security/privileged-control-plane-change/secure/policy.json; controls/cicd-security/privileged-control-plane-change/secure/change-evidence.json; controls/cicd-security/privileged-control-plane-change/secure/github/audit-events.json; controls/cicd-security/privileged-control-plane-change/secure/github/identity-sessions.json; controls/cicd-security/privileged-control-plane-change/secure/github/change-register.json; controls/cicd-security/privileged-control-plane-change/secure/github/runner-groups.json; controls/cicd-security/privileged-control-plane-change/secure/github-scm/audit-events.json; controls/cicd-security/privileged-control-plane-change/secure/github-scm/identity-sessions.json; controls/cicd-security/privileged-control-plane-change/secure/github-scm/change-register.json; controls/cicd-security/privileged-control-plane-change/secure/github-scm/ruleset-snapshot.json; controls/cicd-security/privileged-control-plane-change/secure/github-org-scm/audit-events.json; controls/cicd-security/privileged-control-plane-change/secure/github-org-scm/identity-sessions.json; controls/cicd-security/privileged-control-plane-change/secure/github-org-scm/change-register.json; controls/cicd-security/privileged-control-plane-change/secure/github-org-scm/ruleset-snapshot.json; controls/cicd-security/privileged-control-plane-change/secure/github-tag-scm/audit-events.json; controls/cicd-security/privileged-control-plane-change/secure/github-tag-scm/identity-sessions.json; controls/cicd-security/privileged-control-plane-change/secure/github-tag-scm/change-register.json; controls/cicd-security/privileged-control-plane-change/secure/github-tag-scm/ruleset-snapshot.json; controls/cicd-security/privileged-control-plane-change/secure/github-push-scm/audit-events.json; controls/cicd-security/privileged-control-plane-change/secure/github-push-scm/identity-sessions.json; controls/cicd-security/privileged-control-plane-change/secure/github-push-scm/change-register.json; controls/cicd-security/privileged-control-plane-change/secure/github-push-scm/ruleset-snapshot.json; controls/cicd-security/privileged-control-plane-change/secure/github-push-scm/fork-network-snapshot.json; controls/cicd-security/privileged-control-plane-change/secure/github-legacy-branch-scm/audit-events.json; controls/cicd-security/privileged-control-plane-change/secure/github-legacy-branch-scm/identity-sessions.json; controls/cicd-security/privileged-control-plane-change/secure/github-legacy-branch-scm/change-register.json; controls/cicd-security/privileged-control-plane-change/secure/github-legacy-branch-scm/branch-protection-snapshot.json; controls/cicd-security/privileged-control-plane-change/secure/github-legacy-admin-branch-scm/audit-events.json; controls/cicd-security/privileged-control-plane-change/secure/github-legacy-admin-branch-scm/identity-sessions.json; controls/cicd-security/privileged-control-plane-change/secure/github-legacy-admin-branch-scm/change-register.json; controls/cicd-security/privileged-control-plane-change/secure/github-legacy-admin-branch-scm/branch-protection-snapshot.json; controls/cicd-security/privileged-control-plane-change/secure/github-legacy-codeowner-branch-scm/audit-events.json; controls/cicd-security/privileged-control-plane-change/secure/github-legacy-codeowner-branch-scm/identity-sessions.json; controls/cicd-security/privileged-control-plane-change/secure/github-legacy-codeowner-branch-scm/change-register.json; controls/cicd-security/privileged-control-plane-change/secure/github-legacy-codeowner-branch-scm/branch-protection-snapshot.json; controls/cicd-security/privileged-control-plane-change/secure/github-legacy-deletion-branch-scm/audit-events.json; controls/cicd-security/privileged-control-plane-change/secure/github-legacy-deletion-branch-scm/identity-sessions.json; controls/cicd-security/privileged-control-plane-change/secure/github-legacy-deletion-branch-scm/change-register.json; controls/cicd-security/privileged-control-plane-change/secure/github-legacy-deletion-branch-scm/branch-protection-snapshot.json; controls/cicd-security/privileged-control-plane-change/secure/aws/cloudtrail-events.json; controls/cicd-security/privileged-control-plane-change/secure/aws/identity-sessions.json; controls/cicd-security/privileged-control-plane-change/secure/aws/change-register.json; controls/cicd-security/privileged-control-plane-change/secure/aws/iam-roles.json; controls/cicd-security/privileged-control-plane-change/secure/aws-ecr/cloudtrail-events.json; controls/cicd-security/privileged-control-plane-change/secure/aws-ecr/identity-sessions.json; controls/cicd-security/privileged-control-plane-change/secure/aws-ecr/change-register.json; controls/cicd-security/privileged-control-plane-change/secure/aws-ecr/repositories.json; controls/cicd-security/privileged-control-plane-change/secure/aws-kms/cloudtrail-events.json; controls/cicd-security/privileged-control-plane-change/secure/aws-kms/identity-sessions.json; controls/cicd-security/privileged-control-plane-change/secure/aws-kms/change-register.json; controls/cicd-security/privileged-control-plane-change/secure/aws-kms/keys.json,unique provider event binds actor session request target execution time and exact applied digest,security,provider-audit-log; privileged-change-execution; incident-evidence,hybrid,correlate normalized provider audit events to request execution and applied configuration digest,missing duplicate early or mismatched audit events and substituted executions are rejected,provider audit event ID; applied configuration digest; correlation result,,,,,,,,github-security-guidance github/docs@b17436de8f10c3e7f6a185d6813bf94bc82d22f8 (2026-07-24) / GH-ADMIN-AUDIT-EVENTS / verifies / medium; github-security-guidance github/docs@b17436de8f10c3e7f6a185d6813bf94bc82d22f8 (2026-07-24) / GH-ADMIN-RULESET-RULES / verifies / medium; github-security-guidance github/docs@b17436de8f10c3e7f6a185d6813bf94bc82d22f8 (2026-07-24) / GH-ADMIN-RULESETS / verifies / medium; github-security-guidance github/docs@b17436de8f10c3e7f6a185d6813bf94bc82d22f8 (2026-07-24) / GHAS-REF-SECURE-USE / verifies / medium; mitre-attack v19.1 / T1098 / detects / medium,reviewed,"The fixtures are provider-neutral normalized evidence and do not prove live GitHub GitLab cloud registry or signing-service configuration.; The verifier does not call provider APIs mutate settings validate hardware authenticator custody or establish organization membership.; The GitHub normalizer consumes reviewed exports and does not itself call the live REST API; GitHub audit fields cannot prove phishing-resistant authentication or independent approval without the organization identity/session and change-register joins.; The live GitHub collector selects environment.update_protection_rule org.runner_group_updated repository_ruleset.update protected_branch.update_allow_force_pushes_enforcement_level protected_branch.update_allow_deletions_enforcement_level protected_branch.update_admin_enforced and protected_branch.update_require_code_owner_review; runner ruleset and legacy branch events become evidence only after their required current-state or history joins are complete.; GitHub runner-group current state independently confirms the applied after digest but not the historical before state; the before digest remains a reviewed change-register assertion and needs an independently retained pre-change snapshot for stronger historical assurance.; Runner-group update and snapshot collection are not transactionally atomic; the normalizer rejects later updates found before the snapshot, but provider event omission or concurrent changes outside the complete audit window remain residual risk.; The GitHub SCM adapters cover repository- and organization-scoped branch and tag ruleset updates repository-scoped push updates and legacy branch force-push deletion administrator-enforcement and CODEOWNER-review updates; other legacy branch fields ruleset create delete organization-wide push repository transfer rename and archive require separately reviewed adapters.; Repository push rulesets bind a private or internal non-fork root stable identity network_count completely paginated fork identities and reviewed network digest; the REST reads are not transactional and fork visibility or concurrent network changes remain residual risk.; Organization-wide push rulesets require complete expansion of every repository selector and every resulting root fork network; this adapter rejects that scope rather than extrapolating one repository snapshot.; Organization ruleset audit classification is an implementation inference from the documented repository_ruleset.update event ruleset_source_type Organization stable org_id and absent repository fields; validate the sanitized event shape in the adopting tenant and fail closed on divergence.; Reading repository or organization ruleset bypass actors and exact history requires the corresponding Administration write permission even though the collector only performs GET requests; isolate that credential from mutation paths and monitor all use because GitHub does not expose a narrower read-only history permission and organization scope has a larger blast radius.; Ruleset state is structurally canonicalized and may fail closed for semantically harmless list ordering changes; current and history APIs are not transactionally atomic despite later-version rejection.; The legacy branch adapter covers protected_branch.update_allow_force_pushes_enforcement_level protected_branch.update_allow_deletions_enforcement_level protected_branch.update_admin_enforced and protected_branch.update_require_code_owner_review; the versioned contract accepts force-push and deletion numeric levels zero disabled and one or two enabled plus strict boolean admin_enforced and require_code_owner_review fields. The numeric enum meaning is not documented in the public audit-event catalog, so tenant event shape must be validated before adoption and any other value fails closed.; GitHub exposes current legacy branch protection but no version history through this REST path, so the before state remains a reviewed register assertion; a separately retained pre-change snapshot is required for stronger historical assurance.; The AWS adapter is limited to root-path IAM roles changed through UpdateAssumeRolePolicy; roles with another path, CloudFormation or Terraform replacement, CreateRole, service-linked roles, SAML trust, permission policies, Azure, and GCP need separately reviewed adapters.; IAM GetRole confirms the applied trust policy and stable RoleId but does not return its historical predecessor; the before digest remains a reviewed register assertion unless an independent pre-change snapshot is retained.; CloudTrail identity attributes do not prove phishing-resistant authentication or current employment; those properties come from an organization identity and session export joined to the exact assumed-role principal and source identity.; IAM policy canonicalization is structural JSON rather than full IAM semantic normalization; harmless statement or array reordering may fail closed and require a new reviewed adapter version.; The ECR adapter covers repository access-policy changes only; transport workload identity image tag immutability operation audit and lifecycle enforcement remain PSB-CONTAINER-002, while registry-level policy replication lifecycle and scanning configuration need distinct adapters.; ECR has no immutable repository ID equivalent to IAM RoleId, so the adapter binds account region repository ARN name and creation time as one generation; assurance still depends on trustworthy DescribeRepositories evidence and complete delete-create audit retention.; Forced SetRepositoryPolicy operations can intentionally bypass lockout prevention and are rejected by the ordinary path until a separately governed emergency adapter binds the force decision and post-review.; GetRepositoryPolicy confirms the current after state but not the historical before state, and structural JSON canonicalization may reject semantically equivalent ordering changes.; The KMS adapter covers direct default-policy PutKeyPolicy changes for enabled customer-managed SIGN_VERIFY keys only; key creation deletion disablement grants aliases imported material custom key stores multi-Region operations and cryptographic Sign use need separately owned controls or adapters.; DescribeKey and GetKeyPolicy confirm the current signing key identity purpose and after policy but not the historical before state; structural JSON canonicalization may reject semantically equivalent ordering changes.; A KMS key policy alone is not the complete effective-authorization graph; IAM policies grants and VPC endpoint policies require separate inventory and review before claiming that signing or policy-administration authority was actually removed.; BypassPolicyLockoutSafetyCheck is rejected by the ordinary KMS path because it can make a key unmanageable; its use requires a separately governed emergency adapter that binds the exact bypass decision expiry and post-review.; Each GitHub CI or SCM fragment remains partial and cannot satisfy the five-service completeness check by itself.; Provider control-plane compromise could forge or omit events unless independent export integrity retention and provider assurance are established.; Machine workload federation remains PSB-CICD-006 and runner registration lifecycle remains PSB-CICD-007.; Repository workflow permissions branch behavior and untrusted PR execution remain PSB-CICD-004 and PSB-CICD-005.; Emergency response still requires organization incident authority rollback testing and an independently protected audit backend.",,,,,,,
PSB-CICD-008,PSB-CICD-008-CPC-006,cicd-security,CI/CDの特権control-plane変更を本人・承認・監査証跡へ結合する,controls/cicd-security/privileged-control-plane-change/README.md,SCM、CI、cloud federation、registry、signing serviceの特権設定変更を、named administrator、phishing-resistant session、exact policy差分、独立承認、実行、provider audit eventへ結合する。,Emergency changes are bounded and independently reviewed,prevent; detect; verify; govern,CICD-CONTROL-PLANE-ACCOUNT-COMPROMISE: A stolen or shared administrator session changes privileged software supply-chain configuration outside the reviewed pipeline.; CICD-CONTROL-PLANE-CHANGE-SUBSTITUTION: Approval or audit evidence is replayed for a different target request policy version or resulting configuration.; CICD-CONTROL-PLANE-EMERGENCY-BYPASS: An emergency path becomes a permanent unreviewed bypass or missing provider evidence is interpreted as a clean change.,attacker or operator retaining an emergency bypass after urgent containment is complete,approval is skipped during an incident and the weakened or changed trust policy persists without independent review or reversion,a bounded separately reviewed emergency path supports urgent containment without turning break-glass authority into an indefinite approval bypass,controls/cicd-security/privileged-control-plane-change/secure/policy.json; controls/cicd-security/privileged-control-plane-change/secure/change-evidence.json; controls/cicd-security/privileged-control-plane-change/secure/github/audit-events.json; controls/cicd-security/privileged-control-plane-change/secure/github/identity-sessions.json; controls/cicd-security/privileged-control-plane-change/secure/github/change-register.json; controls/cicd-security/privileged-control-plane-change/secure/github/runner-groups.json; controls/cicd-security/privileged-control-plane-change/secure/github-scm/audit-events.json; controls/cicd-security/privileged-control-plane-change/secure/github-scm/identity-sessions.json; controls/cicd-security/privileged-control-plane-change/secure/github-scm/change-register.json; controls/cicd-security/privileged-control-plane-change/secure/github-scm/ruleset-snapshot.json; controls/cicd-security/privileged-control-plane-change/secure/github-org-scm/audit-events.json; controls/cicd-security/privileged-control-plane-change/secure/github-org-scm/identity-sessions.json; controls/cicd-security/privileged-control-plane-change/secure/github-org-scm/change-register.json; controls/cicd-security/privileged-control-plane-change/secure/github-org-scm/ruleset-snapshot.json; controls/cicd-security/privileged-control-plane-change/secure/github-tag-scm/audit-events.json; controls/cicd-security/privileged-control-plane-change/secure/github-tag-scm/identity-sessions.json; controls/cicd-security/privileged-control-plane-change/secure/github-tag-scm/change-register.json; controls/cicd-security/privileged-control-plane-change/secure/github-tag-scm/ruleset-snapshot.json; controls/cicd-security/privileged-control-plane-change/secure/github-push-scm/audit-events.json; controls/cicd-security/privileged-control-plane-change/secure/github-push-scm/identity-sessions.json; controls/cicd-security/privileged-control-plane-change/secure/github-push-scm/change-register.json; controls/cicd-security/privileged-control-plane-change/secure/github-push-scm/ruleset-snapshot.json; controls/cicd-security/privileged-control-plane-change/secure/github-push-scm/fork-network-snapshot.json; controls/cicd-security/privileged-control-plane-change/secure/github-legacy-branch-scm/audit-events.json; controls/cicd-security/privileged-control-plane-change/secure/github-legacy-branch-scm/identity-sessions.json; controls/cicd-security/privileged-control-plane-change/secure/github-legacy-branch-scm/change-register.json; controls/cicd-security/privileged-control-plane-change/secure/github-legacy-branch-scm/branch-protection-snapshot.json; controls/cicd-security/privileged-control-plane-change/secure/github-legacy-admin-branch-scm/audit-events.json; controls/cicd-security/privileged-control-plane-change/secure/github-legacy-admin-branch-scm/identity-sessions.json; controls/cicd-security/privileged-control-plane-change/secure/github-legacy-admin-branch-scm/change-register.json; controls/cicd-security/privileged-control-plane-change/secure/github-legacy-admin-branch-scm/branch-protection-snapshot.json; controls/cicd-security/privileged-control-plane-change/secure/github-legacy-codeowner-branch-scm/audit-events.json; controls/cicd-security/privileged-control-plane-change/secure/github-legacy-codeowner-branch-scm/identity-sessions.json; controls/cicd-security/privileged-control-plane-change/secure/github-legacy-codeowner-branch-scm/change-register.json; controls/cicd-security/privileged-control-plane-change/secure/github-legacy-codeowner-branch-scm/branch-protection-snapshot.json; controls/cicd-security/privileged-control-plane-change/secure/github-legacy-deletion-branch-scm/audit-events.json; controls/cicd-security/privileged-control-plane-change/secure/github-legacy-deletion-branch-scm/identity-sessions.json; controls/cicd-security/privileged-control-plane-change/secure/github-legacy-deletion-branch-scm/change-register.json; controls/cicd-security/privileged-control-plane-change/secure/github-legacy-deletion-branch-scm/branch-protection-snapshot.json; controls/cicd-security/privileged-control-plane-change/secure/aws/cloudtrail-events.json; controls/cicd-security/privileged-control-plane-change/secure/aws/identity-sessions.json; controls/cicd-security/privileged-control-plane-change/secure/aws/change-register.json; controls/cicd-security/privileged-control-plane-change/secure/aws/iam-roles.json; controls/cicd-security/privileged-control-plane-change/secure/aws-ecr/cloudtrail-events.json; controls/cicd-security/privileged-control-plane-change/secure/aws-ecr/identity-sessions.json; controls/cicd-security/privileged-control-plane-change/secure/aws-ecr/change-register.json; controls/cicd-security/privileged-control-plane-change/secure/aws-ecr/repositories.json; controls/cicd-security/privileged-control-plane-change/secure/aws-kms/cloudtrail-events.json; controls/cicd-security/privileged-control-plane-change/secure/aws-kms/identity-sessions.json; controls/cicd-security/privileged-control-plane-change/secure/aws-kms/change-register.json; controls/cicd-security/privileged-control-plane-change/secure/aws-kms/keys.json,owned incident reason one-hour expiry and separate timely review bound to exact request and applied digest,security,emergency-control-plane-change; break-glass-governance,automated,evaluate emergency reason expiry post-review independence digest binding and decision,missing late self-reviewed unbound or overlong emergency changes are rejected,incident change record; post-change review receipt,,,,,,,,github-security-guidance github/docs@b17436de8f10c3e7f6a185d6813bf94bc82d22f8 (2026-07-24) / GH-ADMIN-AUDIT-EVENTS / verifies / medium; github-security-guidance github/docs@b17436de8f10c3e7f6a185d6813bf94bc82d22f8 (2026-07-24) / GH-ADMIN-RULESET-RULES / verifies / medium; github-security-guidance github/docs@b17436de8f10c3e7f6a185d6813bf94bc82d22f8 (2026-07-24) / GH-ADMIN-RULESETS / verifies / medium; github-security-guidance github/docs@b17436de8f10c3e7f6a185d6813bf94bc82d22f8 (2026-07-24) / GHAS-REF-SECURE-USE / verifies / medium,reviewed,"The fixtures are provider-neutral normalized evidence and do not prove live GitHub GitLab cloud registry or signing-service configuration.; The verifier does not call provider APIs mutate settings validate hardware authenticator custody or establish organization membership.; The GitHub normalizer consumes reviewed exports and does not itself call the live REST API; GitHub audit fields cannot prove phishing-resistant authentication or independent approval without the organization identity/session and change-register joins.; The live GitHub collector selects environment.update_protection_rule org.runner_group_updated repository_ruleset.update protected_branch.update_allow_force_pushes_enforcement_level protected_branch.update_allow_deletions_enforcement_level protected_branch.update_admin_enforced and protected_branch.update_require_code_owner_review; runner ruleset and legacy branch events become evidence only after their required current-state or history joins are complete.; GitHub runner-group current state independently confirms the applied after digest but not the historical before state; the before digest remains a reviewed change-register assertion and needs an independently retained pre-change snapshot for stronger historical assurance.; Runner-group update and snapshot collection are not transactionally atomic; the normalizer rejects later updates found before the snapshot, but provider event omission or concurrent changes outside the complete audit window remain residual risk.; The GitHub SCM adapters cover repository- and organization-scoped branch and tag ruleset updates repository-scoped push updates and legacy branch force-push deletion administrator-enforcement and CODEOWNER-review updates; other legacy branch fields ruleset create delete organization-wide push repository transfer rename and archive require separately reviewed adapters.; Repository push rulesets bind a private or internal non-fork root stable identity network_count completely paginated fork identities and reviewed network digest; the REST reads are not transactional and fork visibility or concurrent network changes remain residual risk.; Organization-wide push rulesets require complete expansion of every repository selector and every resulting root fork network; this adapter rejects that scope rather than extrapolating one repository snapshot.; Organization ruleset audit classification is an implementation inference from the documented repository_ruleset.update event ruleset_source_type Organization stable org_id and absent repository fields; validate the sanitized event shape in the adopting tenant and fail closed on divergence.; Reading repository or organization ruleset bypass actors and exact history requires the corresponding Administration write permission even though the collector only performs GET requests; isolate that credential from mutation paths and monitor all use because GitHub does not expose a narrower read-only history permission and organization scope has a larger blast radius.; Ruleset state is structurally canonicalized and may fail closed for semantically harmless list ordering changes; current and history APIs are not transactionally atomic despite later-version rejection.; The legacy branch adapter covers protected_branch.update_allow_force_pushes_enforcement_level protected_branch.update_allow_deletions_enforcement_level protected_branch.update_admin_enforced and protected_branch.update_require_code_owner_review; the versioned contract accepts force-push and deletion numeric levels zero disabled and one or two enabled plus strict boolean admin_enforced and require_code_owner_review fields. The numeric enum meaning is not documented in the public audit-event catalog, so tenant event shape must be validated before adoption and any other value fails closed.; GitHub exposes current legacy branch protection but no version history through this REST path, so the before state remains a reviewed register assertion; a separately retained pre-change snapshot is required for stronger historical assurance.; The AWS adapter is limited to root-path IAM roles changed through UpdateAssumeRolePolicy; roles with another path, CloudFormation or Terraform replacement, CreateRole, service-linked roles, SAML trust, permission policies, Azure, and GCP need separately reviewed adapters.; IAM GetRole confirms the applied trust policy and stable RoleId but does not return its historical predecessor; the before digest remains a reviewed register assertion unless an independent pre-change snapshot is retained.; CloudTrail identity attributes do not prove phishing-resistant authentication or current employment; those properties come from an organization identity and session export joined to the exact assumed-role principal and source identity.; IAM policy canonicalization is structural JSON rather than full IAM semantic normalization; harmless statement or array reordering may fail closed and require a new reviewed adapter version.; The ECR adapter covers repository access-policy changes only; transport workload identity image tag immutability operation audit and lifecycle enforcement remain PSB-CONTAINER-002, while registry-level policy replication lifecycle and scanning configuration need distinct adapters.; ECR has no immutable repository ID equivalent to IAM RoleId, so the adapter binds account region repository ARN name and creation time as one generation; assurance still depends on trustworthy DescribeRepositories evidence and complete delete-create audit retention.; Forced SetRepositoryPolicy operations can intentionally bypass lockout prevention and are rejected by the ordinary path until a separately governed emergency adapter binds the force decision and post-review.; GetRepositoryPolicy confirms the current after state but not the historical before state, and structural JSON canonicalization may reject semantically equivalent ordering changes.; The KMS adapter covers direct default-policy PutKeyPolicy changes for enabled customer-managed SIGN_VERIFY keys only; key creation deletion disablement grants aliases imported material custom key stores multi-Region operations and cryptographic Sign use need separately owned controls or adapters.; DescribeKey and GetKeyPolicy confirm the current signing key identity purpose and after policy but not the historical before state; structural JSON canonicalization may reject semantically equivalent ordering changes.; A KMS key policy alone is not the complete effective-authorization graph; IAM policies grants and VPC endpoint policies require separate inventory and review before claiming that signing or policy-administration authority was actually removed.; BypassPolicyLockoutSafetyCheck is rejected by the ordinary KMS path because it can make a key unmanageable; its use requires a separately governed emergency adapter that binds the exact bypass decision expiry and post-review.; Each GitHub CI or SCM fragment remains partial and cannot satisfy the five-service completeness check by itself.; Provider control-plane compromise could forge or omit events unless independent export integrity retention and provider assurance are established.; Machine workload federation remains PSB-CICD-006 and runner registration lifecycle remains PSB-CICD-007.; Repository workflow permissions branch behavior and untrusted PR execution remain PSB-CICD-004 and PSB-CICD-005.; Emergency response still requires organization incident authority rollback testing and an independently protected audit backend.",,,,,,,
PSB-CICD-008,PSB-CICD-008-CPC-007,cicd-security,CI/CDの特権control-plane変更を本人・承認・監査証跡へ結合する,controls/cicd-security/privileged-control-plane-change/README.md,SCM、CI、cloud federation、registry、signing serviceの特権設定変更を、named administrator、phishing-resistant session、exact policy差分、独立承認、実行、provider audit eventへ結合する。,Cross-service collection is complete fresh and fails closed,prevent; detect; verify; govern,CICD-CONTROL-PLANE-ACCOUNT-COMPROMISE: A stolen or shared administrator session changes privileged software supply-chain configuration outside the reviewed pipeline.; CICD-CONTROL-PLANE-CHANGE-SUBSTITUTION: Approval or audit evidence is replayed for a different target request policy version or resulting configuration.; CICD-CONTROL-PLANE-EMERGENCY-BYPASS: An emergency path becomes a permanent unreviewed bypass or missing provider evidence is interpreted as a clean change.,collector outage provider API failure stale cache malformed input or evidence export accidentally containing a credential,an unseen privileged change or unsafe evidence bundle is interpreted as no findings because one provider was not collected or parsing failed,complete explicit service coverage and ERROR semantics prevent partial inventory from becoming false assurance while secret-field rejection keeps audit evidence from creating another credential leak,controls/cicd-security/privileged-control-plane-change/secure/policy.json; controls/cicd-security/privileged-control-plane-change/secure/change-evidence.json; controls/cicd-security/privileged-control-plane-change/secure/github/audit-events.json; controls/cicd-security/privileged-control-plane-change/secure/github/identity-sessions.json; controls/cicd-security/privileged-control-plane-change/secure/github/change-register.json; controls/cicd-security/privileged-control-plane-change/secure/github/runner-groups.json; controls/cicd-security/privileged-control-plane-change/secure/github-scm/audit-events.json; controls/cicd-security/privileged-control-plane-change/secure/github-scm/identity-sessions.json; controls/cicd-security/privileged-control-plane-change/secure/github-scm/change-register.json; controls/cicd-security/privileged-control-plane-change/secure/github-scm/ruleset-snapshot.json; controls/cicd-security/privileged-control-plane-change/secure/github-org-scm/audit-events.json; controls/cicd-security/privileged-control-plane-change/secure/github-org-scm/identity-sessions.json; controls/cicd-security/privileged-control-plane-change/secure/github-org-scm/change-register.json; controls/cicd-security/privileged-control-plane-change/secure/github-org-scm/ruleset-snapshot.json; controls/cicd-security/privileged-control-plane-change/secure/github-tag-scm/audit-events.json; controls/cicd-security/privileged-control-plane-change/secure/github-tag-scm/identity-sessions.json; controls/cicd-security/privileged-control-plane-change/secure/github-tag-scm/change-register.json; controls/cicd-security/privileged-control-plane-change/secure/github-tag-scm/ruleset-snapshot.json; controls/cicd-security/privileged-control-plane-change/secure/github-push-scm/audit-events.json; controls/cicd-security/privileged-control-plane-change/secure/github-push-scm/identity-sessions.json; controls/cicd-security/privileged-control-plane-change/secure/github-push-scm/change-register.json; controls/cicd-security/privileged-control-plane-change/secure/github-push-scm/ruleset-snapshot.json; controls/cicd-security/privileged-control-plane-change/secure/github-push-scm/fork-network-snapshot.json; controls/cicd-security/privileged-control-plane-change/secure/github-legacy-branch-scm/audit-events.json; controls/cicd-security/privileged-control-plane-change/secure/github-legacy-branch-scm/identity-sessions.json; controls/cicd-security/privileged-control-plane-change/secure/github-legacy-branch-scm/change-register.json; controls/cicd-security/privileged-control-plane-change/secure/github-legacy-branch-scm/branch-protection-snapshot.json; controls/cicd-security/privileged-control-plane-change/secure/github-legacy-admin-branch-scm/audit-events.json; controls/cicd-security/privileged-control-plane-change/secure/github-legacy-admin-branch-scm/identity-sessions.json; controls/cicd-security/privileged-control-plane-change/secure/github-legacy-admin-branch-scm/change-register.json; controls/cicd-security/privileged-control-plane-change/secure/github-legacy-admin-branch-scm/branch-protection-snapshot.json; controls/cicd-security/privileged-control-plane-change/secure/github-legacy-codeowner-branch-scm/audit-events.json; controls/cicd-security/privileged-control-plane-change/secure/github-legacy-codeowner-branch-scm/identity-sessions.json; controls/cicd-security/privileged-control-plane-change/secure/github-legacy-codeowner-branch-scm/change-register.json; controls/cicd-security/privileged-control-plane-change/secure/github-legacy-codeowner-branch-scm/branch-protection-snapshot.json; controls/cicd-security/privileged-control-plane-change/secure/github-legacy-deletion-branch-scm/audit-events.json; controls/cicd-security/privileged-control-plane-change/secure/github-legacy-deletion-branch-scm/identity-sessions.json; controls/cicd-security/privileged-control-plane-change/secure/github-legacy-deletion-branch-scm/change-register.json; controls/cicd-security/privileged-control-plane-change/secure/github-legacy-deletion-branch-scm/branch-protection-snapshot.json; controls/cicd-security/privileged-control-plane-change/secure/aws/cloudtrail-events.json; controls/cicd-security/privileged-control-plane-change/secure/aws/identity-sessions.json; controls/cicd-security/privileged-control-plane-change/secure/aws/change-register.json; controls/cicd-security/privileged-control-plane-change/secure/aws/iam-roles.json; controls/cicd-security/privileged-control-plane-change/secure/aws-ecr/cloudtrail-events.json; controls/cicd-security/privileged-control-plane-change/secure/aws-ecr/identity-sessions.json; controls/cicd-security/privileged-control-plane-change/secure/aws-ecr/change-register.json; controls/cicd-security/privileged-control-plane-change/secure/aws-ecr/repositories.json; controls/cicd-security/privileged-control-plane-change/secure/aws-kms/cloudtrail-events.json; controls/cicd-security/privileged-control-plane-change/secure/aws-kms/identity-sessions.json; controls/cicd-security/privileged-control-plane-change/secure/aws-kms/change-register.json; controls/cicd-security/privileged-control-plane-change/secure/aws-kms/keys.json,digest-pinned collector covers required SCM CI cloud identity registry and signing services with evidence age at most 15 minutes and no credentials,ci-platform,control-plane-evidence-collector; cross-provider-change-inventory; control-plane-change-verifier,automated,run negative tests for missing services unavailable stale malformed incomplete mutable and credential-bearing evidence,evidence failure returns ERROR and never echoes credential values,collector identity and coverage record; sanitized negative-test output,,,,,,,,UNMAPPED — framework review required,unmapped,"The fixtures are provider-neutral normalized evidence and do not prove live GitHub GitLab cloud registry or signing-service configuration.; The verifier does not call provider APIs mutate settings validate hardware authenticator custody or establish organization membership.; The GitHub normalizer consumes reviewed exports and does not itself call the live REST API; GitHub audit fields cannot prove phishing-resistant authentication or independent approval without the organization identity/session and change-register joins.; The live GitHub collector selects environment.update_protection_rule org.runner_group_updated repository_ruleset.update protected_branch.update_allow_force_pushes_enforcement_level protected_branch.update_allow_deletions_enforcement_level protected_branch.update_admin_enforced and protected_branch.update_require_code_owner_review; runner ruleset and legacy branch events become evidence only after their required current-state or history joins are complete.; GitHub runner-group current state independently confirms the applied after digest but not the historical before state; the before digest remains a reviewed change-register assertion and needs an independently retained pre-change snapshot for stronger historical assurance.; Runner-group update and snapshot collection are not transactionally atomic; the normalizer rejects later updates found before the snapshot, but provider event omission or concurrent changes outside the complete audit window remain residual risk.; The GitHub SCM adapters cover repository- and organization-scoped branch and tag ruleset updates repository-scoped push updates and legacy branch force-push deletion administrator-enforcement and CODEOWNER-review updates; other legacy branch fields ruleset create delete organization-wide push repository transfer rename and archive require separately reviewed adapters.; Repository push rulesets bind a private or internal non-fork root stable identity network_count completely paginated fork identities and reviewed network digest; the REST reads are not transactional and fork visibility or concurrent network changes remain residual risk.; Organization-wide push rulesets require complete expansion of every repository selector and every resulting root fork network; this adapter rejects that scope rather than extrapolating one repository snapshot.; Organization ruleset audit classification is an implementation inference from the documented repository_ruleset.update event ruleset_source_type Organization stable org_id and absent repository fields; validate the sanitized event shape in the adopting tenant and fail closed on divergence.; Reading repository or organization ruleset bypass actors and exact history requires the corresponding Administration write permission even though the collector only performs GET requests; isolate that credential from mutation paths and monitor all use because GitHub does not expose a narrower read-only history permission and organization scope has a larger blast radius.; Ruleset state is structurally canonicalized and may fail closed for semantically harmless list ordering changes; current and history APIs are not transactionally atomic despite later-version rejection.; The legacy branch adapter covers protected_branch.update_allow_force_pushes_enforcement_level protected_branch.update_allow_deletions_enforcement_level protected_branch.update_admin_enforced and protected_branch.update_require_code_owner_review; the versioned contract accepts force-push and deletion numeric levels zero disabled and one or two enabled plus strict boolean admin_enforced and require_code_owner_review fields. The numeric enum meaning is not documented in the public audit-event catalog, so tenant event shape must be validated before adoption and any other value fails closed.; GitHub exposes current legacy branch protection but no version history through this REST path, so the before state remains a reviewed register assertion; a separately retained pre-change snapshot is required for stronger historical assurance.; The AWS adapter is limited to root-path IAM roles changed through UpdateAssumeRolePolicy; roles with another path, CloudFormation or Terraform replacement, CreateRole, service-linked roles, SAML trust, permission policies, Azure, and GCP need separately reviewed adapters.; IAM GetRole confirms the applied trust policy and stable RoleId but does not return its historical predecessor; the before digest remains a reviewed register assertion unless an independent pre-change snapshot is retained.; CloudTrail identity attributes do not prove phishing-resistant authentication or current employment; those properties come from an organization identity and session export joined to the exact assumed-role principal and source identity.; IAM policy canonicalization is structural JSON rather than full IAM semantic normalization; harmless statement or array reordering may fail closed and require a new reviewed adapter version.; The ECR adapter covers repository access-policy changes only; transport workload identity image tag immutability operation audit and lifecycle enforcement remain PSB-CONTAINER-002, while registry-level policy replication lifecycle and scanning configuration need distinct adapters.; ECR has no immutable repository ID equivalent to IAM RoleId, so the adapter binds account region repository ARN name and creation time as one generation; assurance still depends on trustworthy DescribeRepositories evidence and complete delete-create audit retention.; Forced SetRepositoryPolicy operations can intentionally bypass lockout prevention and are rejected by the ordinary path until a separately governed emergency adapter binds the force decision and post-review.; GetRepositoryPolicy confirms the current after state but not the historical before state, and structural JSON canonicalization may reject semantically equivalent ordering changes.; The KMS adapter covers direct default-policy PutKeyPolicy changes for enabled customer-managed SIGN_VERIFY keys only; key creation deletion disablement grants aliases imported material custom key stores multi-Region operations and cryptographic Sign use need separately owned controls or adapters.; DescribeKey and GetKeyPolicy confirm the current signing key identity purpose and after policy but not the historical before state; structural JSON canonicalization may reject semantically equivalent ordering changes.; A KMS key policy alone is not the complete effective-authorization graph; IAM policies grants and VPC endpoint policies require separate inventory and review before claiming that signing or policy-administration authority was actually removed.; BypassPolicyLockoutSafetyCheck is rejected by the ordinary KMS path because it can make a key unmanageable; its use requires a separately governed emergency adapter that binds the exact bypass decision expiry and post-review.; Each GitHub CI or SCM fragment remains partial and cannot satisfy the five-service completeness check by itself.; Provider control-plane compromise could forge or omit events unless independent export integrity retention and provider assurance are established.; Machine workload federation remains PSB-CICD-006 and runner registration lifecycle remains PSB-CICD-007.; Repository workflow permissions branch behavior and untrusted PR execution remain PSB-CICD-004 and PSB-CICD-005.; Emergency response still requires organization incident authority rollback testing and an independently protected audit backend.",,,,,,,
PSB-CICD-009,PSB-CICD-009-CAC-001,cicd-security,CI cache restoreを署名済みproducer provenanceとexact trust境界へ結合する,controls/cicd-security/cache-provenance-isolation/README.md,CI cacheのkeyと内容をrepository、workflow、trust class、platform、producer revision、dependency digest、期限、署名済みrecordへ結合し、異なる境界からのrestoreとprefix fallbackを拒否する。,Cache producer record is signed by the reviewed key and policy,prevent; verify,CICD-CACHE-POISONING: Untrusted or compromised producer stores executable or dependency state that a later privileged job restores and executes.; CICD-CACHE-IDENTITY-CONFUSION: Broad keys or restore prefixes select cache state from another repository workflow revision platform or dependency graph.; CICD-CACHE-EVIDENCE-FAILURE: Missing signature invalid policy stale record or verifier failure is interpreted as a cache miss or clean restore.,attacker who can write cache storage or a compromised producer attempting to forge trusted provenance,an unsigned substituted or differently governed cache record is presented as output from an approved trusted build,key names and cache IDs are mutable metadata; cryptographic binding is needed before downstream identity and content assertions can be trusted,controls/cicd-security/cache-provenance-isolation/secure/policy.json; controls/cicd-security/cache-provenance-isolation/secure/cache-record.json; controls/cicd-security/cache-provenance-isolation/secure/cache-record.sig; controls/cicd-security/cache-provenance-isolation/secure/cache-content.json; controls/cicd-security/cache-provenance-isolation/secure/restore-request.json; controls/cicd-security/cache-provenance-isolation/secure/trust/cache-producer-public.pem,canonical producer record has a valid Ed25519 signature from the exact digest-pinned public key and names the reviewed policy digest,ci-platform,ci-cache-producer-record; cache-signing-key; cache-policy,automated,verify canonical record bytes with the policy-pinned Ed25519 public key and compare signer and policy digests,authentic fixture passes while record or signature substitution is rejected and unavailable OpenSSL is an error,synthetic detached signature; public-key and policy digests,,,,,,,,sitf 1.0.0@d1d1536 / T-C007 / mitigates / high,reviewed,The runnable slice verifies provider-neutral offline evidence and does not configure or attest GitHub Actions another CI provider or cache service enforcement.; The committed Ed25519 public key signature and cache payload are synthetic test material; production private keys require isolated signing service custody rotation revocation and audit.; A trusted producer compromised before hashing and signing can create authentic malicious cache content; hermetic build isolation dependency verification and producer review remain necessary.; The verifier authenticates one content blob rather than a directory archive manifest; production adapters must hash every entry type mode link target and extraction path before use.; Same-class untrusted caches remain attacker-controlled and must not be treated as executable or promoted into privileged jobs.; Exact revision keys intentionally reduce cache hit rate and increase storage and build cost; relaxing that property requires a separately reviewed immutable input-equivalence proof.,,,,,,,
PSB-CICD-009,PSB-CICD-009-CAC-002,cicd-security,CI cache restoreを署名済みproducer provenanceとexact trust境界へ結合する,controls/cicd-security/cache-provenance-isolation/README.md,CI cacheのkeyと内容をrepository、workflow、trust class、platform、producer revision、dependency digest、期限、署名済みrecordへ結合し、異なる境界からのrestoreとprefix fallbackを拒否する。,Cache key binds the exact producer identity and dependency graph,prevent; verify,CICD-CACHE-POISONING: Untrusted or compromised producer stores executable or dependency state that a later privileged job restores and executes.; CICD-CACHE-IDENTITY-CONFUSION: Broad keys or restore prefixes select cache state from another repository workflow revision platform or dependency graph.; CICD-CACHE-EVIDENCE-FAILURE: Missing signature invalid policy stale record or verifier failure is interpreted as a cache miss or clean restore.,fork contributor compromised workflow or operator choosing a convenient shared cache namespace,a consumer restores state produced for another repository workflow platform revision or dependency set,a content digest detects later modification but does not authorize which producer context may supply state to this consumer,controls/cicd-security/cache-provenance-isolation/secure/policy.json; controls/cicd-security/cache-provenance-isolation/secure/cache-record.json; controls/cicd-security/cache-provenance-isolation/secure/cache-record.sig; controls/cicd-security/cache-provenance-isolation/secure/cache-content.json; controls/cicd-security/cache-provenance-isolation/secure/restore-request.json; controls/cicd-security/cache-provenance-isolation/secure/trust/cache-producer-public.pem,independently derived key includes stable repository ID workflow full-SHA identity trust class platform producer revision and dependency-lock digest,ci-platform,ci-cache-key; repository-workflow-identity; dependency-lockfile,automated,independently derive and compare the complete cache key and producer-consumer identity fields,omitted changed or cross-boundary key components are findings,metadata-only key derivation result,,,,,,,,sitf 1.0.0@d1d1536 / T-C007 / mitigates / high,reviewed,The runnable slice verifies provider-neutral offline evidence and does not configure or attest GitHub Actions another CI provider or cache service enforcement.; The committed Ed25519 public key signature and cache payload are synthetic test material; production private keys require isolated signing service custody rotation revocation and audit.; A trusted producer compromised before hashing and signing can create authentic malicious cache content; hermetic build isolation dependency verification and producer review remain necessary.; The verifier authenticates one content blob rather than a directory archive manifest; production adapters must hash every entry type mode link target and extraction path before use.; Same-class untrusted caches remain attacker-controlled and must not be treated as executable or promoted into privileged jobs.; Exact revision keys intentionally reduce cache hit rate and increase storage and build cost; relaxing that property requires a separately reviewed immutable input-equivalence proof.,,,,,,,
PSB-CICD-009,PSB-CICD-009-CAC-003,cicd-security,CI cache restoreを署名済みproducer provenanceとexact trust境界へ結合する,controls/cicd-security/cache-provenance-isolation/README.md,CI cacheのkeyと内容をrepository、workflow、trust class、platform、producer revision、dependency digest、期限、署名済みrecordへ結合し、異なる境界からのrestoreとprefix fallbackを拒否する。,Cache restore stays inside an explicit trust-class transition,prevent; verify,CICD-CACHE-POISONING: Untrusted or compromised producer stores executable or dependency state that a later privileged job restores and executes.; CICD-CACHE-IDENTITY-CONFUSION: Broad keys or restore prefixes select cache state from another repository workflow revision platform or dependency graph.; CICD-CACHE-EVIDENCE-FAILURE: Missing signature invalid policy stale record or verifier failure is interpreted as a cache miss or clean restore.,untrusted pull-request author or compromised low-privilege job able to populate a shared cache,attacker-controlled cache state is restored by a secret-bearing release or deployment job and gains code execution in the privileged context,namespace separation blocks cache storage from becoming an indirect promotion channel across the repository execution boundary,controls/cicd-security/cache-provenance-isolation/secure/policy.json; controls/cicd-security/cache-provenance-isolation/secure/cache-record.json; controls/cicd-security/cache-provenance-isolation/secure/cache-record.sig; controls/cicd-security/cache-provenance-isolation/secure/cache-content.json; controls/cicd-security/cache-provenance-isolation/secure/restore-request.json; controls/cicd-security/cache-provenance-isolation/secure/trust/cache-producer-public.pem,only trusted-to-trusted and untrusted-to-untrusted restore transitions are allowed,ci-platform,cache-producer-trust-class; cache-consumer-trust-class; privileged-ci-job,automated,compare producer and consumer classes against the exact same-class transition allowlist,untrusted-to-trusted and trusted-to-untrusted transitions are denied,sanitized transition decision,,,,,,,,sitf 1.0.0@d1d1536 / T-C007 / mitigates / high,reviewed,The runnable slice verifies provider-neutral offline evidence and does not configure or attest GitHub Actions another CI provider or cache service enforcement.; The committed Ed25519 public key signature and cache payload are synthetic test material; production private keys require isolated signing service custody rotation revocation and audit.; A trusted producer compromised before hashing and signing can create authentic malicious cache content; hermetic build isolation dependency verification and producer review remain necessary.; The verifier authenticates one content blob rather than a directory archive manifest; production adapters must hash every entry type mode link target and extraction path before use.; Same-class untrusted caches remain attacker-controlled and must not be treated as executable or promoted into privileged jobs.; Exact revision keys intentionally reduce cache hit rate and increase storage and build cost; relaxing that property requires a separately reviewed immutable input-equivalence proof.,,,,,,,
PSB-CICD-009,PSB-CICD-009-CAC-004,cicd-security,CI cache restoreを署名済みproducer provenanceとexact trust境界へ結合する,controls/cicd-security/cache-provenance-isolation/README.md,CI cacheのkeyと内容をrepository、workflow、trust class、platform、producer revision、dependency digest、期限、署名済みrecordへ結合し、異なる境界からのrestoreとprefix fallbackを拒否する。,Restored bytes and paths match the signed producer record,prevent; verify,CICD-CACHE-POISONING: Untrusted or compromised producer stores executable or dependency state that a later privileged job restores and executes.; CICD-CACHE-IDENTITY-CONFUSION: Broad keys or restore prefixes select cache state from another repository workflow revision platform or dependency graph.; CICD-CACHE-EVIDENCE-FAILURE: Missing signature invalid policy stale record or verifier failure is interpreted as a cache miss or clean restore.,cache-storage attacker compromised producer or path-confusion bug replacing tools scripts or startup files,the selected record is authentic but restored bytes changed afterward or extract into an executable path outside the reviewed dependency-download cache,provenance without byte and destination binding does not prevent post-production tampering or unsafe placement of otherwise authentic data,controls/cicd-security/cache-provenance-isolation/secure/policy.json; controls/cicd-security/cache-provenance-isolation/secure/cache-record.json; controls/cicd-security/cache-provenance-isolation/secure/cache-record.sig; controls/cicd-security/cache-provenance-isolation/secure/cache-content.json; controls/cicd-security/cache-provenance-isolation/secure/restore-request.json; controls/cicd-security/cache-provenance-isolation/secure/trust/cache-producer-public.pem,independently hashed cache content and exact requested paths equal the signed record and reviewed path allowlist,ci-platform,restored-cache-content; cache-extraction-path,automated,hash content independently and compare content digest requested paths record paths and policy allowlist,content or path substitution is rejected without printing cache contents,content SHA-256; path allowlist decision,,,,,,,,sitf 1.0.0@d1d1536 / T-C007 / mitigates / high,reviewed,The runnable slice verifies provider-neutral offline evidence and does not configure or attest GitHub Actions another CI provider or cache service enforcement.; The committed Ed25519 public key signature and cache payload are synthetic test material; production private keys require isolated signing service custody rotation revocation and audit.; A trusted producer compromised before hashing and signing can create authentic malicious cache content; hermetic build isolation dependency verification and producer review remain necessary.; The verifier authenticates one content blob rather than a directory archive manifest; production adapters must hash every entry type mode link target and extraction path before use.; Same-class untrusted caches remain attacker-controlled and must not be treated as executable or promoted into privileged jobs.; Exact revision keys intentionally reduce cache hit rate and increase storage and build cost; relaxing that property requires a separately reviewed immutable input-equivalence proof.,,,,,,,
PSB-CICD-009,PSB-CICD-009-CAC-005,cicd-security,CI cache restoreを署名済みproducer provenanceとexact trust境界へ結合する,controls/cicd-security/cache-provenance-isolation/README.md,CI cacheのkeyと内容をrepository、workflow、trust class、platform、producer revision、dependency digest、期限、署名済みrecordへ結合し、異なる境界からのrestoreとprefix fallbackを拒否する。,Cache record is current and revision exact,prevent; verify,CICD-CACHE-POISONING: Untrusted or compromised producer stores executable or dependency state that a later privileged job restores and executes.; CICD-CACHE-IDENTITY-CONFUSION: Broad keys or restore prefixes select cache state from another repository workflow revision platform or dependency graph.; CICD-CACHE-EVIDENCE-FAILURE: Missing signature invalid policy stale record or verifier failure is interpreted as a cache miss or clean restore.,attacker replaying an old signed cache or build automation restoring obsolete mutable state,a once-valid cache survives a dependency or source correction and reintroduces stale vulnerable or attacker-influenced output,valid signatures do not expire by themselves; explicit revision and time bounds limit replay of authentic historical state,controls/cicd-security/cache-provenance-isolation/secure/policy.json; controls/cicd-security/cache-provenance-isolation/secure/cache-record.json; controls/cicd-security/cache-provenance-isolation/secure/cache-record.sig; controls/cicd-security/cache-provenance-isolation/secure/cache-content.json; controls/cicd-security/cache-provenance-isolation/secure/restore-request.json; controls/cicd-security/cache-provenance-isolation/secure/trust/cache-producer-public.pem,consumer revision equals producer revision and evaluation occurs inside a positive lifetime no longer than 24 hours,ci-platform,cache-record-lifetime; source-revision,automated,compare created expiry evaluation and exact producer-consumer revision values,expired future overlong and revision-mismatched records are findings,metadata-only lifetime decision,,,,,,,,sitf 1.0.0@d1d1536 / T-C007 / mitigates / high,reviewed,The runnable slice verifies provider-neutral offline evidence and does not configure or attest GitHub Actions another CI provider or cache service enforcement.; The committed Ed25519 public key signature and cache payload are synthetic test material; production private keys require isolated signing service custody rotation revocation and audit.; A trusted producer compromised before hashing and signing can create authentic malicious cache content; hermetic build isolation dependency verification and producer review remain necessary.; The verifier authenticates one content blob rather than a directory archive manifest; production adapters must hash every entry type mode link target and extraction path before use.; Same-class untrusted caches remain attacker-controlled and must not be treated as executable or promoted into privileged jobs.; Exact revision keys intentionally reduce cache hit rate and increase storage and build cost; relaxing that property requires a separately reviewed immutable input-equivalence proof.,,,,,,,
PSB-CICD-009,PSB-CICD-009-CAC-006,cicd-security,CI cache restoreを署名済みproducer provenanceとexact trust境界へ結合する,controls/cicd-security/cache-provenance-isolation/README.md,CI cacheのkeyと内容をrepository、workflow、trust class、platform、producer revision、dependency digest、期限、署名済みrecordへ結合し、異なる境界からのrestoreとprefix fallbackを拒否する。,Consumer requests exact cache record content policy and key identities,prevent; verify,CICD-CACHE-POISONING: Untrusted or compromised producer stores executable or dependency state that a later privileged job restores and executes.; CICD-CACHE-IDENTITY-CONFUSION: Broad keys or restore prefixes select cache state from another repository workflow revision platform or dependency graph.; CICD-CACHE-EVIDENCE-FAILURE: Missing signature invalid policy stale record or verifier failure is interpreted as a cache miss or clean restore.,workflow author compromised action or cache client falling back to a broader earlier cache after an exact miss,a prefix match silently selects a different record or content than the consumer reviewed and expected,exact producer metadata is insufficient when lookup semantics may substitute another candidate before verification,controls/cicd-security/cache-provenance-isolation/secure/policy.json; controls/cicd-security/cache-provenance-isolation/secure/cache-record.json; controls/cicd-security/cache-provenance-isolation/secure/cache-record.sig; controls/cicd-security/cache-provenance-isolation/secure/cache-content.json; controls/cicd-security/cache-provenance-isolation/secure/restore-request.json; controls/cicd-security/cache-provenance-isolation/secure/trust/cache-producer-public.pem,restore request fixes exact record policy content and cache-key digests and supplies no prefix fallback,ci-platform,ci-cache-restore-request; cache-lookup-policy,automated,compare all expected digests and key values and require an empty restore-prefix list,prefix and identity fallback are rejected,sanitized exact-lookup decision,,,,,,,,sitf 1.0.0@d1d1536 / T-C007 / mitigates / high,reviewed,The runnable slice verifies provider-neutral offline evidence and does not configure or attest GitHub Actions another CI provider or cache service enforcement.; The committed Ed25519 public key signature and cache payload are synthetic test material; production private keys require isolated signing service custody rotation revocation and audit.; A trusted producer compromised before hashing and signing can create authentic malicious cache content; hermetic build isolation dependency verification and producer review remain necessary.; The verifier authenticates one content blob rather than a directory archive manifest; production adapters must hash every entry type mode link target and extraction path before use.; Same-class untrusted caches remain attacker-controlled and must not be treated as executable or promoted into privileged jobs.; Exact revision keys intentionally reduce cache hit rate and increase storage and build cost; relaxing that property requires a separately reviewed immutable input-equivalence proof.,,,,,,,
PSB-CICD-009,PSB-CICD-009-CAC-007,cicd-security,CI cache restoreを署名済みproducer provenanceとexact trust境界へ結合する,controls/cicd-security/cache-provenance-isolation/README.md,CI cacheのkeyと内容をrepository、workflow、trust class、platform、producer revision、dependency digest、期限、署名済みrecordへ結合し、異なる境界からのrestoreとprefix fallbackを拒否する。,Cache provenance evaluation is complete metadata-only and fail closed,prevent; verify,CICD-CACHE-POISONING: Untrusted or compromised producer stores executable or dependency state that a later privileged job restores and executes.; CICD-CACHE-IDENTITY-CONFUSION: Broad keys or restore prefixes select cache state from another repository workflow revision platform or dependency graph.; CICD-CACHE-EVIDENCE-FAILURE: Missing signature invalid policy stale record or verifier failure is interpreted as a cache miss or clean restore.,malformed evidence symlink oversized input missing tool or pipeline logic treating evaluation failure as an ordinary cache miss,"a cache restore proceeds because the verifier could not parse authenticate or safely read its evidence, or cached data leaks into logs",an explicit error state prevents loss of assurance from becoming implicit authorization and metadata-only output avoids creating a new exfiltration channel,controls/cicd-security/cache-provenance-isolation/secure/policy.json; controls/cicd-security/cache-provenance-isolation/secure/cache-record.json; controls/cicd-security/cache-provenance-isolation/secure/cache-record.sig; controls/cicd-security/cache-provenance-isolation/secure/cache-content.json; controls/cicd-security/cache-provenance-isolation/secure/restore-request.json; controls/cicd-security/cache-provenance-isolation/secure/trust/cache-producer-public.pem,strict complete schemas bounded regular files validated policy and available cryptographic verifier produce only metadata decisions with distinct error status,ci-platform,cache-provenance-verifier; cache-restore-quality-gate; security-evidence-output,automated,exercise malformed incomplete symlink invalid-policy and missing-OpenSSL cases and scan output for cache payload text,failures return exit 2 never exit 0 and output does not contain cached artifact names,sanitized negative-test output,,,,,,,,UNMAPPED — framework review required,unmapped,The runnable slice verifies provider-neutral offline evidence and does not configure or attest GitHub Actions another CI provider or cache service enforcement.; The committed Ed25519 public key signature and cache payload are synthetic test material; production private keys require isolated signing service custody rotation revocation and audit.; A trusted producer compromised before hashing and signing can create authentic malicious cache content; hermetic build isolation dependency verification and producer review remain necessary.; The verifier authenticates one content blob rather than a directory archive manifest; production adapters must hash every entry type mode link target and extraction path before use.; Same-class untrusted caches remain attacker-controlled and must not be treated as executable or promoted into privileged jobs.; Exact revision keys intentionally reduce cache hit rate and increase storage and build cost; relaxing that property requires a separately reviewed immutable input-equivalence proof.,,,,,,,
