Control ID,Check ID,Domain,Control Title,Control Path,Control Summary,Check Title,Security Functions,Threat Scenarios,Threat Actor or Source,Row Attack or Failure Scenario,Why This Check Is Required,Secure Examples,Required State,Responsible Role,Applies To,Verification Type,Verification Method,Expected Result,Required Evidence,Assessment Command,Assessment Platforms,SLSA Track,SLSA Requirement Levels,SLSA Minimum Level,SLSA Responsibility,SLSA Build L2 Scope,Framework Mappings,Mapping Status,Limitations,Implementation Status,Assessment Result,Evidence URL,Assignee,Due Date,Exception ID,Notes
PSB-DEPS-001,PSB-DEPS-001-COOL-001,dependency-security,managed registry proxyとrelease cooldownで依存パッケージ採用を制御,controls/dependency-security/release-cooldown/README.md,依存パッケージの取得を管理対象プロキシへ固定し、新バージョンの採用を一定期間遅らせて、レジストリ迂回と公開直後のサプライチェーン攻撃への露出を減らす。,New dependency releases observe the minimum cooldown,prevent; verify,DEPENDENCY-NEW-RELEASE-COMPROMISE: 侵害されたmaintainerまたはregistryから公開された直後のmalicious versionを開発端末やCIが自動採用する。; DEPENDENCY-COOLDOWN-BYPASS: allowlist外registry、integrity欠落、広すぎる例外、またはmetadata検証失敗によってcooldownが迂回される。; DEPENDENCY-PROXY-BYPASS: 開発者設定のdrift、direct fallback、またはpublic registryへの直接通信により、managed security proxyの検査と追跡が迂回される。,attacker publishing a compromised package version through a maintainer account,automation adopts the release immediately before community detection yanking or advisory publication,a minimum observation window reduces exposure to attacks whose warning signals emerge shortly after release,controls/dependency-security/release-cooldown/secure/cooldown-policy.json; controls/dependency-security/release-cooldown/secure/lockfile.json; controls/dependency-security/release-cooldown/secure/registry-metadata.json; controls/dependency-security/release-cooldown/secure/artifacts/stable-lib-1.4.0.artifact; controls/dependency-security/release-cooldown/secure/artifacts/urgent-security-fix-2.0.1.artifact; controls/dependency-security/release-cooldown/secure/registry-proxy-policy.json; controls/dependency-security/release-cooldown/secure/native-cooldown-policy.json; controls/dependency-security/release-cooldown/secure/clients/npmrc; controls/dependency-security/release-cooldown/secure/clients/pip.conf; controls/dependency-security/release-cooldown/secure/clients/uv.toml; controls/dependency-security/release-cooldown/secure/clients/pnpm-workspace.yaml; controls/dependency-security/release-cooldown/secure/clients/yarnrc.yml; controls/dependency-security/release-cooldown/secure/clients/go.env; controls/dependency-security/release-cooldown/secure/clients/composer.json; controls/dependency-security/release-cooldown/secure/direct-public-registry/.npmrc; controls/dependency-security/release-cooldown/scripts/check_npm_release_age.py,release age is at least seven days,repository-admin,dependency-update,automated,make verify-control CONTROL=PSB-DEPS-001,releases younger than the policy minimum are rejected,sanitized verifier output,,,,,,,,"mitre-attack v19.1 / T1195.001 / mitigates / medium; nist-ssdf 1.1 (SP 800-218, 2022) / PW.4.1 / supports / medium",reviewed,7日のcooldownは運用baselineであり、packageが安全になることを保証する時間ではない。; 待機期間を過ぎたmalware、長期潜伏、typosquatting、dependency confusionは別controlが必要である。; Metadata snapshotの真正性とregistry自体の非侵害はこのlocal verifierだけでは証明できない。; 緊急security updateでは期限付きexact version例外が必要になる場合がある。; Cooldownはlockfile、integrity、dependency review、SCA、registry制限と組み合わせる必要がある。; Metadata取得または検証器の失敗をcleanな結果として扱ってはいけない。; Proxy blocklistは既知またはproviderが検知したpackageに依存し、malicious packageをすべて遮断できるとは限らない。; このlocal fixtureはMDM適用状態、public registryへの実network egress拒否、またはproxy serviceの可用性を単独では証明しない。; Native profileはpackage managerの対応version、設定precedence、registryのpublish-time metadataに依存し、local fixtureだけでは実端末への適用状態を証明しない。; Direct-public npm adapterは一つのexact package versionだけを判定するため、CIはPSB-DEPS-004のtrusted graph deltaから全候補を列挙する必要がある。; Direct-public registryではmanaged proxyのmalware blocking、download tracking、breach notification、central egress enforcementを利用できない。; Repository .npmrcより優先されるCLI、environment、user設定はlive effective-config verificationなしでは検出できない。; npm 11.10.0未満はmin-release-ageを保持または表示してもnative enforcementを提供しないため、trusted CI adapterが必要である。; cooldowns.devはcommunity-maintainedな機能発見用referenceであり、framework mappingまたは公式な設定仕様として扱わない。; cooldowns helper scriptは実行せず、global user configurationを暗黙変更する導入方法をこのcontrolは許可しない。,,,,,,,
PSB-DEPS-001,PSB-DEPS-001-COOL-002,dependency-security,managed registry proxyとrelease cooldownで依存パッケージ採用を制御,controls/dependency-security/release-cooldown/README.md,依存パッケージの取得を管理対象プロキシへ固定し、新バージョンの採用を一定期間遅らせて、レジストリ迂回と公開直後のサプライチェーン攻撃への露出を減らす。,Urgent dependency exceptions are exact and time bound,prevent; verify,DEPENDENCY-NEW-RELEASE-COMPROMISE: 侵害されたmaintainerまたはregistryから公開された直後のmalicious versionを開発端末やCIが自動採用する。; DEPENDENCY-COOLDOWN-BYPASS: allowlist外registry、integrity欠落、広すぎる例外、またはmetadata検証失敗によってcooldownが迂回される。; DEPENDENCY-PROXY-BYPASS: 開発者設定のdrift、direct fallback、またはpublic registryへの直接通信により、managed security proxyの検査と追跡が迂回される。,maintainer bypassing cooldown for urgent fixes or attacker abusing a broad exception,an exception covers extra packages versions or time beyond the reviewed emergency,exact owned expiring approval permits urgent response without permanently removing the observation window,controls/dependency-security/release-cooldown/secure/cooldown-policy.json; controls/dependency-security/release-cooldown/secure/lockfile.json; controls/dependency-security/release-cooldown/secure/registry-metadata.json; controls/dependency-security/release-cooldown/secure/artifacts/stable-lib-1.4.0.artifact; controls/dependency-security/release-cooldown/secure/artifacts/urgent-security-fix-2.0.1.artifact; controls/dependency-security/release-cooldown/secure/registry-proxy-policy.json; controls/dependency-security/release-cooldown/secure/native-cooldown-policy.json; controls/dependency-security/release-cooldown/secure/clients/npmrc; controls/dependency-security/release-cooldown/secure/clients/pip.conf; controls/dependency-security/release-cooldown/secure/clients/uv.toml; controls/dependency-security/release-cooldown/secure/clients/pnpm-workspace.yaml; controls/dependency-security/release-cooldown/secure/clients/yarnrc.yml; controls/dependency-security/release-cooldown/secure/clients/go.env; controls/dependency-security/release-cooldown/secure/clients/composer.json; controls/dependency-security/release-cooldown/secure/direct-public-registry/.npmrc; controls/dependency-security/release-cooldown/scripts/check_npm_release_age.py,exact version owner reason approver and expiry required,security,dependency-update,automated,make verify-control CONTROL=PSB-DEPS-001,broad incomplete and expired exceptions are rejected,sanitized verifier output; exception approval,,,,,,,,"mitre-attack v19.1 / T1195.001 / mitigates / medium; nist-ssdf 1.1 (SP 800-218, 2022) / PW.4.1 / supports / medium",reviewed,7日のcooldownは運用baselineであり、packageが安全になることを保証する時間ではない。; 待機期間を過ぎたmalware、長期潜伏、typosquatting、dependency confusionは別controlが必要である。; Metadata snapshotの真正性とregistry自体の非侵害はこのlocal verifierだけでは証明できない。; 緊急security updateでは期限付きexact version例外が必要になる場合がある。; Cooldownはlockfile、integrity、dependency review、SCA、registry制限と組み合わせる必要がある。; Metadata取得または検証器の失敗をcleanな結果として扱ってはいけない。; Proxy blocklistは既知またはproviderが検知したpackageに依存し、malicious packageをすべて遮断できるとは限らない。; このlocal fixtureはMDM適用状態、public registryへの実network egress拒否、またはproxy serviceの可用性を単独では証明しない。; Native profileはpackage managerの対応version、設定precedence、registryのpublish-time metadataに依存し、local fixtureだけでは実端末への適用状態を証明しない。; Direct-public npm adapterは一つのexact package versionだけを判定するため、CIはPSB-DEPS-004のtrusted graph deltaから全候補を列挙する必要がある。; Direct-public registryではmanaged proxyのmalware blocking、download tracking、breach notification、central egress enforcementを利用できない。; Repository .npmrcより優先されるCLI、environment、user設定はlive effective-config verificationなしでは検出できない。; npm 11.10.0未満はmin-release-ageを保持または表示してもnative enforcementを提供しないため、trusted CI adapterが必要である。; cooldowns.devはcommunity-maintainedな機能発見用referenceであり、framework mappingまたは公式な設定仕様として扱わない。; cooldowns helper scriptは実行せず、global user configurationを暗黙変更する導入方法をこのcontrolは許可しない。,,,,,,,
PSB-DEPS-001,PSB-DEPS-001-COOL-003,dependency-security,managed registry proxyとrelease cooldownで依存パッケージ採用を制御,controls/dependency-security/release-cooldown/README.md,依存パッケージの取得を管理対象プロキシへ固定し、新バージョンの採用を一定期間遅らせて、レジストリ迂回と公開直後のサプライチェーン攻撃への露出を減らす。,Cooldown policy cannot be weakened below the baseline,prevent; verify,DEPENDENCY-NEW-RELEASE-COMPROMISE: 侵害されたmaintainerまたはregistryから公開された直後のmalicious versionを開発端末やCIが自動採用する。; DEPENDENCY-COOLDOWN-BYPASS: allowlist外registry、integrity欠落、広すぎる例外、またはmetadata検証失敗によってcooldownが迂回される。; DEPENDENCY-PROXY-BYPASS: 開発者設定のdrift、direct fallback、またはpublic registryへの直接通信により、managed security proxyの検査と追跡が迂回される。,configuration drift or contributor reducing the waiting period for convenience,nominal cooldown remains enabled but its value is lowered below the reviewed baseline,enforcing the policy floor prevents semantic weakening that a simple enabled check would miss,controls/dependency-security/release-cooldown/secure/cooldown-policy.json; controls/dependency-security/release-cooldown/secure/lockfile.json; controls/dependency-security/release-cooldown/secure/registry-metadata.json; controls/dependency-security/release-cooldown/secure/artifacts/stable-lib-1.4.0.artifact; controls/dependency-security/release-cooldown/secure/artifacts/urgent-security-fix-2.0.1.artifact; controls/dependency-security/release-cooldown/secure/registry-proxy-policy.json; controls/dependency-security/release-cooldown/secure/native-cooldown-policy.json; controls/dependency-security/release-cooldown/secure/clients/npmrc; controls/dependency-security/release-cooldown/secure/clients/pip.conf; controls/dependency-security/release-cooldown/secure/clients/uv.toml; controls/dependency-security/release-cooldown/secure/clients/pnpm-workspace.yaml; controls/dependency-security/release-cooldown/secure/clients/yarnrc.yml; controls/dependency-security/release-cooldown/secure/clients/go.env; controls/dependency-security/release-cooldown/secure/clients/composer.json; controls/dependency-security/release-cooldown/secure/direct-public-registry/.npmrc; controls/dependency-security/release-cooldown/scripts/check_npm_release_age.py,minimum cooldown is seven days,repository-admin,dependency-policy,automated,make verify-control CONTROL=PSB-DEPS-001,shorter cooldown policy values are rejected,negative-test output,,,,,,,,"mitre-attack v19.1 / T1195.001 / mitigates / medium; nist-ssdf 1.1 (SP 800-218, 2022) / PW.4.1 / supports / medium",reviewed,7日のcooldownは運用baselineであり、packageが安全になることを保証する時間ではない。; 待機期間を過ぎたmalware、長期潜伏、typosquatting、dependency confusionは別controlが必要である。; Metadata snapshotの真正性とregistry自体の非侵害はこのlocal verifierだけでは証明できない。; 緊急security updateでは期限付きexact version例外が必要になる場合がある。; Cooldownはlockfile、integrity、dependency review、SCA、registry制限と組み合わせる必要がある。; Metadata取得または検証器の失敗をcleanな結果として扱ってはいけない。; Proxy blocklistは既知またはproviderが検知したpackageに依存し、malicious packageをすべて遮断できるとは限らない。; このlocal fixtureはMDM適用状態、public registryへの実network egress拒否、またはproxy serviceの可用性を単独では証明しない。; Native profileはpackage managerの対応version、設定precedence、registryのpublish-time metadataに依存し、local fixtureだけでは実端末への適用状態を証明しない。; Direct-public npm adapterは一つのexact package versionだけを判定するため、CIはPSB-DEPS-004のtrusted graph deltaから全候補を列挙する必要がある。; Direct-public registryではmanaged proxyのmalware blocking、download tracking、breach notification、central egress enforcementを利用できない。; Repository .npmrcより優先されるCLI、environment、user設定はlive effective-config verificationなしでは検出できない。; npm 11.10.0未満はmin-release-ageを保持または表示してもnative enforcementを提供しないため、trusted CI adapterが必要である。; cooldowns.devはcommunity-maintainedな機能発見用referenceであり、framework mappingまたは公式な設定仕様として扱わない。; cooldowns helper scriptは実行せず、global user configurationを暗黙変更する導入方法をこのcontrolは許可しない。,,,,,,,
PSB-DEPS-001,PSB-DEPS-001-COOL-004,dependency-security,managed registry proxyとrelease cooldownで依存パッケージ採用を制御,controls/dependency-security/release-cooldown/README.md,依存パッケージの取得を管理対象プロキシへ固定し、新バージョンの採用を一定期間遅らせて、レジストリ迂回と公開直後のサプライチェーン攻撃への露出を減らす。,Dependency metadata comes from an approved registry,prevent; verify,DEPENDENCY-NEW-RELEASE-COMPROMISE: 侵害されたmaintainerまたはregistryから公開された直後のmalicious versionを開発端末やCIが自動採用する。; DEPENDENCY-COOLDOWN-BYPASS: allowlist外registry、integrity欠落、広すぎる例外、またはmetadata検証失敗によってcooldownが迂回される。; DEPENDENCY-PROXY-BYPASS: 開発者設定のdrift、direct fallback、またはpublic registryへの直接通信により、managed security proxyの検査と追跡が迂回される。,dependency-confusion publisher or registry metadata source controlled by an attacker,release age and version facts come from an unapproved registry origin,cooldown decisions are trustworthy only when metadata is bound to an approved credential-free HTTPS source,controls/dependency-security/release-cooldown/secure/cooldown-policy.json; controls/dependency-security/release-cooldown/secure/lockfile.json; controls/dependency-security/release-cooldown/secure/registry-metadata.json; controls/dependency-security/release-cooldown/secure/artifacts/stable-lib-1.4.0.artifact; controls/dependency-security/release-cooldown/secure/artifacts/urgent-security-fix-2.0.1.artifact; controls/dependency-security/release-cooldown/secure/registry-proxy-policy.json; controls/dependency-security/release-cooldown/secure/native-cooldown-policy.json; controls/dependency-security/release-cooldown/secure/clients/npmrc; controls/dependency-security/release-cooldown/secure/clients/pip.conf; controls/dependency-security/release-cooldown/secure/clients/uv.toml; controls/dependency-security/release-cooldown/secure/clients/pnpm-workspace.yaml; controls/dependency-security/release-cooldown/secure/clients/yarnrc.yml; controls/dependency-security/release-cooldown/secure/clients/go.env; controls/dependency-security/release-cooldown/secure/clients/composer.json; controls/dependency-security/release-cooldown/secure/direct-public-registry/.npmrc; controls/dependency-security/release-cooldown/scripts/check_npm_release_age.py,credential-free HTTPS registry allowlist,repository-admin,dependency-registry,automated,make verify-control CONTROL=PSB-DEPS-001,metadata from an unapproved registry is rejected,sanitized verifier output,,,,,,,,"nist-ssdf 1.1 (SP 800-218, 2022) / PW.4.1 / supports / medium",reviewed,7日のcooldownは運用baselineであり、packageが安全になることを保証する時間ではない。; 待機期間を過ぎたmalware、長期潜伏、typosquatting、dependency confusionは別controlが必要である。; Metadata snapshotの真正性とregistry自体の非侵害はこのlocal verifierだけでは証明できない。; 緊急security updateでは期限付きexact version例外が必要になる場合がある。; Cooldownはlockfile、integrity、dependency review、SCA、registry制限と組み合わせる必要がある。; Metadata取得または検証器の失敗をcleanな結果として扱ってはいけない。; Proxy blocklistは既知またはproviderが検知したpackageに依存し、malicious packageをすべて遮断できるとは限らない。; このlocal fixtureはMDM適用状態、public registryへの実network egress拒否、またはproxy serviceの可用性を単独では証明しない。; Native profileはpackage managerの対応version、設定precedence、registryのpublish-time metadataに依存し、local fixtureだけでは実端末への適用状態を証明しない。; Direct-public npm adapterは一つのexact package versionだけを判定するため、CIはPSB-DEPS-004のtrusted graph deltaから全候補を列挙する必要がある。; Direct-public registryではmanaged proxyのmalware blocking、download tracking、breach notification、central egress enforcementを利用できない。; Repository .npmrcより優先されるCLI、environment、user設定はlive effective-config verificationなしでは検出できない。; npm 11.10.0未満はmin-release-ageを保持または表示してもnative enforcementを提供しないため、trusted CI adapterが必要である。; cooldowns.devはcommunity-maintainedな機能発見用referenceであり、framework mappingまたは公式な設定仕様として扱わない。; cooldowns helper scriptは実行せず、global user configurationを暗黙変更する導入方法をこのcontrolは許可しない。,,,,,,,
PSB-DEPS-001,PSB-DEPS-001-COOL-005,dependency-security,managed registry proxyとrelease cooldownで依存パッケージ採用を制御,controls/dependency-security/release-cooldown/README.md,依存パッケージの取得を管理対象プロキシへ固定し、新バージョンの採用を一定期間遅らせて、レジストリ迂回と公開直後のサプライチェーン攻撃への露出を減らす。,Cooldown inputs and artifacts are integrity verified,prevent; verify,DEPENDENCY-NEW-RELEASE-COMPROMISE: 侵害されたmaintainerまたはregistryから公開された直後のmalicious versionを開発端末やCIが自動採用する。; DEPENDENCY-COOLDOWN-BYPASS: allowlist外registry、integrity欠落、広すぎる例外、またはmetadata検証失敗によってcooldownが迂回される。; DEPENDENCY-PROXY-BYPASS: 開発者設定のdrift、direct fallback、またはpublic registryへの直接通信により、managed security proxyの検査と追跡が迂回される。,metadata tampering cache poisoning or artifact replacement after age approval,an old enough version passes cooldown but its metadata or downloaded bytes differ from expected content,integrity checks ensure cooldown applies to the exact artifact under review rather than only its version label,controls/dependency-security/release-cooldown/secure/cooldown-policy.json; controls/dependency-security/release-cooldown/secure/lockfile.json; controls/dependency-security/release-cooldown/secure/registry-metadata.json; controls/dependency-security/release-cooldown/secure/artifacts/stable-lib-1.4.0.artifact; controls/dependency-security/release-cooldown/secure/artifacts/urgent-security-fix-2.0.1.artifact; controls/dependency-security/release-cooldown/secure/registry-proxy-policy.json; controls/dependency-security/release-cooldown/secure/native-cooldown-policy.json; controls/dependency-security/release-cooldown/secure/clients/npmrc; controls/dependency-security/release-cooldown/secure/clients/pip.conf; controls/dependency-security/release-cooldown/secure/clients/uv.toml; controls/dependency-security/release-cooldown/secure/clients/pnpm-workspace.yaml; controls/dependency-security/release-cooldown/secure/clients/yarnrc.yml; controls/dependency-security/release-cooldown/secure/clients/go.env; controls/dependency-security/release-cooldown/secure/clients/composer.json; controls/dependency-security/release-cooldown/secure/direct-public-registry/.npmrc; controls/dependency-security/release-cooldown/scripts/check_npm_release_age.py,lockfile metadata and artifact SHA-256 values match,developer,dependency-artifact,automated,make verify-control CONTROL=PSB-DEPS-001,missing or mismatched integrity values are rejected,sanitized verifier output,,,,,,,,"nist-ssdf 1.1 (SP 800-218, 2022) / PW.4.1 / supports / medium",reviewed,7日のcooldownは運用baselineであり、packageが安全になることを保証する時間ではない。; 待機期間を過ぎたmalware、長期潜伏、typosquatting、dependency confusionは別controlが必要である。; Metadata snapshotの真正性とregistry自体の非侵害はこのlocal verifierだけでは証明できない。; 緊急security updateでは期限付きexact version例外が必要になる場合がある。; Cooldownはlockfile、integrity、dependency review、SCA、registry制限と組み合わせる必要がある。; Metadata取得または検証器の失敗をcleanな結果として扱ってはいけない。; Proxy blocklistは既知またはproviderが検知したpackageに依存し、malicious packageをすべて遮断できるとは限らない。; このlocal fixtureはMDM適用状態、public registryへの実network egress拒否、またはproxy serviceの可用性を単独では証明しない。; Native profileはpackage managerの対応version、設定precedence、registryのpublish-time metadataに依存し、local fixtureだけでは実端末への適用状態を証明しない。; Direct-public npm adapterは一つのexact package versionだけを判定するため、CIはPSB-DEPS-004のtrusted graph deltaから全候補を列挙する必要がある。; Direct-public registryではmanaged proxyのmalware blocking、download tracking、breach notification、central egress enforcementを利用できない。; Repository .npmrcより優先されるCLI、environment、user設定はlive effective-config verificationなしでは検出できない。; npm 11.10.0未満はmin-release-ageを保持または表示してもnative enforcementを提供しないため、trusted CI adapterが必要である。; cooldowns.devはcommunity-maintainedな機能発見用referenceであり、framework mappingまたは公式な設定仕様として扱わない。; cooldowns helper scriptは実行せず、global user configurationを暗黙変更する導入方法をこのcontrolは許可しない。,,,,,,,
PSB-DEPS-001,PSB-DEPS-001-COOL-006,dependency-security,managed registry proxyとrelease cooldownで依存パッケージ採用を制御,controls/dependency-security/release-cooldown/README.md,依存パッケージの取得を管理対象プロキシへ固定し、新バージョンの採用を一定期間遅らせて、レジストリ迂回と公開直後のサプライチェーン攻撃への露出を減らす。,Cooldown verification failures are not clean results,prevent; verify,DEPENDENCY-NEW-RELEASE-COMPROMISE: 侵害されたmaintainerまたはregistryから公開された直後のmalicious versionを開発端末やCIが自動採用する。; DEPENDENCY-COOLDOWN-BYPASS: allowlist外registry、integrity欠落、広すぎる例外、またはmetadata検証失敗によってcooldownが迂回される。; DEPENDENCY-PROXY-BYPASS: 開発者設定のdrift、direct fallback、またはpublic registryへの直接通信により、managed security proxyの検査と追跡が迂回される。,registry failure malformed metadata missing artifact or assessment tooling error,release age or integrity cannot be established but dependency adoption is reported clean,operational failure must block or escalate because no observation guarantee was verified,controls/dependency-security/release-cooldown/secure/cooldown-policy.json; controls/dependency-security/release-cooldown/secure/lockfile.json; controls/dependency-security/release-cooldown/secure/registry-metadata.json; controls/dependency-security/release-cooldown/secure/artifacts/stable-lib-1.4.0.artifact; controls/dependency-security/release-cooldown/secure/artifacts/urgent-security-fix-2.0.1.artifact; controls/dependency-security/release-cooldown/secure/registry-proxy-policy.json; controls/dependency-security/release-cooldown/secure/native-cooldown-policy.json; controls/dependency-security/release-cooldown/secure/clients/npmrc; controls/dependency-security/release-cooldown/secure/clients/pip.conf; controls/dependency-security/release-cooldown/secure/clients/uv.toml; controls/dependency-security/release-cooldown/secure/clients/pnpm-workspace.yaml; controls/dependency-security/release-cooldown/secure/clients/yarnrc.yml; controls/dependency-security/release-cooldown/secure/clients/go.env; controls/dependency-security/release-cooldown/secure/clients/composer.json; controls/dependency-security/release-cooldown/secure/direct-public-registry/.npmrc; controls/dependency-security/release-cooldown/scripts/check_npm_release_age.py,metadata parse and artifact read failures produce an error,repository-admin,dependency-verifier,automated,make verify-control CONTROL=PSB-DEPS-001,input failures use a distinct non-zero result,negative-test output,,,,,,,,UNMAPPED — framework review required,unmapped,7日のcooldownは運用baselineであり、packageが安全になることを保証する時間ではない。; 待機期間を過ぎたmalware、長期潜伏、typosquatting、dependency confusionは別controlが必要である。; Metadata snapshotの真正性とregistry自体の非侵害はこのlocal verifierだけでは証明できない。; 緊急security updateでは期限付きexact version例外が必要になる場合がある。; Cooldownはlockfile、integrity、dependency review、SCA、registry制限と組み合わせる必要がある。; Metadata取得または検証器の失敗をcleanな結果として扱ってはいけない。; Proxy blocklistは既知またはproviderが検知したpackageに依存し、malicious packageをすべて遮断できるとは限らない。; このlocal fixtureはMDM適用状態、public registryへの実network egress拒否、またはproxy serviceの可用性を単独では証明しない。; Native profileはpackage managerの対応version、設定precedence、registryのpublish-time metadataに依存し、local fixtureだけでは実端末への適用状態を証明しない。; Direct-public npm adapterは一つのexact package versionだけを判定するため、CIはPSB-DEPS-004のtrusted graph deltaから全候補を列挙する必要がある。; Direct-public registryではmanaged proxyのmalware blocking、download tracking、breach notification、central egress enforcementを利用できない。; Repository .npmrcより優先されるCLI、environment、user設定はlive effective-config verificationなしでは検出できない。; npm 11.10.0未満はmin-release-ageを保持または表示してもnative enforcementを提供しないため、trusted CI adapterが必要である。; cooldowns.devはcommunity-maintainedな機能発見用referenceであり、framework mappingまたは公式な設定仕様として扱わない。; cooldowns helper scriptは実行せず、global user configurationを暗黙変更する導入方法をこのcontrolは許可しない。,,,,,,,
PSB-DEPS-001,PSB-DEPS-001-COOL-007,dependency-security,managed registry proxyとrelease cooldownで依存パッケージ採用を制御,controls/dependency-security/release-cooldown/README.md,依存パッケージの取得を管理対象プロキシへ固定し、新バージョンの採用を一定期間遅らせて、レジストリ迂回と公開直後のサプライチェーン攻撃への露出を減らす。,Managed dependency proxy is mandatory and fail closed,prevent; verify,DEPENDENCY-NEW-RELEASE-COMPROMISE: 侵害されたmaintainerまたはregistryから公開された直後のmalicious versionを開発端末やCIが自動採用する。; DEPENDENCY-COOLDOWN-BYPASS: allowlist外registry、integrity欠落、広すぎる例外、またはmetadata検証失敗によってcooldownが迂回される。; DEPENDENCY-PROXY-BYPASS: 開発者設定のdrift、direct fallback、またはpublic registryへの直接通信により、managed security proxyの検査と追跡が迂回される。,malicious package publisher or local process attempting to bypass registry inspection,package-manager drift direct fallback or public-registry egress avoids proxy blocking tracking and notification,a centrally enforced proxy route turns an optional developer setting into a consistent dependency acquisition guardrail,controls/dependency-security/release-cooldown/secure/cooldown-policy.json; controls/dependency-security/release-cooldown/secure/lockfile.json; controls/dependency-security/release-cooldown/secure/registry-metadata.json; controls/dependency-security/release-cooldown/secure/artifacts/stable-lib-1.4.0.artifact; controls/dependency-security/release-cooldown/secure/artifacts/urgent-security-fix-2.0.1.artifact; controls/dependency-security/release-cooldown/secure/registry-proxy-policy.json; controls/dependency-security/release-cooldown/secure/native-cooldown-policy.json; controls/dependency-security/release-cooldown/secure/clients/npmrc; controls/dependency-security/release-cooldown/secure/clients/pip.conf; controls/dependency-security/release-cooldown/secure/clients/uv.toml; controls/dependency-security/release-cooldown/secure/clients/pnpm-workspace.yaml; controls/dependency-security/release-cooldown/secure/clients/yarnrc.yml; controls/dependency-security/release-cooldown/secure/clients/go.env; controls/dependency-security/release-cooldown/secure/clients/composer.json; controls/dependency-security/release-cooldown/secure/direct-public-registry/.npmrc; controls/dependency-security/release-cooldown/scripts/check_npm_release_age.py,centrally distributed proxy-only routes with no direct fallback and ERROR on outage,security,developer-endpoint; dependency-registry,hybrid,make verify-control CONTROL=PSB-DEPS-001 and inspect MDM or CI distribution plus public-registry egress policy,npm pip Go and Composer use only the managed proxy; direct fallback is denied and proxy failure is ERROR,sanitized verifier output; managed configuration export; egress policy evidence,,,,,,,,"mitre-attack v19.1 / T1195.001 / mitigates / medium; nist-ssdf 1.1 (SP 800-218, 2022) / PW.4.1 / supports / medium",reviewed,7日のcooldownは運用baselineであり、packageが安全になることを保証する時間ではない。; 待機期間を過ぎたmalware、長期潜伏、typosquatting、dependency confusionは別controlが必要である。; Metadata snapshotの真正性とregistry自体の非侵害はこのlocal verifierだけでは証明できない。; 緊急security updateでは期限付きexact version例外が必要になる場合がある。; Cooldownはlockfile、integrity、dependency review、SCA、registry制限と組み合わせる必要がある。; Metadata取得または検証器の失敗をcleanな結果として扱ってはいけない。; Proxy blocklistは既知またはproviderが検知したpackageに依存し、malicious packageをすべて遮断できるとは限らない。; このlocal fixtureはMDM適用状態、public registryへの実network egress拒否、またはproxy serviceの可用性を単独では証明しない。; Native profileはpackage managerの対応version、設定precedence、registryのpublish-time metadataに依存し、local fixtureだけでは実端末への適用状態を証明しない。; Direct-public npm adapterは一つのexact package versionだけを判定するため、CIはPSB-DEPS-004のtrusted graph deltaから全候補を列挙する必要がある。; Direct-public registryではmanaged proxyのmalware blocking、download tracking、breach notification、central egress enforcementを利用できない。; Repository .npmrcより優先されるCLI、environment、user設定はlive effective-config verificationなしでは検出できない。; npm 11.10.0未満はmin-release-ageを保持または表示してもnative enforcementを提供しないため、trusted CI adapterが必要である。; cooldowns.devはcommunity-maintainedな機能発見用referenceであり、framework mappingまたは公式な設定仕様として扱わない。; cooldowns helper scriptは実行せず、global user configurationを暗黙変更する導入方法をこのcontrolは許可しない。,,,,,,,
PSB-DEPS-001,PSB-DEPS-001-COOL-008,dependency-security,managed registry proxyとrelease cooldownで依存パッケージ採用を制御,controls/dependency-security/release-cooldown/README.md,依存パッケージの取得を管理対象プロキシへ固定し、新バージョンの採用を一定期間遅らせて、レジストリ迂回と公開直後のサプライチェーン攻撃への露出を減らす。,Proxy malware blocking does not replace release cooldown,prevent; verify,DEPENDENCY-NEW-RELEASE-COMPROMISE: 侵害されたmaintainerまたはregistryから公開された直後のmalicious versionを開発端末やCIが自動採用する。; DEPENDENCY-COOLDOWN-BYPASS: allowlist外registry、integrity欠落、広すぎる例外、またはmetadata検証失敗によってcooldownが迂回される。; DEPENDENCY-PROXY-BYPASS: 開発者設定のdrift、direct fallback、またはpublic registryへの直接通信により、managed security proxyの検査と追跡が迂回される。,newly malicious publisher whose release is not yet present in provider blocklists,teams treat proxy allow or block results as proof that a newly published version completed an observation period,malware intelligence and package age answer different questions and both controls are required,controls/dependency-security/release-cooldown/secure/cooldown-policy.json; controls/dependency-security/release-cooldown/secure/lockfile.json; controls/dependency-security/release-cooldown/secure/registry-metadata.json; controls/dependency-security/release-cooldown/secure/artifacts/stable-lib-1.4.0.artifact; controls/dependency-security/release-cooldown/secure/artifacts/urgent-security-fix-2.0.1.artifact; controls/dependency-security/release-cooldown/secure/registry-proxy-policy.json; controls/dependency-security/release-cooldown/secure/native-cooldown-policy.json; controls/dependency-security/release-cooldown/secure/clients/npmrc; controls/dependency-security/release-cooldown/secure/clients/pip.conf; controls/dependency-security/release-cooldown/secure/clients/uv.toml; controls/dependency-security/release-cooldown/secure/clients/pnpm-workspace.yaml; controls/dependency-security/release-cooldown/secure/clients/yarnrc.yml; controls/dependency-security/release-cooldown/secure/clients/go.env; controls/dependency-security/release-cooldown/secure/clients/composer.json; controls/dependency-security/release-cooldown/secure/direct-public-registry/.npmrc; controls/dependency-security/release-cooldown/scripts/check_npm_release_age.py,repository-owned 168-hour pre-resolution verifier remains authoritative,repository-admin,dependency-update; dependency-registry,automated,make verify-control CONTROL=PSB-DEPS-001,policy retains the 168-hour repository verifier and explicitly does not rely on undocumented proxy minimum-age behavior,sanitized verifier output; proxy capability review,,,,,,,,"mitre-attack v19.1 / T1195.001 / mitigates / medium; nist-ssdf 1.1 (SP 800-218, 2022) / PW.4.1 / supports / medium",reviewed,7日のcooldownは運用baselineであり、packageが安全になることを保証する時間ではない。; 待機期間を過ぎたmalware、長期潜伏、typosquatting、dependency confusionは別controlが必要である。; Metadata snapshotの真正性とregistry自体の非侵害はこのlocal verifierだけでは証明できない。; 緊急security updateでは期限付きexact version例外が必要になる場合がある。; Cooldownはlockfile、integrity、dependency review、SCA、registry制限と組み合わせる必要がある。; Metadata取得または検証器の失敗をcleanな結果として扱ってはいけない。; Proxy blocklistは既知またはproviderが検知したpackageに依存し、malicious packageをすべて遮断できるとは限らない。; このlocal fixtureはMDM適用状態、public registryへの実network egress拒否、またはproxy serviceの可用性を単独では証明しない。; Native profileはpackage managerの対応version、設定precedence、registryのpublish-time metadataに依存し、local fixtureだけでは実端末への適用状態を証明しない。; Direct-public npm adapterは一つのexact package versionだけを判定するため、CIはPSB-DEPS-004のtrusted graph deltaから全候補を列挙する必要がある。; Direct-public registryではmanaged proxyのmalware blocking、download tracking、breach notification、central egress enforcementを利用できない。; Repository .npmrcより優先されるCLI、environment、user設定はlive effective-config verificationなしでは検出できない。; npm 11.10.0未満はmin-release-ageを保持または表示してもnative enforcementを提供しないため、trusted CI adapterが必要である。; cooldowns.devはcommunity-maintainedな機能発見用referenceであり、framework mappingまたは公式な設定仕様として扱わない。; cooldowns helper scriptは実行せず、global user configurationを暗黙変更する導入方法をこのcontrolは許可しない。,,,,,,,
PSB-DEPS-001,PSB-DEPS-001-COOL-009,dependency-security,managed registry proxyとrelease cooldownで依存パッケージ採用を制御,controls/dependency-security/release-cooldown/README.md,依存パッケージの取得を管理対象プロキシへ固定し、新バージョンの採用を一定期間遅らせて、レジストリ迂回と公開直後のサプライチェーン攻撃への露出を減らす。,Native package-manager cooldown profiles preserve the baseline,prevent; verify,DEPENDENCY-NEW-RELEASE-COMPROMISE: 侵害されたmaintainerまたはregistryから公開された直後のmalicious versionを開発端末やCIが自動採用する。; DEPENDENCY-COOLDOWN-BYPASS: allowlist外registry、integrity欠落、広すぎる例外、またはmetadata検証失敗によってcooldownが迂回される。; DEPENDENCY-PROXY-BYPASS: 開発者設定のdrift、direct fallback、またはpublic registryへの直接通信により、managed security proxyの検査と追跡が迂回される。,compromised maintainer publishing a malicious release or contributor weakening a local client setting,a package manager resolves a release before the repository verifier or treats missing publication metadata as eligible,native client gates reduce accidental early resolution while the repository-owned verifier remains the authoritative cross-ecosystem decision,controls/dependency-security/release-cooldown/secure/cooldown-policy.json; controls/dependency-security/release-cooldown/secure/lockfile.json; controls/dependency-security/release-cooldown/secure/registry-metadata.json; controls/dependency-security/release-cooldown/secure/artifacts/stable-lib-1.4.0.artifact; controls/dependency-security/release-cooldown/secure/artifacts/urgent-security-fix-2.0.1.artifact; controls/dependency-security/release-cooldown/secure/registry-proxy-policy.json; controls/dependency-security/release-cooldown/secure/native-cooldown-policy.json; controls/dependency-security/release-cooldown/secure/clients/npmrc; controls/dependency-security/release-cooldown/secure/clients/pip.conf; controls/dependency-security/release-cooldown/secure/clients/uv.toml; controls/dependency-security/release-cooldown/secure/clients/pnpm-workspace.yaml; controls/dependency-security/release-cooldown/secure/clients/yarnrc.yml; controls/dependency-security/release-cooldown/secure/clients/go.env; controls/dependency-security/release-cooldown/secure/clients/composer.json; controls/dependency-security/release-cooldown/secure/direct-public-registry/.npmrc; controls/dependency-security/release-cooldown/scripts/check_npm_release_age.py,reviewed repository or managed templates enforce at least 168 hours and fail closed,repository-admin,dependency-update; developer-endpoint; build-environment,hybrid,make verify-control CONTROL=PSB-DEPS-001 and inspect the managed client configuration inventory,npm pip uv pnpm and Yarn retain the 168-hour floor; missing metadata and precedence overrides are not accepted as clean,sanitized verifier output; managed client configuration inventory,,,,,,,,"mitre-attack v19.1 / T1195.001 / mitigates / medium; nist-ssdf 1.1 (SP 800-218, 2022) / PW.4.1 / supports / medium",reviewed,7日のcooldownは運用baselineであり、packageが安全になることを保証する時間ではない。; 待機期間を過ぎたmalware、長期潜伏、typosquatting、dependency confusionは別controlが必要である。; Metadata snapshotの真正性とregistry自体の非侵害はこのlocal verifierだけでは証明できない。; 緊急security updateでは期限付きexact version例外が必要になる場合がある。; Cooldownはlockfile、integrity、dependency review、SCA、registry制限と組み合わせる必要がある。; Metadata取得または検証器の失敗をcleanな結果として扱ってはいけない。; Proxy blocklistは既知またはproviderが検知したpackageに依存し、malicious packageをすべて遮断できるとは限らない。; このlocal fixtureはMDM適用状態、public registryへの実network egress拒否、またはproxy serviceの可用性を単独では証明しない。; Native profileはpackage managerの対応version、設定precedence、registryのpublish-time metadataに依存し、local fixtureだけでは実端末への適用状態を証明しない。; Direct-public npm adapterは一つのexact package versionだけを判定するため、CIはPSB-DEPS-004のtrusted graph deltaから全候補を列挙する必要がある。; Direct-public registryではmanaged proxyのmalware blocking、download tracking、breach notification、central egress enforcementを利用できない。; Repository .npmrcより優先されるCLI、environment、user設定はlive effective-config verificationなしでは検出できない。; npm 11.10.0未満はmin-release-ageを保持または表示してもnative enforcementを提供しないため、trusted CI adapterが必要である。; cooldowns.devはcommunity-maintainedな機能発見用referenceであり、framework mappingまたは公式な設定仕様として扱わない。; cooldowns helper scriptは実行せず、global user configurationを暗黙変更する導入方法をこのcontrolは許可しない。,,,,,,,
PSB-DEPS-001,PSB-DEPS-001-COOL-010,dependency-security,managed registry proxyとrelease cooldownで依存パッケージ採用を制御,controls/dependency-security/release-cooldown/README.md,依存パッケージの取得を管理対象プロキシへ固定し、新バージョンの採用を一定期間遅らせて、レジストリ迂回と公開直後のサプライチェーン攻撃への露出を減らす。,Native cooldown bypasses are non-persistent and exception-bound,prevent; verify,DEPENDENCY-NEW-RELEASE-COMPROMISE: 侵害されたmaintainerまたはregistryから公開された直後のmalicious versionを開発端末やCIが自動採用する。; DEPENDENCY-COOLDOWN-BYPASS: allowlist外registry、integrity欠落、広すぎる例外、またはmetadata検証失敗によってcooldownが迂回される。; DEPENDENCY-PROXY-BYPASS: 開発者設定のdrift、direct fallback、またはpublic registryへの直接通信により、managed security proxyの検査と追跡が迂回される。,maintainer requesting an urgent update or attacker exploiting a broad package-manager exclusion,a temporary bypass remains in client configuration and silently admits later malicious releases,binding emergency adoption to the reviewed exact-version exception avoids creating a permanent alternate path around cooldown,controls/dependency-security/release-cooldown/secure/cooldown-policy.json; controls/dependency-security/release-cooldown/secure/lockfile.json; controls/dependency-security/release-cooldown/secure/registry-metadata.json; controls/dependency-security/release-cooldown/secure/artifacts/stable-lib-1.4.0.artifact; controls/dependency-security/release-cooldown/secure/artifacts/urgent-security-fix-2.0.1.artifact; controls/dependency-security/release-cooldown/secure/registry-proxy-policy.json; controls/dependency-security/release-cooldown/secure/native-cooldown-policy.json; controls/dependency-security/release-cooldown/secure/clients/npmrc; controls/dependency-security/release-cooldown/secure/clients/pip.conf; controls/dependency-security/release-cooldown/secure/clients/uv.toml; controls/dependency-security/release-cooldown/secure/clients/pnpm-workspace.yaml; controls/dependency-security/release-cooldown/secure/clients/yarnrc.yml; controls/dependency-security/release-cooldown/secure/clients/go.env; controls/dependency-security/release-cooldown/secure/clients/composer.json; controls/dependency-security/release-cooldown/secure/direct-public-registry/.npmrc; controls/dependency-security/release-cooldown/scripts/check_npm_release_age.py,no package wildcard or durable client exclusion; emergency adoption uses the exact expiring repository exception,security,dependency-update; dependency-policy,hybrid,make verify-control CONTROL=PSB-DEPS-001 and review active exception records,persistent native exclusions are rejected and urgent bypasses are represented only by exact owner-approved expiring exceptions,negative-test output; exception approval,,,,,,,,"mitre-attack v19.1 / T1195.001 / mitigates / medium; nist-ssdf 1.1 (SP 800-218, 2022) / PW.4.1 / supports / medium",reviewed,7日のcooldownは運用baselineであり、packageが安全になることを保証する時間ではない。; 待機期間を過ぎたmalware、長期潜伏、typosquatting、dependency confusionは別controlが必要である。; Metadata snapshotの真正性とregistry自体の非侵害はこのlocal verifierだけでは証明できない。; 緊急security updateでは期限付きexact version例外が必要になる場合がある。; Cooldownはlockfile、integrity、dependency review、SCA、registry制限と組み合わせる必要がある。; Metadata取得または検証器の失敗をcleanな結果として扱ってはいけない。; Proxy blocklistは既知またはproviderが検知したpackageに依存し、malicious packageをすべて遮断できるとは限らない。; このlocal fixtureはMDM適用状態、public registryへの実network egress拒否、またはproxy serviceの可用性を単独では証明しない。; Native profileはpackage managerの対応version、設定precedence、registryのpublish-time metadataに依存し、local fixtureだけでは実端末への適用状態を証明しない。; Direct-public npm adapterは一つのexact package versionだけを判定するため、CIはPSB-DEPS-004のtrusted graph deltaから全候補を列挙する必要がある。; Direct-public registryではmanaged proxyのmalware blocking、download tracking、breach notification、central egress enforcementを利用できない。; Repository .npmrcより優先されるCLI、environment、user設定はlive effective-config verificationなしでは検出できない。; npm 11.10.0未満はmin-release-ageを保持または表示してもnative enforcementを提供しないため、trusted CI adapterが必要である。; cooldowns.devはcommunity-maintainedな機能発見用referenceであり、framework mappingまたは公式な設定仕様として扱わない。; cooldowns helper scriptは実行せず、global user configurationを暗黙変更する導入方法をこのcontrolは許可しない。,,,,,,,
PSB-DEPS-002,PSB-DEPS-002-INS-001,dependency-security,install時の任意コード実行をdefault denyにする,controls/dependency-security/install-script-execution/README.md,Package managerのnative default denyを維持し、dependency lifecycle script、native build、Python source buildの未承認実行を防ぐ。,npm and Bun do not run unreviewed dependency scripts,prevent; verify,DEPENDENCY-INSTALL-SCRIPT-EXECUTION: 侵害または偽装されたdependencyのinstall scriptやsource build backendが開発端末またはCI権限で任意コードを実行する。; DEPENDENCY-BUILD-ALLOWLIST-BYPASS: 古いmajor、dangerous全許可、broad native approval、explicit trust、またはsdist fallbackによってinstall-time code executionの拒否が迂回される。,malicious npm or Bun package publisher or a maintainer adding an unsafe trust override,version drift or explicit trust causes a dependency lifecycle hook to run with developer or CI privileges,explicit repository guardrails preserve the intended denial across npm migration behavior and Bun trusted-dependency paths,controls/dependency-security/install-script-execution/secure/npm/.npmrc; controls/dependency-security/install-script-execution/secure/pnpm/pnpm-workspace.yaml; controls/dependency-security/install-script-execution/secure/bun/bunfig.toml; controls/dependency-security/install-script-execution/secure/pip/requirements.txt,npm unreviewed scripts fail and the Bun strict profile blocks install scripts,developer,dependency-install,automated,make verify-control CONTROL=PSB-DEPS-002,dangerous npm all-allow and Bun trusted execution outside the strict profile are rejected,sanitized verifier output,,,,,,,,"mitre-attack v19.1 / T1195.001 / mitigates / high; nist-ssdf 1.1 (SP 800-218, 2022) / PW.4.1 / supports / high",reviewed,Install-time executionを止めてもimport、test、compiler plugin、application runtimeでの悪性code実行は防止しない。; Wheel-only installationはsource buildを止めるがwheel内のruntime codeが安全であることは保証しない。; Native buildが必要なdependencyにはcredentialとnetworkを制限した隔離buildおよびPSB-GOV-002の例外判断が必要になる場合がある。; npm 12、npm 11.16+ migration、pnpm 11／12、Bunのdefaultと設定はmajor更新時に再確認する必要がある。; Bunにはdefault trusted dependencyがあり、strict profileを採用しない場合は別途trust inventoryをreviewする必要がある。; Package manager、registry、lockfile、binary artifact自体の完全性は別途検証する必要がある。; 検証器または設定parseの失敗をcleanな結果として扱ってはいけない。,,,,,,,
PSB-DEPS-002,PSB-DEPS-002-INS-002,dependency-security,install時の任意コード実行をdefault denyにする,controls/dependency-security/install-script-execution/README.md,Package managerのnative default denyを維持し、dependency lifecycle script、native build、Python source buildの未承認実行を防ぐ。,pnpm uses native default deny for dependency builds,prevent; verify,DEPENDENCY-INSTALL-SCRIPT-EXECUTION: 侵害または偽装されたdependencyのinstall scriptやsource build backendが開発端末またはCI権限で任意コードを実行する。; DEPENDENCY-BUILD-ALLOWLIST-BYPASS: 古いmajor、dangerous全許可、broad native approval、explicit trust、またはsdist fallbackによってinstall-time code executionの拒否が迂回される。,compromised pnpm dependency requesting a native or lifecycle build,dangerous all-allow or a broad positive selector lets current and future package versions execute during install,pnpm native strict mode and exact selectors keep the default deny visible without a separate policy engine,controls/dependency-security/install-script-execution/secure/npm/.npmrc; controls/dependency-security/install-script-execution/secure/pnpm/pnpm-workspace.yaml; controls/dependency-security/install-script-execution/secure/bun/bunfig.toml; controls/dependency-security/install-script-execution/secure/pip/requirements.txt,unreviewed builds fail and positive allowBuilds entries pin exact versions,developer,dependency-install,automated,make verify-control CONTROL=PSB-DEPS-002,fail-open settings and non-exact positive build approvals are rejected,sanitized verifier output; reviewed native approval diff when an approval exists,,,,,,,,"mitre-attack v19.1 / T1195.001 / mitigates / high; nist-ssdf 1.1 (SP 800-218, 2022) / PW.4.1 / supports / high",reviewed,Install-time executionを止めてもimport、test、compiler plugin、application runtimeでの悪性code実行は防止しない。; Wheel-only installationはsource buildを止めるがwheel内のruntime codeが安全であることは保証しない。; Native buildが必要なdependencyにはcredentialとnetworkを制限した隔離buildおよびPSB-GOV-002の例外判断が必要になる場合がある。; npm 12、npm 11.16+ migration、pnpm 11／12、Bunのdefaultと設定はmajor更新時に再確認する必要がある。; Bunにはdefault trusted dependencyがあり、strict profileを採用しない場合は別途trust inventoryをreviewする必要がある。; Package manager、registry、lockfile、binary artifact自体の完全性は別途検証する必要がある。; 検証器または設定parseの失敗をcleanな結果として扱ってはいけない。,,,,,,,
PSB-DEPS-002,PSB-DEPS-002-INS-003,dependency-security,install時の任意コード実行をdefault denyにする,controls/dependency-security/install-script-execution/README.md,Package managerのnative default denyを維持し、dependency lifecycle script、native build、Python source buildの未承認実行を防ぐ。,pip rejects source builds,prevent; verify,DEPENDENCY-INSTALL-SCRIPT-EXECUTION: 侵害または偽装されたdependencyのinstall scriptやsource build backendが開発端末またはCI権限で任意コードを実行する。; DEPENDENCY-BUILD-ALLOWLIST-BYPASS: 古いmajor、dangerous全許可、broad native approval、explicit trust、またはsdist fallbackによってinstall-time code executionの拒否が迂回される。,malicious Python source distribution or compromised build backend,pip falls back to source build and executes backend code not represented by the expected wheel,binary-only installation removes the PEP 517 backend execution path while artifact integrity remains owned by PSB-DEPS-003,controls/dependency-security/install-script-execution/secure/npm/.npmrc; controls/dependency-security/install-script-execution/secure/pnpm/pnpm-workspace.yaml; controls/dependency-security/install-script-execution/secure/bun/bunfig.toml; controls/dependency-security/install-script-execution/secure/pip/requirements.txt,binary-only installation with no source-distribution fallback,developer,dependency-install,automated,make verify-control CONTROL=PSB-DEPS-002,missing binary-only policy and explicit source-distribution enablement are rejected,sanitized verifier output,,,,,,,,"mitre-attack v19.1 / T1195.001 / mitigates / high; nist-ssdf 1.1 (SP 800-218, 2022) / PW.4.1 / supports / high",reviewed,Install-time executionを止めてもimport、test、compiler plugin、application runtimeでの悪性code実行は防止しない。; Wheel-only installationはsource buildを止めるがwheel内のruntime codeが安全であることは保証しない。; Native buildが必要なdependencyにはcredentialとnetworkを制限した隔離buildおよびPSB-GOV-002の例外判断が必要になる場合がある。; npm 12、npm 11.16+ migration、pnpm 11／12、Bunのdefaultと設定はmajor更新時に再確認する必要がある。; Bunにはdefault trusted dependencyがあり、strict profileを採用しない場合は別途trust inventoryをreviewする必要がある。; Package manager、registry、lockfile、binary artifact自体の完全性は別途検証する必要がある。; 検証器または設定parseの失敗をcleanな結果として扱ってはいけない。,,,,,,,
PSB-DEPS-002,PSB-DEPS-002-INS-004,dependency-security,install時の任意コード実行をdefault denyにする,controls/dependency-security/install-script-execution/README.md,Package managerのnative default denyを維持し、dependency lifecycle script、native build、Python source buildの未承認実行を防ぐ。,Native install-script approvals are narrow and independently reviewed,prevent; verify,DEPENDENCY-INSTALL-SCRIPT-EXECUTION: 侵害または偽装されたdependencyのinstall scriptやsource build backendが開発端末またはCI権限で任意コードを実行する。; DEPENDENCY-BUILD-ALLOWLIST-BYPASS: 古いmajor、dangerous全許可、broad native approval、explicit trust、またはsdist fallbackによってinstall-time code executionの拒否が迂回される。,maintainer using bulk approval or a name-only trust entry to resolve installation friction,one approval authorizes unreviewed current and future dependency versions to execute during install,native exact approval plus independent review limits execution without duplicating the PSB-GOV-002 exception lifecycle,controls/dependency-security/install-script-execution/secure/npm/.npmrc; controls/dependency-security/install-script-execution/secure/pnpm/pnpm-workspace.yaml; controls/dependency-security/install-script-execution/secure/bun/bunfig.toml; controls/dependency-security/install-script-execution/secure/pip/requirements.txt,exact package-version approval with independent review and shared exception evidence when required,security,dependency-policy,hybrid,Native config verifier plus exact approval review and PSB-GOV-002 decision when applicable,no bulk or name-only positive approval and any exception is active and exactly scoped,negative-test output; reviewed native approval diff; active PSB-GOV-002 decision when an exception is required,,,,,,,,"mitre-attack v19.1 / T1195.001 / mitigates / high; nist-ssdf 1.1 (SP 800-218, 2022) / PW.4.1 / supports / high",reviewed,Install-time executionを止めてもimport、test、compiler plugin、application runtimeでの悪性code実行は防止しない。; Wheel-only installationはsource buildを止めるがwheel内のruntime codeが安全であることは保証しない。; Native buildが必要なdependencyにはcredentialとnetworkを制限した隔離buildおよびPSB-GOV-002の例外判断が必要になる場合がある。; npm 12、npm 11.16+ migration、pnpm 11／12、Bunのdefaultと設定はmajor更新時に再確認する必要がある。; Bunにはdefault trusted dependencyがあり、strict profileを採用しない場合は別途trust inventoryをreviewする必要がある。; Package manager、registry、lockfile、binary artifact自体の完全性は別途検証する必要がある。; 検証器または設定parseの失敗をcleanな結果として扱ってはいけない。,,,,,,,
PSB-DEPS-002,PSB-DEPS-002-INS-005,dependency-security,install時の任意コード実行をdefault denyにする,controls/dependency-security/install-script-execution/README.md,Package managerのnative default denyを維持し、dependency lifecycle script、native build、Python source buildの未承認実行を防ぐ。,Install-guardrail parsing failures are not clean results,prevent; verify,DEPENDENCY-INSTALL-SCRIPT-EXECUTION: 侵害または偽装されたdependencyのinstall scriptやsource build backendが開発端末またはCI権限で任意コードを実行する。; DEPENDENCY-BUILD-ALLOWLIST-BYPASS: 古いmajor、dangerous全許可、broad native approval、explicit trust、またはsdist fallbackによってinstall-time code executionの拒否が迂回される。,missing malformed or unsupported package-manager configuration,native install guardrails cannot be evaluated but are reported as safely disabled,a distinct error prevents configuration absence from becoming silent permission to execute,controls/dependency-security/install-script-execution/secure/npm/.npmrc; controls/dependency-security/install-script-execution/secure/pnpm/pnpm-workspace.yaml; controls/dependency-security/install-script-execution/secure/bun/bunfig.toml; controls/dependency-security/install-script-execution/secure/pip/requirements.txt,missing or malformed configuration produces an error,developer,dependency-verifier,automated,make verify-control CONTROL=PSB-DEPS-002,input and parse errors use a distinct non-zero result,negative-test output,,,,,,,,UNMAPPED — framework review required,unmapped,Install-time executionを止めてもimport、test、compiler plugin、application runtimeでの悪性code実行は防止しない。; Wheel-only installationはsource buildを止めるがwheel内のruntime codeが安全であることは保証しない。; Native buildが必要なdependencyにはcredentialとnetworkを制限した隔離buildおよびPSB-GOV-002の例外判断が必要になる場合がある。; npm 12、npm 11.16+ migration、pnpm 11／12、Bunのdefaultと設定はmajor更新時に再確認する必要がある。; Bunにはdefault trusted dependencyがあり、strict profileを採用しない場合は別途trust inventoryをreviewする必要がある。; Package manager、registry、lockfile、binary artifact自体の完全性は別途検証する必要がある。; 検証器または設定parseの失敗をcleanな結果として扱ってはいけない。,,,,,,,
PSB-DEPS-003,PSB-DEPS-003-LOCK-001,dependency-security,native lockfileと取得artifactの完全性を強制する,controls/dependency-security/lockfile-integrity/README.md,Native package managerのimmutable installを使い、review済みmanifestとdirect／transitive lock graphの鮮度、lockfile不変性、取得artifact integrityを検証する。,Manifest and lockfile freshness is enforced,prevent; verify,DEPENDENCY-LOCKFILE-INTEGRITY-BYPASS: Manifest drift、暗黙の再解決またはlockfile更新、cache／mirror／registry上のartifact差替えにより、review済みdependency graphとbuild inputが乖離する。,contributor or dependency update automation changing a manifest without a reviewed lockfile update,build proceeds from a stale or implicitly regenerated lockfile so the reviewed manifest and installed resolution do not correspond,explicit freshness validation makes the manifest-to-lock transition visible in the same reviewed change,controls/dependency-security/lockfile-integrity/secure/javascript/npm/install-locked.sh; controls/dependency-security/lockfile-integrity/secure/javascript/npm/verify-package-lock.mjs; controls/dependency-security/lockfile-integrity/secure/javascript/pnpm/install-locked.sh; controls/dependency-security/lockfile-integrity/secure/javascript/pnpm/PNPM_VERSION; controls/dependency-security/lockfile-integrity/secure/javascript/pnpm/RUNTIME.md; controls/dependency-security/lockfile-integrity/secure/javascript/yarn/.yarnrc.yml; controls/dependency-security/lockfile-integrity/secure/javascript/yarn/README.md; controls/dependency-security/lockfile-integrity/secure/javascript/bun/bunfig.toml; controls/dependency-security/lockfile-integrity/secure/javascript/bun/README.md; controls/dependency-security/lockfile-integrity/secure/python/pip/install-locked.sh; controls/dependency-security/lockfile-integrity/secure/python/uv/install-locked.sh; controls/dependency-security/lockfile-integrity/secure/python/uv/install-locked-wheel-only.sh; controls/dependency-security/lockfile-integrity/secure/python/uv/sync-hashed-requirements.sh; controls/dependency-security/lockfile-integrity/secure/python/uv/UV_VERSION; controls/dependency-security/lockfile-integrity/secure/python/uv/RUNTIME.md,immutable install rejects a manifest that requires lockfile regeneration,developer,dependency-manifest; native-lockfile,automated,make verify-control CONTROL=PSB-DEPS-003,"npm ci, pnpm frozen install, and uv --locked reject manifest drift; pip hash mode rejects non-exact requirements",sanitized native installer output,,,,,,,,"mitre-attack v19.1 / T1195.001 / mitigates / high; nist-ssdf 1.1 (SP 800-218, 2022) / PW.4.1 / supports / high; openssf-osps-baseline 2026.02.19 / OSPS-BR-05.01 / supports / medium",reviewed,Lockfileはresolverが選択した推移的dependencyを固定するが、そのdependencyが安全、脆弱性なし、または組織policyに適合することは証明しない。; Review済みlockfile自体へ悪意ある変更が入った場合は、CODEOWNER reviewやdependency change reviewが別途必要である。; npm preflightが許可するdeclared workspace以外のlocal directory、mutable VCS、hash無しsourceは別profileまたは期限付き例外が必要である。; Platform-specific、optional、native、source-build dependencyは採用projectの実platform matrixでも確認が必要である。; Registry origin、dependency confusion、network egress、credential injectionはこのcontrolのboundary外である。; Lifecycle scriptはwrapperで無効にするが、scriptを必要とするpackageの承認と隔離はinstall-script controlが必要である。; YarnとBunの設定はreference-onlyであり、このrepositoryのnative tamper testを通したimplementationではない。; Local fixtureは採用組織のlive registry、branch protection、runtime provenance、またはorganization adoptionを証明しない。,,,,,,,
PSB-DEPS-003,PSB-DEPS-003-LOCK-002,dependency-security,native lockfileと取得artifactの完全性を強制する,controls/dependency-security/lockfile-integrity/README.md,Native package managerのimmutable installを使い、review済みmanifestとdirect／transitive lock graphの鮮度、lockfile不変性、取得artifact integrityを検証する。,Direct and transitive dependency records are locked,prevent; verify,DEPENDENCY-LOCKFILE-INTEGRITY-BYPASS: Manifest drift、暗黙の再解決またはlockfile更新、cache／mirror／registry上のartifact差替えにより、review済みdependency graphとbuild inputが乖離する。,compromised upstream metadata or later resolver output selecting a different transitive dependency,a direct version remains unchanged while a transitive package changes during a later resolution,preserving the resolver's complete reviewed graph prevents ordinary builds from silently selecting a new transitive package,controls/dependency-security/lockfile-integrity/secure/javascript/npm/install-locked.sh; controls/dependency-security/lockfile-integrity/secure/javascript/npm/verify-package-lock.mjs; controls/dependency-security/lockfile-integrity/secure/javascript/pnpm/install-locked.sh; controls/dependency-security/lockfile-integrity/secure/javascript/pnpm/PNPM_VERSION; controls/dependency-security/lockfile-integrity/secure/javascript/pnpm/RUNTIME.md; controls/dependency-security/lockfile-integrity/secure/javascript/yarn/.yarnrc.yml; controls/dependency-security/lockfile-integrity/secure/javascript/yarn/README.md; controls/dependency-security/lockfile-integrity/secure/javascript/bun/bunfig.toml; controls/dependency-security/lockfile-integrity/secure/javascript/bun/README.md; controls/dependency-security/lockfile-integrity/secure/python/pip/install-locked.sh; controls/dependency-security/lockfile-integrity/secure/python/uv/install-locked.sh; controls/dependency-security/lockfile-integrity/secure/python/uv/install-locked-wheel-only.sh; controls/dependency-security/lockfile-integrity/secure/python/uv/sync-hashed-requirements.sh; controls/dependency-security/lockfile-integrity/secure/python/uv/UV_VERSION; controls/dependency-security/lockfile-integrity/secure/python/uv/RUNTIME.md,the native lock or hashed requirements file records the complete install graph supported by the selected profile,developer,direct-dependency; transitive-dependency,automated,make verify-control CONTROL=PSB-DEPS-003,native installers reproduce direct and transitive fixture records without regenerating the lock,sanitized direct and transitive fixture output,,,,,,,,"mitre-attack v19.1 / T1195.001 / mitigates / high; nist-ssdf 1.1 (SP 800-218, 2022) / PW.4.1 / supports / high; openssf-osps-baseline 2026.02.19 / OSPS-BR-05.01 / supports / medium",reviewed,Lockfileはresolverが選択した推移的dependencyを固定するが、そのdependencyが安全、脆弱性なし、または組織policyに適合することは証明しない。; Review済みlockfile自体へ悪意ある変更が入った場合は、CODEOWNER reviewやdependency change reviewが別途必要である。; npm preflightが許可するdeclared workspace以外のlocal directory、mutable VCS、hash無しsourceは別profileまたは期限付き例外が必要である。; Platform-specific、optional、native、source-build dependencyは採用projectの実platform matrixでも確認が必要である。; Registry origin、dependency confusion、network egress、credential injectionはこのcontrolのboundary外である。; Lifecycle scriptはwrapperで無効にするが、scriptを必要とするpackageの承認と隔離はinstall-script controlが必要である。; YarnとBunの設定はreference-onlyであり、このrepositoryのnative tamper testを通したimplementationではない。; Local fixtureは採用組織のlive registry、branch protection、runtime provenance、またはorganization adoptionを証明しない。,,,,,,,
PSB-DEPS-003,PSB-DEPS-003-LOCK-003,dependency-security,native lockfileと取得artifactの完全性を強制する,controls/dependency-security/lockfile-integrity/README.md,Native package managerのimmutable installを使い、review済みmanifestとdirect／transitive lock graphの鮮度、lockfile不変性、取得artifact integrityを検証する。,Downloaded artifact integrity matches the lock record,prevent; verify,DEPENDENCY-LOCKFILE-INTEGRITY-BYPASS: Manifest drift、暗黙の再解決またはlockfile更新、cache／mirror／registry上のartifact差替えにより、review済みdependency graphとbuild inputが乖離する。,"registry, mirror, or cache attacker substituting package bytes after dependency resolution",the selected package name and version match review but the bytes consumed by the build differ from the locked artifact,content integrity closes the gap left by name and version pinning alone,controls/dependency-security/lockfile-integrity/secure/javascript/npm/install-locked.sh; controls/dependency-security/lockfile-integrity/secure/javascript/npm/verify-package-lock.mjs; controls/dependency-security/lockfile-integrity/secure/javascript/pnpm/install-locked.sh; controls/dependency-security/lockfile-integrity/secure/javascript/pnpm/PNPM_VERSION; controls/dependency-security/lockfile-integrity/secure/javascript/pnpm/RUNTIME.md; controls/dependency-security/lockfile-integrity/secure/javascript/yarn/.yarnrc.yml; controls/dependency-security/lockfile-integrity/secure/javascript/yarn/README.md; controls/dependency-security/lockfile-integrity/secure/javascript/bun/bunfig.toml; controls/dependency-security/lockfile-integrity/secure/javascript/bun/README.md; controls/dependency-security/lockfile-integrity/secure/python/pip/install-locked.sh; controls/dependency-security/lockfile-integrity/secure/python/uv/install-locked.sh; controls/dependency-security/lockfile-integrity/secure/python/uv/install-locked-wheel-only.sh; controls/dependency-security/lockfile-integrity/secure/python/uv/sync-hashed-requirements.sh; controls/dependency-security/lockfile-integrity/secure/python/uv/UV_VERSION; controls/dependency-security/lockfile-integrity/secure/python/uv/RUNTIME.md,every supported external artifact has strong integrity metadata and byte verification succeeds,developer,dependency-artifact; package-cache,automated,make verify-control CONTROL=PSB-DEPS-003,missing transitive integrity and valid but byte-different tarballs or wheels are rejected,sanitized native integrity failure output,,,,,,,,"mitre-attack v19.1 / T1195.001 / mitigates / high; nist-ssdf 1.1 (SP 800-218, 2022) / PW.4.1 / supports / high",reviewed,Lockfileはresolverが選択した推移的dependencyを固定するが、そのdependencyが安全、脆弱性なし、または組織policyに適合することは証明しない。; Review済みlockfile自体へ悪意ある変更が入った場合は、CODEOWNER reviewやdependency change reviewが別途必要である。; npm preflightが許可するdeclared workspace以外のlocal directory、mutable VCS、hash無しsourceは別profileまたは期限付き例外が必要である。; Platform-specific、optional、native、source-build dependencyは採用projectの実platform matrixでも確認が必要である。; Registry origin、dependency confusion、network egress、credential injectionはこのcontrolのboundary外である。; Lifecycle scriptはwrapperで無効にするが、scriptを必要とするpackageの承認と隔離はinstall-script controlが必要である。; YarnとBunの設定はreference-onlyであり、このrepositoryのnative tamper testを通したimplementationではない。; Local fixtureは採用組織のlive registry、branch protection、runtime provenance、またはorganization adoptionを証明しない。,,,,,,,
PSB-DEPS-003,PSB-DEPS-003-LOCK-004,dependency-security,native lockfileと取得artifactの完全性を強制する,controls/dependency-security/lockfile-integrity/README.md,Native package managerのimmutable installを使い、review済みmanifestとdirect／transitive lock graphの鮮度、lockfile不変性、取得artifact integrityを検証する。,Normal install cannot rewrite the reviewed lockfile,prevent; verify,DEPENDENCY-LOCKFILE-INTEGRITY-BYPASS: Manifest drift、暗黙の再解決またはlockfile更新、cache／mirror／registry上のartifact差替えにより、review済みdependency graphとbuild inputが乖離する。,CI configuration or developer command invoking a mutable install during an ordinary build,the package manager repairs or rewrites the lockfile before installing and hides an unreviewed graph change in ephemeral build state,a separate immutable install path ensures dependency changes occur only in an explicit reviewable update workflow,controls/dependency-security/lockfile-integrity/secure/javascript/npm/install-locked.sh; controls/dependency-security/lockfile-integrity/secure/javascript/npm/verify-package-lock.mjs; controls/dependency-security/lockfile-integrity/secure/javascript/pnpm/install-locked.sh; controls/dependency-security/lockfile-integrity/secure/javascript/pnpm/PNPM_VERSION; controls/dependency-security/lockfile-integrity/secure/javascript/pnpm/RUNTIME.md; controls/dependency-security/lockfile-integrity/secure/javascript/yarn/.yarnrc.yml; controls/dependency-security/lockfile-integrity/secure/javascript/yarn/README.md; controls/dependency-security/lockfile-integrity/secure/javascript/bun/bunfig.toml; controls/dependency-security/lockfile-integrity/secure/javascript/bun/README.md; controls/dependency-security/lockfile-integrity/secure/python/pip/install-locked.sh; controls/dependency-security/lockfile-integrity/secure/python/uv/install-locked.sh; controls/dependency-security/lockfile-integrity/secure/python/uv/install-locked-wheel-only.sh; controls/dependency-security/lockfile-integrity/secure/python/uv/sync-hashed-requirements.sh; controls/dependency-security/lockfile-integrity/secure/python/uv/UV_VERSION; controls/dependency-security/lockfile-integrity/secure/python/uv/RUNTIME.md,the build uses the native immutable command and the lockfile digest is unchanged,repository-admin,build-install-step; native-lockfile,automated,make verify-control CONTROL=PSB-DEPS-003,"successful native installs leave package-lock.json, pnpm-lock.yaml, and uv.lock unchanged",before and after lockfile digests from the self-test,,,,,,,,"mitre-attack v19.1 / T1195.001 / mitigates / high; nist-ssdf 1.1 (SP 800-218, 2022) / PW.4.1 / supports / high; openssf-osps-baseline 2026.02.19 / OSPS-BR-05.01 / supports / medium",reviewed,Lockfileはresolverが選択した推移的dependencyを固定するが、そのdependencyが安全、脆弱性なし、または組織policyに適合することは証明しない。; Review済みlockfile自体へ悪意ある変更が入った場合は、CODEOWNER reviewやdependency change reviewが別途必要である。; npm preflightが許可するdeclared workspace以外のlocal directory、mutable VCS、hash無しsourceは別profileまたは期限付き例外が必要である。; Platform-specific、optional、native、source-build dependencyは採用projectの実platform matrixでも確認が必要である。; Registry origin、dependency confusion、network egress、credential injectionはこのcontrolのboundary外である。; Lifecycle scriptはwrapperで無効にするが、scriptを必要とするpackageの承認と隔離はinstall-script controlが必要である。; YarnとBunの設定はreference-onlyであり、このrepositoryのnative tamper testを通したimplementationではない。; Local fixtureは採用組織のlive registry、branch protection、runtime provenance、またはorganization adoptionを証明しない。,,,,,,,
PSB-DEPS-003,PSB-DEPS-003-LOCK-005,dependency-security,native lockfileと取得artifactの完全性を強制する,controls/dependency-security/lockfile-integrity/README.md,Native package managerのimmutable installを使い、review済みmanifestとdirect／transitive lock graphの鮮度、lockfile不変性、取得artifact integrityを検証する。,Unavailable lock verification is an error,prevent; verify,DEPENDENCY-LOCKFILE-INTEGRITY-BYPASS: Manifest drift、暗黙の再解決またはlockfile更新、cache／mirror／registry上のartifact差替えにより、review済みdependency graphとbuild inputが乖離する。,"broken CI environment, missing package manager, or malformed lock input suppressing verification",integrity comparison never runs but downstream automation treats tool absence or parser failure as a verified graph,fail-closed error handling preserves the distinction between successful verification and unavailable evidence,controls/dependency-security/lockfile-integrity/secure/javascript/npm/install-locked.sh; controls/dependency-security/lockfile-integrity/secure/javascript/npm/verify-package-lock.mjs; controls/dependency-security/lockfile-integrity/secure/javascript/pnpm/install-locked.sh; controls/dependency-security/lockfile-integrity/secure/javascript/pnpm/PNPM_VERSION; controls/dependency-security/lockfile-integrity/secure/javascript/pnpm/RUNTIME.md; controls/dependency-security/lockfile-integrity/secure/javascript/yarn/.yarnrc.yml; controls/dependency-security/lockfile-integrity/secure/javascript/yarn/README.md; controls/dependency-security/lockfile-integrity/secure/javascript/bun/bunfig.toml; controls/dependency-security/lockfile-integrity/secure/javascript/bun/README.md; controls/dependency-security/lockfile-integrity/secure/python/pip/install-locked.sh; controls/dependency-security/lockfile-integrity/secure/python/uv/install-locked.sh; controls/dependency-security/lockfile-integrity/secure/python/uv/install-locked-wheel-only.sh; controls/dependency-security/lockfile-integrity/secure/python/uv/sync-hashed-requirements.sh; controls/dependency-security/lockfile-integrity/secure/python/uv/UV_VERSION; controls/dependency-security/lockfile-integrity/secure/python/uv/RUNTIME.md,"missing input, unsupported schema, or unavailable runtime returns a non-zero error rather than a clean result",repository-admin,dependency-install-verifier,automated,make verify-control CONTROL=PSB-DEPS-003,missing runtimes and inputs use a non-zero error path and pnpm absence is explicitly reported as NOT_CHECKED,sanitized missing-runtime and malformed-input output,,,,,,,,UNMAPPED — framework review required,unmapped,Lockfileはresolverが選択した推移的dependencyを固定するが、そのdependencyが安全、脆弱性なし、または組織policyに適合することは証明しない。; Review済みlockfile自体へ悪意ある変更が入った場合は、CODEOWNER reviewやdependency change reviewが別途必要である。; npm preflightが許可するdeclared workspace以外のlocal directory、mutable VCS、hash無しsourceは別profileまたは期限付き例外が必要である。; Platform-specific、optional、native、source-build dependencyは採用projectの実platform matrixでも確認が必要である。; Registry origin、dependency confusion、network egress、credential injectionはこのcontrolのboundary外である。; Lifecycle scriptはwrapperで無効にするが、scriptを必要とするpackageの承認と隔離はinstall-script controlが必要である。; YarnとBunの設定はreference-onlyであり、このrepositoryのnative tamper testを通したimplementationではない。; Local fixtureは採用組織のlive registry、branch protection、runtime provenance、またはorganization adoptionを証明しない。,,,,,,,
PSB-DEPS-004,PSB-DEPS-004-DCR-001,dependency-security,Review dependency changes before merge,controls/dependency-security/dependency-change-review/README.md,pull requestでbuildやruntimeへ入るdirect／transitive dependency変更を表示し、既知high以上のaffected versionと評価失敗をrequired merge checkで止める。,Pull request shows changed dependencies,prevent; detect; verify,DEPENDENCY-CHANGE-RISK-HIDDEN: A pull request selects a known-vulnerable direct or transitive dependency that is installed packaged or executed but the dependency-specific change is not shown before merge.; DEPENDENCY-REVIEW-NONBLOCKING: A known vulnerability failed job provider error or missing check does not prevent merge so an unevaluated affected component reaches build or runtime use.,malicious contributor compromised update account incomplete provider dependency data or reviewer focused only on manifest roots,a transitive dependency used by the build or product changes to an affected version without appearing in the dependency-specific pull-request review,reviewers cannot investigate reachability advisory impact or remediation when the exact external code entering build or runtime use is not visible before merge,controls/dependency-security/dependency-change-review/secure/github/dependency-review.yml,the current pull request base-to-head diff shows every supported added or updated direct and transitive dependency with its version scope and manifest or lockfile context,ci-platform,dependency-change; pull-request,hybrid,confirm the manifest is supported then create a harmless lockfile-only update and inspect the live base-to-head dependency review,the changed direct and transitive dependencies are displayed or incomplete and unsupported coverage remains NOT_CHECKED,supported manifest decision; sanitized live dependency-diff receipt,,,,,,,,"mitre-attack v19.1 / T1195.001 / mitigates / medium; nist-ssdf 1.1 (SP 800-218, 2022) / PW.4.1 / supports / medium; openssf-osps-baseline 2026.02.19 / OSPS-VM-05.03 / supports / medium",reviewed,A separate control is unnecessary when an existing required pull-request SCA check already provides dependency diff risk failure and merge enforcement.; The GitHub reference requires Dependency graph data REST comparison Action policy evaluation and an active ruleset; the Action or rich diff alone does not complete the control.; A whole-repository Trivy scan is delegated to PSB-DETECT-001 and does not by itself prove the base-to-head changed-dependency diff required by DCR-001.; GitHub-native enforcement requires a supported repository plan Dependency graph manifest ecosystem and active ruleset.; Provider and ecosystem coverage for transitive dependency relationships varies and incomplete coverage remains NOT_CHECKED.; A provider high-severity label does not prove product-specific reachability exploitability or business impact and requires contextual triage after blocking.; Static repository tests cannot prove live Dependency graph data provider availability or merge enforcement.; Unknown vulnerabilities malicious-but-unadvised packages registry substitution install-time execution and provenance remain outside this control.; Framework mappings are supporting relationships and do not claim complete OSPS SSDF or MITRE coverage.,,,,,,,
PSB-DEPS-004,PSB-DEPS-004-DCR-004,dependency-security,Review dependency changes before merge,controls/dependency-security/dependency-change-review/README.md,pull requestでbuildやruntimeへ入るdirect／transitive dependency変更を表示し、既知high以上のaffected versionと評価失敗をrequired merge checkで止める。,Known high and critical vulnerabilities in changed dependencies fail the check,prevent; detect; verify,DEPENDENCY-CHANGE-RISK-HIDDEN: A pull request selects a known-vulnerable direct or transitive dependency that is installed packaged or executed but the dependency-specific change is not shown before merge.; DEPENDENCY-REVIEW-NONBLOCKING: A known vulnerability failed job provider error or missing check does not prevent merge so an unevaluated affected component reaches build or runtime use.,vulnerable dependency compromised maintainer or configuration change that weakens the severity or scope gate,a pull request selects a known high-severity affected version whose vulnerable function is later exposed to attacker input or executed by a valuable CI job but the check passes or only warns,actual impact depends on use and reachability but merge must pause before the affected component enters a production artifact developer install or privileged build,controls/dependency-security/dependency-change-review/secure/github/dependency-review.yml,vulnerability checking covers runtime development and unknown scopes at high severity with warn-only disabled,security,changed-dependency; vulnerability-gate,hybrid,inspect the reference workflow and open an inert lockfile-only pull request containing a fixed known-high affected version without installing it,the Dependency Review job fails and reports the changed package and advisory,local workflow regression output; sanitized live negative-test receipt,,,,,,,,"mitre-attack v19.1 / T1195.001 / mitigates / medium; nist-ssdf 1.1 (SP 800-218, 2022) / PW.4.1 / supports / medium; openssf-osps-baseline 2026.02.19 / OSPS-VM-05.01 / supports / medium; openssf-osps-baseline 2026.02.19 / OSPS-VM-05.02 / supports / high; openssf-osps-baseline 2026.02.19 / OSPS-VM-05.03 / supports / medium",reviewed,A separate control is unnecessary when an existing required pull-request SCA check already provides dependency diff risk failure and merge enforcement.; The GitHub reference requires Dependency graph data REST comparison Action policy evaluation and an active ruleset; the Action or rich diff alone does not complete the control.; A whole-repository Trivy scan is delegated to PSB-DETECT-001 and does not by itself prove the base-to-head changed-dependency diff required by DCR-001.; GitHub-native enforcement requires a supported repository plan Dependency graph manifest ecosystem and active ruleset.; Provider and ecosystem coverage for transitive dependency relationships varies and incomplete coverage remains NOT_CHECKED.; A provider high-severity label does not prove product-specific reachability exploitability or business impact and requires contextual triage after blocking.; Static repository tests cannot prove live Dependency graph data provider availability or merge enforcement.; Unknown vulnerabilities malicious-but-unadvised packages registry substitution install-time execution and provenance remain outside this control.; Framework mappings are supporting relationships and do not claim complete OSPS SSDF or MITRE coverage.,,,,,,,
PSB-DEPS-004,PSB-DEPS-004-DCR-009,dependency-security,Review dependency changes before merge,controls/dependency-security/dependency-change-review/README.md,pull requestでbuildやruntimeへ入るdirect／transitive dependency変更を表示し、既知high以上のaffected versionと評価失敗をrequired merge checkで止める。,Dependency review non-success cannot merge,prevent; detect; verify,DEPENDENCY-CHANGE-RISK-HIDDEN: A pull request selects a known-vulnerable direct or transitive dependency that is installed packaged or executed but the dependency-specific change is not shown before merge.; DEPENDENCY-REVIEW-NONBLOCKING: A known vulnerability failed job provider error or missing check does not prevent merge so an unevaluated affected component reaches build or runtime use.,provider outage runner failure administrator bypass or contributor relying on an absent or cancelled job,dependency risk was not successfully evaluated but the pull request merges and the unresolved component is installed built or deployed because the workflow is optional or missing,no finding and no completed evaluation are different states and only a required merge rule prevents unavailable evidence from becoming implicit approval,controls/dependency-security/dependency-change-review/secure/github/dependency-review.yml,an active default-branch ruleset requires Dependency Review and rejects failure error cancellation and missing check states,repository-admin,dependency-review-check; default-branch-ruleset,manual,inspect the active ruleset then attempt merge with a failed job and with a cancelled or missing required check in a sandbox repository,every non-success state is rejected by the default-branch merge rule,live ruleset identity and required-check receipt; sanitized failed and missing-check merge rejection,,,,,,,,"mitre-attack v19.1 / T1195.001 / mitigates / medium; nist-ssdf 1.1 (SP 800-218, 2022) / PW.4.1 / supports / medium; openssf-osps-baseline 2026.02.19 / OSPS-VM-05.02 / supports / high; openssf-osps-baseline 2026.02.19 / OSPS-VM-05.03 / supports / medium",reviewed,A separate control is unnecessary when an existing required pull-request SCA check already provides dependency diff risk failure and merge enforcement.; The GitHub reference requires Dependency graph data REST comparison Action policy evaluation and an active ruleset; the Action or rich diff alone does not complete the control.; A whole-repository Trivy scan is delegated to PSB-DETECT-001 and does not by itself prove the base-to-head changed-dependency diff required by DCR-001.; GitHub-native enforcement requires a supported repository plan Dependency graph manifest ecosystem and active ruleset.; Provider and ecosystem coverage for transitive dependency relationships varies and incomplete coverage remains NOT_CHECKED.; A provider high-severity label does not prove product-specific reachability exploitability or business impact and requires contextual triage after blocking.; Static repository tests cannot prove live Dependency graph data provider availability or merge enforcement.; Unknown vulnerabilities malicious-but-unadvised packages registry substitution install-time execution and provenance remain outside this control.; Framework mappings are supporting relationships and do not claim complete OSPS SSDF or MITRE coverage.,,,,,,,
PSB-DEPS-005,PSB-DEPS-005-AMS-001,dependency-security,Verify AI model and dataset supply-chain integrity,controls/dependency-security/ai-model-supply-chain/README.md,AI model、dataset、loader、CycloneDX ML-BOM、署名済みinspection、deployment handoffをexact digestへ結び、unsafe serializationと不完全な検証を隔離する。,Model acquisition identity and bytes are immutable,prevent; detect; verify,AI-MODEL-MUTABLE-ACQUISITION: A mutable model or dataset revision changes after review and supplies different bytes under the same human-readable name.; AI-MODEL-UNSAFE-SERIALIZATION: Pickle or custom loader behavior executes attacker-controlled code while loading model weights.; AI-MODEL-INCOMPLETE-INVENTORY: Model dataset loader and application relationships are absent or mismatched in the ML-BOM and impact analysis misses the deployed dependency.; AI-MODEL-TAMPERED-ATTESTATION: Model bytes inspection results or signer identity are substituted after security review.; AI-DATASET-UNAUTHORIZED-USE: Unversioned unlicensed or unauthorized dataset bytes enter training or fine-tuning without attributable provenance.; AI-MODEL-QUARANTINE-BYPASS: A failed or unverified model is handed to deployment by trusting a declared ACCEPTED status rather than exact evidence.; AI-MODEL-VERIFIER-FAIL-OPEN: Missing stale malformed or unavailable signer and inspection evidence is interpreted as a clean model result.,compromised model publisher registry operator dependency updater or developer selecting a mutable latest revision,reviewed model bytes are replaced under the same model name tag or branch before training evaluation or deployment,an exact source revision and independently recomputed artifact digest identify the same bytes across review quarantine and deployment,controls/dependency-security/ai-model-supply-chain/secure/policy.json; controls/dependency-security/ai-model-supply-chain/secure/acquisition.json; controls/dependency-security/ai-model-supply-chain/secure/artifacts/tiny-model.safetensors.b64; controls/dependency-security/ai-model-supply-chain/secure/artifacts/synthetic-training.jsonl; controls/dependency-security/ai-model-supply-chain/secure/model.mlbom.cdx.json; controls/dependency-security/ai-model-supply-chain/secure/intake-attestation.json; controls/dependency-security/ai-model-supply-chain/secure/intake-attestation.sig.b64; controls/dependency-security/ai-model-supply-chain/secure/signer-status.json; controls/dependency-security/ai-model-supply-chain/secure/trust/model-intake-test-public.pem; controls/dependency-security/ai-model-supply-chain/secure/deployment-handoff.json; controls/dependency-security/ai-model-supply-chain/scripts/verify.py,exact HTTPS source model ID version full revision decoded artifact SHA-256 and byte size match consumer-owned policy,build-platform,model-registry-acquisition; model-weight-artifact,automated,make verify-control CONTROL=PSB-DEPS-005,the secure full-revision digest-bound model passes while mutable source HTTP latest revision and changed bytes are quarantined,sanitized AMS-001 result; model ID version revision digest and size without model content,,,,,,,,"mitre-atlas 2026.05 (format 6.0.0) / AML.M0014 / supports / high; mitre-atlas 2026.05 (format 6.0.0) / AML.T0010.003 / mitigates / high; nist-ssdf 1.1 (SP 800-218, 2022) / PW.4.1 / supports / high; owasp-aisvs 1.0 / v1.0-C3.1.2 / supports / high; owasp-aisvs 1.0 / v1.0-C6.1.2 / verifies / high; owasp-aisvs 1.0 / v1.0-C6.1.3 / verifies / high",reviewed,Synthetic tiny Safetensors and dataset fixtures do not establish security quality accuracy bias privacy or robustness of a live model or dataset.; The repository-native parser verifies the fields needed by this control and is not the full Safetensors 0.8.0 implementation or full CycloneDX 1.7 JSON Schema validator.; Safetensors removes embedded Python object execution but parsers loaders tensor values downstream kernels and model code can still contain denial-of-service memory-safety or logic risks.; Signed clean inspection cannot detect every malware payload semantic backdoor poisoned weight or poisoned dataset and a compromised authorized signer can sign harmful evidence.; Dataset license use authorization consent and personal-data classification require organization-owned evidence; the repository fixture proves only the contract.; The checked-in Ed25519 public key and signatures are test-only and do not model HSM custody certificate chains transparency logs timestamp services or live revocation.; RAG source authorization tenant isolation index deletion retrieval provenance and poisoning tests are intentionally deferred to a separate control.; AI TEVV adversarial model evaluation and release thresholds are intentionally deferred to a detection-verification control.; This control is not evidence that an AI system or any framework category is completely secure or compliant.,,,,,,,
PSB-DEPS-005,PSB-DEPS-005-AMS-002,dependency-security,Verify AI model and dataset supply-chain integrity,controls/dependency-security/ai-model-supply-chain/README.md,AI model、dataset、loader、CycloneDX ML-BOM、署名済みinspection、deployment handoffをexact digestへ結び、unsafe serializationと不完全な検証を隔離する。,ML-BOM records the exact application model dataset and loader graph,prevent; detect; verify,AI-MODEL-MUTABLE-ACQUISITION: A mutable model or dataset revision changes after review and supplies different bytes under the same human-readable name.; AI-MODEL-UNSAFE-SERIALIZATION: Pickle or custom loader behavior executes attacker-controlled code while loading model weights.; AI-MODEL-INCOMPLETE-INVENTORY: Model dataset loader and application relationships are absent or mismatched in the ML-BOM and impact analysis misses the deployed dependency.; AI-MODEL-TAMPERED-ATTESTATION: Model bytes inspection results or signer identity are substituted after security review.; AI-DATASET-UNAUTHORIZED-USE: Unversioned unlicensed or unauthorized dataset bytes enter training or fine-tuning without attributable provenance.; AI-MODEL-QUARANTINE-BYPASS: A failed or unverified model is handed to deployment by trusting a declared ACCEPTED status rather than exact evidence.; AI-MODEL-VERIFIER-FAIL-OPEN: Missing stale malformed or unavailable signer and inspection evidence is interpreted as a clean model result.,incomplete inventory generator malicious supplier or operator attaching a valid model inventory to the wrong product,incident and vulnerability lookup cannot identify which dataset and loader produced or serves an affected deployed model,artifact integrity alone does not preserve model-to-data-to-loader-to-application relationships needed for impact analysis and controlled handoff,controls/dependency-security/ai-model-supply-chain/secure/policy.json; controls/dependency-security/ai-model-supply-chain/secure/acquisition.json; controls/dependency-security/ai-model-supply-chain/secure/artifacts/tiny-model.safetensors.b64; controls/dependency-security/ai-model-supply-chain/secure/artifacts/synthetic-training.jsonl; controls/dependency-security/ai-model-supply-chain/secure/model.mlbom.cdx.json; controls/dependency-security/ai-model-supply-chain/secure/intake-attestation.json; controls/dependency-security/ai-model-supply-chain/secure/intake-attestation.sig.b64; controls/dependency-security/ai-model-supply-chain/secure/signer-status.json; controls/dependency-security/ai-model-supply-chain/secure/trust/model-intake-test-public.pem; controls/dependency-security/ai-model-supply-chain/secure/deployment-handoff.json; controls/dependency-security/ai-model-supply-chain/scripts/verify.py,CycloneDX 1.7 root application depends on one exact machine-learning-model which depends on exact data and loader components with matching hashes and provenance properties,build-platform,cyclonedx-mlbom; ai-dependency-graph,automated,make verify-control CONTROL=PSB-DEPS-005,exact component types identities hashes model-card dataset reference and dependency edges pass while omitted or mismatched relationships quarantine,sanitized AMS-002 result; ML-BOM serial and digest without dataset rows or weight bytes,,,,,,,,"mitre-atlas 2026.05 (format 6.0.0) / AML.M0014 / supports / high; mitre-atlas 2026.05 (format 6.0.0) / AML.M0025 / supports / high; mitre-atlas 2026.05 (format 6.0.0) / AML.T0010.002 / mitigates / medium; mitre-atlas 2026.05 (format 6.0.0) / AML.T0010.003 / mitigates / high; nist-ssdf 1.1 (SP 800-218, 2022) / PW.4.1 / supports / high; owasp-aisvs 1.0 / v1.0-C6.2.1 / verifies / high; owasp-aisvs 1.0 / v1.0-C6.2.3 / verifies / high",reviewed,Synthetic tiny Safetensors and dataset fixtures do not establish security quality accuracy bias privacy or robustness of a live model or dataset.; The repository-native parser verifies the fields needed by this control and is not the full Safetensors 0.8.0 implementation or full CycloneDX 1.7 JSON Schema validator.; Safetensors removes embedded Python object execution but parsers loaders tensor values downstream kernels and model code can still contain denial-of-service memory-safety or logic risks.; Signed clean inspection cannot detect every malware payload semantic backdoor poisoned weight or poisoned dataset and a compromised authorized signer can sign harmful evidence.; Dataset license use authorization consent and personal-data classification require organization-owned evidence; the repository fixture proves only the contract.; The checked-in Ed25519 public key and signatures are test-only and do not model HSM custody certificate chains transparency logs timestamp services or live revocation.; RAG source authorization tenant isolation index deletion retrieval provenance and poisoning tests are intentionally deferred to a separate control.; AI TEVV adversarial model evaluation and release thresholds are intentionally deferred to a detection-verification control.; This control is not evidence that an AI system or any framework category is completely secure or compliant.,,,,,,,
PSB-DEPS-005,PSB-DEPS-005-AMS-003,dependency-security,Verify AI model and dataset supply-chain integrity,controls/dependency-security/ai-model-supply-chain/README.md,AI model、dataset、loader、CycloneDX ML-BOM、署名済みinspection、deployment handoffをexact digestへ結び、unsafe serializationと不完全な検証を隔離する。,Model loading uses a non-executable format and pinned loader,prevent; detect; verify,AI-MODEL-MUTABLE-ACQUISITION: A mutable model or dataset revision changes after review and supplies different bytes under the same human-readable name.; AI-MODEL-UNSAFE-SERIALIZATION: Pickle or custom loader behavior executes attacker-controlled code while loading model weights.; AI-MODEL-INCOMPLETE-INVENTORY: Model dataset loader and application relationships are absent or mismatched in the ML-BOM and impact analysis misses the deployed dependency.; AI-MODEL-TAMPERED-ATTESTATION: Model bytes inspection results or signer identity are substituted after security review.; AI-DATASET-UNAUTHORIZED-USE: Unversioned unlicensed or unauthorized dataset bytes enter training or fine-tuning without attributable provenance.; AI-MODEL-QUARANTINE-BYPASS: A failed or unverified model is handed to deployment by trusting a declared ACCEPTED status rather than exact evidence.; AI-MODEL-VERIFIER-FAIL-OPEN: Missing stale malformed or unavailable signer and inspection evidence is interpreted as a clean model result.,malicious model publisher compromised registry or developer enabling trust_remote_code or a convenient custom loader,loading a model deserializes attacker-controlled objects imports repository code or executes a mutable loader with developer or service authority,a correct hash authenticates dangerous bytes but does not make executable serialization safe so the accepted format and loader need an independent deny-by-default boundary,controls/dependency-security/ai-model-supply-chain/secure/policy.json; controls/dependency-security/ai-model-supply-chain/secure/acquisition.json; controls/dependency-security/ai-model-supply-chain/secure/artifacts/tiny-model.safetensors.b64; controls/dependency-security/ai-model-supply-chain/secure/artifacts/synthetic-training.jsonl; controls/dependency-security/ai-model-supply-chain/secure/model.mlbom.cdx.json; controls/dependency-security/ai-model-supply-chain/secure/intake-attestation.json; controls/dependency-security/ai-model-supply-chain/secure/intake-attestation.sig.b64; controls/dependency-security/ai-model-supply-chain/secure/signer-status.json; controls/dependency-security/ai-model-supply-chain/secure/trust/model-intake-test-public.pem; controls/dependency-security/ai-model-supply-chain/secure/deployment-handoff.json; controls/dependency-security/ai-model-supply-chain/scripts/verify.py,serialization is Safetensors remote code is false executable extensions are denied and loader version source commit and PSB-DEPS-003 handoff are exact,build-platform,model-serialization; model-loader-dependency; remote-code-policy,automated,make verify-control CONTROL=PSB-DEPS-005,Safetensors and the exact pinned loader pass while pickle custom loader executable extensions and remote-code requests quarantine,sanitized AMS-003 result; serialization and loader identity without executing either artifact,,,,,,,,"mitre-atlas 2026.05 (format 6.0.0) / AML.T0011.000 / mitigates / high; nist-ssdf 1.1 (SP 800-218, 2022) / PW.4.1 / supports / high; owasp-aisvs 1.0 / v1.0-C4.1.2 / verifies / high",reviewed,Synthetic tiny Safetensors and dataset fixtures do not establish security quality accuracy bias privacy or robustness of a live model or dataset.; The repository-native parser verifies the fields needed by this control and is not the full Safetensors 0.8.0 implementation or full CycloneDX 1.7 JSON Schema validator.; Safetensors removes embedded Python object execution but parsers loaders tensor values downstream kernels and model code can still contain denial-of-service memory-safety or logic risks.; Signed clean inspection cannot detect every malware payload semantic backdoor poisoned weight or poisoned dataset and a compromised authorized signer can sign harmful evidence.; Dataset license use authorization consent and personal-data classification require organization-owned evidence; the repository fixture proves only the contract.; The checked-in Ed25519 public key and signatures are test-only and do not model HSM custody certificate chains transparency logs timestamp services or live revocation.; RAG source authorization tenant isolation index deletion retrieval provenance and poisoning tests are intentionally deferred to a separate control.; AI TEVV adversarial model evaluation and release thresholds are intentionally deferred to a detection-verification control.; This control is not evidence that an AI system or any framework category is completely secure or compliant.,,,,,,,
PSB-DEPS-005,PSB-DEPS-005-AMS-004,dependency-security,Verify AI model and dataset supply-chain integrity,controls/dependency-security/ai-model-supply-chain/README.md,AI model、dataset、loader、CycloneDX ML-BOM、署名済みinspection、deployment handoffをexact digestへ結び、unsafe serializationと不完全な検証を隔離する。,Safetensors structure is inspected without model execution,prevent; detect; verify,AI-MODEL-MUTABLE-ACQUISITION: A mutable model or dataset revision changes after review and supplies different bytes under the same human-readable name.; AI-MODEL-UNSAFE-SERIALIZATION: Pickle or custom loader behavior executes attacker-controlled code while loading model weights.; AI-MODEL-INCOMPLETE-INVENTORY: Model dataset loader and application relationships are absent or mismatched in the ML-BOM and impact analysis misses the deployed dependency.; AI-MODEL-TAMPERED-ATTESTATION: Model bytes inspection results or signer identity are substituted after security review.; AI-DATASET-UNAUTHORIZED-USE: Unversioned unlicensed or unauthorized dataset bytes enter training or fine-tuning without attributable provenance.; AI-MODEL-QUARANTINE-BYPASS: A failed or unverified model is handed to deployment by trusting a declared ACCEPTED status rather than exact evidence.; AI-MODEL-VERIFIER-FAIL-OPEN: Missing stale malformed or unavailable signer and inspection evidence is interpreted as a clean model result.,malicious artifact author crafting oversized duplicate-key overlapping truncated or polyglot-like tensor data,a parser consumes unbounded metadata accepts ambiguous ranges or allocates from hostile shapes before the model reaches a runtime sandbox,choosing a non-code format reduces arbitrary execution but does not replace bounded parsing and structural validation of untrusted binary input,controls/dependency-security/ai-model-supply-chain/secure/policy.json; controls/dependency-security/ai-model-supply-chain/secure/acquisition.json; controls/dependency-security/ai-model-supply-chain/secure/artifacts/tiny-model.safetensors.b64; controls/dependency-security/ai-model-supply-chain/secure/artifacts/synthetic-training.jsonl; controls/dependency-security/ai-model-supply-chain/secure/model.mlbom.cdx.json; controls/dependency-security/ai-model-supply-chain/secure/intake-attestation.json; controls/dependency-security/ai-model-supply-chain/secure/intake-attestation.sig.b64; controls/dependency-security/ai-model-supply-chain/secure/signer-status.json; controls/dependency-security/ai-model-supply-chain/secure/trust/model-intake-test-public.pem; controls/dependency-security/ai-model-supply-chain/secure/deployment-handoff.json; controls/dependency-security/ai-model-supply-chain/scripts/verify.py,base64-decoded fixture has a bounded valid unique-key JSON header allowed dtype and dimensions and a complete non-overlapping tensor buffer,security,model-static-inspection; safetensors-weight-artifact,automated,make verify-control CONTROL=PSB-DEPS-005,the minimal safe tensor is parsed from raw bytes without import while invalid header size duplicate keys dtype shape gaps overlaps and changed bytes quarantine,sanitized AMS-004 result; header size tensor count dtype and structural decision without tensor values,,,,,,,,"mitre-atlas 2026.05 (format 6.0.0) / AML.M0014 / supports / high; mitre-atlas 2026.05 (format 6.0.0) / AML.T0011.000 / mitigates / high; nist-ssdf 1.1 (SP 800-218, 2022) / PW.4.1 / supports / high; owasp-aisvs 1.0 / v1.0-C4.1.2 / verifies / high",reviewed,Synthetic tiny Safetensors and dataset fixtures do not establish security quality accuracy bias privacy or robustness of a live model or dataset.; The repository-native parser verifies the fields needed by this control and is not the full Safetensors 0.8.0 implementation or full CycloneDX 1.7 JSON Schema validator.; Safetensors removes embedded Python object execution but parsers loaders tensor values downstream kernels and model code can still contain denial-of-service memory-safety or logic risks.; Signed clean inspection cannot detect every malware payload semantic backdoor poisoned weight or poisoned dataset and a compromised authorized signer can sign harmful evidence.; Dataset license use authorization consent and personal-data classification require organization-owned evidence; the repository fixture proves only the contract.; The checked-in Ed25519 public key and signatures are test-only and do not model HSM custody certificate chains transparency logs timestamp services or live revocation.; RAG source authorization tenant isolation index deletion retrieval provenance and poisoning tests are intentionally deferred to a separate control.; AI TEVV adversarial model evaluation and release thresholds are intentionally deferred to a detection-verification control.; This control is not evidence that an AI system or any framework category is completely secure or compliant.,,,,,,,
PSB-DEPS-005,PSB-DEPS-005-AMS-005,dependency-security,Verify AI model and dataset supply-chain integrity,controls/dependency-security/ai-model-supply-chain/README.md,AI model、dataset、loader、CycloneDX ML-BOM、署名済みinspection、deployment handoffをexact digestへ結び、unsafe serializationと不完全な検証を隔離する。,Inspection materials and signer lifecycle are cryptographically bound,prevent; detect; verify,AI-MODEL-MUTABLE-ACQUISITION: A mutable model or dataset revision changes after review and supplies different bytes under the same human-readable name.; AI-MODEL-UNSAFE-SERIALIZATION: Pickle or custom loader behavior executes attacker-controlled code while loading model weights.; AI-MODEL-INCOMPLETE-INVENTORY: Model dataset loader and application relationships are absent or mismatched in the ML-BOM and impact analysis misses the deployed dependency.; AI-MODEL-TAMPERED-ATTESTATION: Model bytes inspection results or signer identity are substituted after security review.; AI-DATASET-UNAUTHORIZED-USE: Unversioned unlicensed or unauthorized dataset bytes enter training or fine-tuning without attributable provenance.; AI-MODEL-QUARANTINE-BYPASS: A failed or unverified model is handed to deployment by trusting a declared ACCEPTED status rather than exact evidence.; AI-MODEL-VERIFIER-FAIL-OPEN: Missing stale malformed or unavailable signer and inspection evidence is interpreted as a clean model result.,model supplier forger compromised transfer path revoked signer or pipeline reusing a favorable scan from different bytes,an unsigned changed stale or finding-bearing model is presented with unrelated clean inspection metadata and accepted,recomputing artifact hashes detects changes but a trusted signature and current scope are needed to attribute the security decision to the exact inspected materials,controls/dependency-security/ai-model-supply-chain/secure/policy.json; controls/dependency-security/ai-model-supply-chain/secure/acquisition.json; controls/dependency-security/ai-model-supply-chain/secure/artifacts/tiny-model.safetensors.b64; controls/dependency-security/ai-model-supply-chain/secure/artifacts/synthetic-training.jsonl; controls/dependency-security/ai-model-supply-chain/secure/model.mlbom.cdx.json; controls/dependency-security/ai-model-supply-chain/secure/intake-attestation.json; controls/dependency-security/ai-model-supply-chain/secure/intake-attestation.sig.b64; controls/dependency-security/ai-model-supply-chain/secure/signer-status.json; controls/dependency-security/ai-model-supply-chain/secure/trust/model-intake-test-public.pem; controls/dependency-security/ai-model-supply-chain/secure/deployment-handoff.json; controls/dependency-security/ai-model-supply-chain/scripts/verify.py,a valid Ed25519 signature from one current model-scoped signer binds exact acquisition ML-BOM dataset model and pinned verifier digests to complete clean inspection,security,model-intake-attestation; inspection-receipt; signer-status,automated,make verify-control CONTROL=PSB-DEPS-005,exact signed materials and active scoped signer pass while tampering unknown expired revoked stale incomplete or finding-bearing evidence cannot pass,sanitized AMS-005 result; signer ID status receipt ID and material digests without signature or key body,,,,,,,,"mitre-atlas 2026.05 (format 6.0.0) / AML.M0014 / supports / high; mitre-atlas 2026.05 (format 6.0.0) / AML.T0010.003 / mitigates / high; mitre-atlas 2026.05 (format 6.0.0) / AML.T0011.000 / mitigates / high; nist-ssdf 1.1 (SP 800-218, 2022) / PW.4.1 / supports / high; owasp-aisvs 1.0 / v1.0-C3.1.2 / supports / high; owasp-aisvs 1.0 / v1.0-C6.1.3 / verifies / high; owasp-aisvs 1.0 / v1.0-C6.2.2 / verifies / high",reviewed,Synthetic tiny Safetensors and dataset fixtures do not establish security quality accuracy bias privacy or robustness of a live model or dataset.; The repository-native parser verifies the fields needed by this control and is not the full Safetensors 0.8.0 implementation or full CycloneDX 1.7 JSON Schema validator.; Safetensors removes embedded Python object execution but parsers loaders tensor values downstream kernels and model code can still contain denial-of-service memory-safety or logic risks.; Signed clean inspection cannot detect every malware payload semantic backdoor poisoned weight or poisoned dataset and a compromised authorized signer can sign harmful evidence.; Dataset license use authorization consent and personal-data classification require organization-owned evidence; the repository fixture proves only the contract.; The checked-in Ed25519 public key and signatures are test-only and do not model HSM custody certificate chains transparency logs timestamp services or live revocation.; RAG source authorization tenant isolation index deletion retrieval provenance and poisoning tests are intentionally deferred to a separate control.; AI TEVV adversarial model evaluation and release thresholds are intentionally deferred to a detection-verification control.; This control is not evidence that an AI system or any framework category is completely secure or compliant.,,,,,,,
PSB-DEPS-005,PSB-DEPS-005-AMS-006,dependency-security,Verify AI model and dataset supply-chain integrity,controls/dependency-security/ai-model-supply-chain/README.md,AI model、dataset、loader、CycloneDX ML-BOM、署名済みinspection、deployment handoffをexact digestへ結び、unsafe serializationと不完全な検証を隔離する。,Dataset provenance license and use authorization are exact,prevent; detect; verify,AI-MODEL-MUTABLE-ACQUISITION: A mutable model or dataset revision changes after review and supplies different bytes under the same human-readable name.; AI-MODEL-UNSAFE-SERIALIZATION: Pickle or custom loader behavior executes attacker-controlled code while loading model weights.; AI-MODEL-INCOMPLETE-INVENTORY: Model dataset loader and application relationships are absent or mismatched in the ML-BOM and impact analysis misses the deployed dependency.; AI-MODEL-TAMPERED-ATTESTATION: Model bytes inspection results or signer identity are substituted after security review.; AI-DATASET-UNAUTHORIZED-USE: Unversioned unlicensed or unauthorized dataset bytes enter training or fine-tuning without attributable provenance.; AI-MODEL-QUARANTINE-BYPASS: A failed or unverified model is handed to deployment by trusting a declared ACCEPTED status rather than exact evidence.; AI-MODEL-VERIFIER-FAIL-OPEN: Missing stale malformed or unavailable signer and inspection evidence is interpreted as a clean model result.,poisoned dataset publisher unauthorized data contributor careless data scientist or mutable dataset registry,changed unlicensed personal or unapproved data enters training while the model record retains an unrelated benign dataset name,model artifact checks cannot establish which exact data was authorized for use so dataset identity governance remains an independent dependency decision,controls/dependency-security/ai-model-supply-chain/secure/policy.json; controls/dependency-security/ai-model-supply-chain/secure/acquisition.json; controls/dependency-security/ai-model-supply-chain/secure/artifacts/tiny-model.safetensors.b64; controls/dependency-security/ai-model-supply-chain/secure/artifacts/synthetic-training.jsonl; controls/dependency-security/ai-model-supply-chain/secure/model.mlbom.cdx.json; controls/dependency-security/ai-model-supply-chain/secure/intake-attestation.json; controls/dependency-security/ai-model-supply-chain/secure/intake-attestation.sig.b64; controls/dependency-security/ai-model-supply-chain/secure/signer-status.json; controls/dependency-security/ai-model-supply-chain/secure/trust/model-intake-test-public.pem; controls/dependency-security/ai-model-supply-chain/secure/deployment-handoff.json; controls/dependency-security/ai-model-supply-chain/scripts/verify.py,dataset ID version HTTPS source full revision digest license approved-use reason and no-personal-data declaration match policy and ML-BOM,shared,training-dataset; fine-tuning-dataset; dataset-license,hybrid,make verify-control CONTROL=PSB-DEPS-005 and review organization data authorization evidence,exact synthetic dataset bytes and approved license and use reason pass while latest unknown-license personal-data or digest mismatch quarantine,sanitized AMS-006 result; dataset ID version revision digest license and authorization reference without dataset rows,,,,,,,,"mitre-atlas 2026.05 (format 6.0.0) / AML.M0025 / supports / high; mitre-atlas 2026.05 (format 6.0.0) / AML.T0010.002 / mitigates / medium; nist-ssdf 1.1 (SP 800-218, 2022) / PW.4.1 / supports / high; owasp-aisvs 1.0 / v1.0-C6.1.2 / verifies / high; owasp-aisvs 1.0 / v1.0-C6.2.1 / verifies / high",reviewed,Synthetic tiny Safetensors and dataset fixtures do not establish security quality accuracy bias privacy or robustness of a live model or dataset.; The repository-native parser verifies the fields needed by this control and is not the full Safetensors 0.8.0 implementation or full CycloneDX 1.7 JSON Schema validator.; Safetensors removes embedded Python object execution but parsers loaders tensor values downstream kernels and model code can still contain denial-of-service memory-safety or logic risks.; Signed clean inspection cannot detect every malware payload semantic backdoor poisoned weight or poisoned dataset and a compromised authorized signer can sign harmful evidence.; Dataset license use authorization consent and personal-data classification require organization-owned evidence; the repository fixture proves only the contract.; The checked-in Ed25519 public key and signatures are test-only and do not model HSM custody certificate chains transparency logs timestamp services or live revocation.; RAG source authorization tenant isolation index deletion retrieval provenance and poisoning tests are intentionally deferred to a separate control.; AI TEVV adversarial model evaluation and release thresholds are intentionally deferred to a detection-verification control.; This control is not evidence that an AI system or any framework category is completely secure or compliant.,,,,,,,
PSB-DEPS-005,PSB-DEPS-005-AMS-007,dependency-security,Verify AI model and dataset supply-chain integrity,controls/dependency-security/ai-model-supply-chain/README.md,AI model、dataset、loader、CycloneDX ML-BOM、署名済みinspection、deployment handoffをexact digestへ結び、unsafe serializationと不完全な検証を隔離する。,Only an accepted exact bundle is handed to deployment,prevent; detect; verify,AI-MODEL-MUTABLE-ACQUISITION: A mutable model or dataset revision changes after review and supplies different bytes under the same human-readable name.; AI-MODEL-UNSAFE-SERIALIZATION: Pickle or custom loader behavior executes attacker-controlled code while loading model weights.; AI-MODEL-INCOMPLETE-INVENTORY: Model dataset loader and application relationships are absent or mismatched in the ML-BOM and impact analysis misses the deployed dependency.; AI-MODEL-TAMPERED-ATTESTATION: Model bytes inspection results or signer identity are substituted after security review.; AI-DATASET-UNAUTHORIZED-USE: Unversioned unlicensed or unauthorized dataset bytes enter training or fine-tuning without attributable provenance.; AI-MODEL-QUARANTINE-BYPASS: A failed or unverified model is handed to deployment by trusting a declared ACCEPTED status rather than exact evidence.; AI-MODEL-VERIFIER-FAIL-OPEN: Missing stale malformed or unavailable signer and inspection evidence is interpreted as a clean model result.,compromised deployment job confused deputy or operator copying a declared ACCEPTED field from an unrelated model review,quarantine is bypassed and a different model dataset loader target environment or remote-code mode reaches serving,acceptance has operational effect only when the deployment consumer rechecks the exact evidence identities instead of trusting a free-standing status label,controls/dependency-security/ai-model-supply-chain/secure/policy.json; controls/dependency-security/ai-model-supply-chain/secure/acquisition.json; controls/dependency-security/ai-model-supply-chain/secure/artifacts/tiny-model.safetensors.b64; controls/dependency-security/ai-model-supply-chain/secure/artifacts/synthetic-training.jsonl; controls/dependency-security/ai-model-supply-chain/secure/model.mlbom.cdx.json; controls/dependency-security/ai-model-supply-chain/secure/intake-attestation.json; controls/dependency-security/ai-model-supply-chain/secure/intake-attestation.sig.b64; controls/dependency-security/ai-model-supply-chain/secure/signer-status.json; controls/dependency-security/ai-model-supply-chain/secure/trust/model-intake-test-public.pem; controls/dependency-security/ai-model-supply-chain/secure/deployment-handoff.json; controls/dependency-security/ai-model-supply-chain/scripts/verify.py,staging handoff repeats exact model artifact ML-BOM serial and digest dataset digest pinned loader and PSB-DEPS-003 identity with remote code disabled,release-manager,model-deployment-handoff; model-serving-release,automated,make verify-control CONTROL=PSB-DEPS-005,exact staging handoff passes while production bypass latest model digest substitution custom loader and remote code quarantine,sanitized AMS-007 result; target environment and immutable dependency digests,,,,,,,,"mitre-atlas 2026.05 (format 6.0.0) / AML.M0014 / supports / high; mitre-atlas 2026.05 (format 6.0.0) / AML.T0010.003 / mitigates / high; mitre-atlas 2026.05 (format 6.0.0) / AML.T0011.000 / mitigates / high; nist-ssdf 1.1 (SP 800-218, 2022) / PW.4.1 / supports / high; owasp-aisvs 1.0 / v1.0-C6.2.2 / verifies / high",reviewed,Synthetic tiny Safetensors and dataset fixtures do not establish security quality accuracy bias privacy or robustness of a live model or dataset.; The repository-native parser verifies the fields needed by this control and is not the full Safetensors 0.8.0 implementation or full CycloneDX 1.7 JSON Schema validator.; Safetensors removes embedded Python object execution but parsers loaders tensor values downstream kernels and model code can still contain denial-of-service memory-safety or logic risks.; Signed clean inspection cannot detect every malware payload semantic backdoor poisoned weight or poisoned dataset and a compromised authorized signer can sign harmful evidence.; Dataset license use authorization consent and personal-data classification require organization-owned evidence; the repository fixture proves only the contract.; The checked-in Ed25519 public key and signatures are test-only and do not model HSM custody certificate chains transparency logs timestamp services or live revocation.; RAG source authorization tenant isolation index deletion retrieval provenance and poisoning tests are intentionally deferred to a separate control.; AI TEVV adversarial model evaluation and release thresholds are intentionally deferred to a detection-verification control.; This control is not evidence that an AI system or any framework category is completely secure or compliant.,,,,,,,
PSB-DEPS-005,PSB-DEPS-005-AMS-008,dependency-security,Verify AI model and dataset supply-chain integrity,controls/dependency-security/ai-model-supply-chain/README.md,AI model、dataset、loader、CycloneDX ML-BOM、署名済みinspection、deployment handoffをexact digestへ結び、unsafe serializationと不完全な検証を隔離する。,Verification infrastructure failure remains ERROR,prevent; detect; verify,AI-MODEL-MUTABLE-ACQUISITION: A mutable model or dataset revision changes after review and supplies different bytes under the same human-readable name.; AI-MODEL-UNSAFE-SERIALIZATION: Pickle or custom loader behavior executes attacker-controlled code while loading model weights.; AI-MODEL-INCOMPLETE-INVENTORY: Model dataset loader and application relationships are absent or mismatched in the ML-BOM and impact analysis misses the deployed dependency.; AI-MODEL-TAMPERED-ATTESTATION: Model bytes inspection results or signer identity are substituted after security review.; AI-DATASET-UNAUTHORIZED-USE: Unversioned unlicensed or unauthorized dataset bytes enter training or fine-tuning without attributable provenance.; AI-MODEL-QUARANTINE-BYPASS: A failed or unverified model is handed to deployment by trusting a declared ACCEPTED status rather than exact evidence.; AI-MODEL-VERIFIER-FAIL-OPEN: Missing stale malformed or unavailable signer and inspection evidence is interpreted as a clean model result.,service outage stale cache schema change damaged trust store or missing OpenSSL installation,the model cannot be evaluated but absence of a finding is recorded as permission to deploy,operational inability to verify trust is different from both a clean model and a known content violation and must fail closed for reliable automation,controls/dependency-security/ai-model-supply-chain/secure/policy.json; controls/dependency-security/ai-model-supply-chain/secure/acquisition.json; controls/dependency-security/ai-model-supply-chain/secure/artifacts/tiny-model.safetensors.b64; controls/dependency-security/ai-model-supply-chain/secure/artifacts/synthetic-training.jsonl; controls/dependency-security/ai-model-supply-chain/secure/model.mlbom.cdx.json; controls/dependency-security/ai-model-supply-chain/secure/intake-attestation.json; controls/dependency-security/ai-model-supply-chain/secure/intake-attestation.sig.b64; controls/dependency-security/ai-model-supply-chain/secure/signer-status.json; controls/dependency-security/ai-model-supply-chain/secure/trust/model-intake-test-public.pem; controls/dependency-security/ai-model-supply-chain/secure/deployment-handoff.json; controls/dependency-security/ai-model-supply-chain/scripts/verify.py,malformed trusted policy unavailable or stale signer snapshot and missing crypto executable exit 2 as ERROR and never emit accepted or clean,security,model-intake-verifier; signer-status-source; cryptographic-verifier,automated,make verify-control CONTROL=PSB-DEPS-005,unavailable stale malformed and crypto execution fixtures return ERROR with exit code 2,sanitized AMS-008 error state; operations alert reference without model or dataset content,,,,,,,,owasp-aisvs 1.0 / v1.0-C6.2.3 / verifies / high,reviewed,Synthetic tiny Safetensors and dataset fixtures do not establish security quality accuracy bias privacy or robustness of a live model or dataset.; The repository-native parser verifies the fields needed by this control and is not the full Safetensors 0.8.0 implementation or full CycloneDX 1.7 JSON Schema validator.; Safetensors removes embedded Python object execution but parsers loaders tensor values downstream kernels and model code can still contain denial-of-service memory-safety or logic risks.; Signed clean inspection cannot detect every malware payload semantic backdoor poisoned weight or poisoned dataset and a compromised authorized signer can sign harmful evidence.; Dataset license use authorization consent and personal-data classification require organization-owned evidence; the repository fixture proves only the contract.; The checked-in Ed25519 public key and signatures are test-only and do not model HSM custody certificate chains transparency logs timestamp services or live revocation.; RAG source authorization tenant isolation index deletion retrieval provenance and poisoning tests are intentionally deferred to a separate control.; AI TEVV adversarial model evaluation and release thresholds are intentionally deferred to a detection-verification control.; This control is not evidence that an AI system or any framework category is completely secure or compliant.,,,,,,,
PSB-DEPS-005,PSB-DEPS-005-AMS-009,dependency-security,Verify AI model and dataset supply-chain integrity,controls/dependency-security/ai-model-supply-chain/README.md,AI model、dataset、loader、CycloneDX ML-BOM、署名済みinspection、deployment handoffをexact digestへ結び、unsafe serializationと不完全な検証を隔離する。,Model intake evidence is metadata-only,prevent; detect; verify,AI-MODEL-MUTABLE-ACQUISITION: A mutable model or dataset revision changes after review and supplies different bytes under the same human-readable name.; AI-MODEL-UNSAFE-SERIALIZATION: Pickle or custom loader behavior executes attacker-controlled code while loading model weights.; AI-MODEL-INCOMPLETE-INVENTORY: Model dataset loader and application relationships are absent or mismatched in the ML-BOM and impact analysis misses the deployed dependency.; AI-MODEL-TAMPERED-ATTESTATION: Model bytes inspection results or signer identity are substituted after security review.; AI-DATASET-UNAUTHORIZED-USE: Unversioned unlicensed or unauthorized dataset bytes enter training or fine-tuning without attributable provenance.; AI-MODEL-QUARANTINE-BYPASS: A failed or unverified model is handed to deployment by trusting a declared ACCEPTED status rather than exact evidence.; AI-MODEL-VERIFIER-FAIL-OPEN: Missing stale malformed or unavailable signer and inspection evidence is interpreted as a clean model result.,broad CI log reader evidence exporter or assessment workbook consumer outside the model and dataset access boundary,proving control execution creates a second broadly retained copy of proprietary weights training data credentials or trust material,decision metadata and digests are sufficient for traceability while copying protected content would create a new supply-chain disclosure path,controls/dependency-security/ai-model-supply-chain/secure/policy.json; controls/dependency-security/ai-model-supply-chain/secure/acquisition.json; controls/dependency-security/ai-model-supply-chain/secure/artifacts/tiny-model.safetensors.b64; controls/dependency-security/ai-model-supply-chain/secure/artifacts/synthetic-training.jsonl; controls/dependency-security/ai-model-supply-chain/secure/model.mlbom.cdx.json; controls/dependency-security/ai-model-supply-chain/secure/intake-attestation.json; controls/dependency-security/ai-model-supply-chain/secure/intake-attestation.sig.b64; controls/dependency-security/ai-model-supply-chain/secure/signer-status.json; controls/dependency-security/ai-model-supply-chain/secure/trust/model-intake-test-public.pem; controls/dependency-security/ai-model-supply-chain/secure/deployment-handoff.json; controls/dependency-security/ai-model-supply-chain/scripts/verify.py,evidence excludes weight bytes dataset rows signatures public or private key material and source credentials,security,model-security-evidence; dataset-confidentiality; signing-material,automated,make verify-control CONTROL=PSB-DEPS-005,metadata-only policy passes while any model dataset signature key or credential inclusion setting quarantines,sanitized AMS-009 result; check IDs decisions and digests only,,,,,,,,UNMAPPED — framework review required,unmapped,Synthetic tiny Safetensors and dataset fixtures do not establish security quality accuracy bias privacy or robustness of a live model or dataset.; The repository-native parser verifies the fields needed by this control and is not the full Safetensors 0.8.0 implementation or full CycloneDX 1.7 JSON Schema validator.; Safetensors removes embedded Python object execution but parsers loaders tensor values downstream kernels and model code can still contain denial-of-service memory-safety or logic risks.; Signed clean inspection cannot detect every malware payload semantic backdoor poisoned weight or poisoned dataset and a compromised authorized signer can sign harmful evidence.; Dataset license use authorization consent and personal-data classification require organization-owned evidence; the repository fixture proves only the contract.; The checked-in Ed25519 public key and signatures are test-only and do not model HSM custody certificate chains transparency logs timestamp services or live revocation.; RAG source authorization tenant isolation index deletion retrieval provenance and poisoning tests are intentionally deferred to a separate control.; AI TEVV adversarial model evaluation and release thresholds are intentionally deferred to a detection-verification control.; This control is not evidence that an AI system or any framework category is completely secure or compliant.,,,,,,,
