Control ID,Check ID,Domain,Control Title,Control Path,Control Summary,Check Title,Security Functions,Threat Scenarios,Threat Actor or Source,Row Attack or Failure Scenario,Why This Check Is Required,Secure Examples,Required State,Responsible Role,Applies To,Verification Type,Verification Method,Expected Result,Required Evidence,Assessment Command,Assessment Platforms,SLSA Track,SLSA Requirement Levels,SLSA Minimum Level,SLSA Responsibility,SLSA Build L2 Scope,Framework Mappings,Mapping Status,Limitations,Implementation Status,Assessment Result,Evidence URL,Assignee,Due Date,Exception ID,Notes
PSB-GOV-001,PSB-GOV-001-INC-001,governance-operations,supply-chain incidentのbuild artifactと稼働deployment影響を即時特定する,controls/governance-operations/supply-chain-incident-readiness/README.md,SBOMとビルド証跡から汚染パッケージの影響をリポジトリ、ビルド、成果物、デプロイ先へ逆引きし、承認付きドライラン対応計画を生成する。,Exact package versions can be traced to affected products,detect; respond; verify; govern,SUPPLY-CHAIN-INCIDENT-UNKNOWN-BLAST-RADIUS: 汚染dependency発覚時に使用repository、build、artifact、credentialを特定できず、containmentと復旧が遅延する。; SUPPLY-CHAIN-RESPONSE-EVIDENCE-LOSS: 証跡保全前のcache削除やcredential失効、未承認の破壊的対応により調査可能性または可用性が損なわれる。; SUPPLY-CHAIN-RUNTIME-INVENTORY-GAP: SBOM対象artifactとactive deploymentのdigest関係が欠落し、稼働している影響serviceとenvironmentがincident scopeから漏れる。,compromised dependency maintainer or attacker introducing a malicious exact package version,responders know the package version but cannot identify affected repositories builds and artifacts,exact reverse lookup converts a dependency alert into an actionable and bounded incident scope,controls/governance-operations/supply-chain-incident-readiness/secure/inventory/application-a.cdx.json; controls/governance-operations/supply-chain-incident-readiness/secure/inventory/application-b.cdx.json; controls/governance-operations/supply-chain-incident-readiness/secure/build-records.json; controls/governance-operations/supply-chain-incident-readiness/secure/runbook.json; controls/governance-operations/supply-chain-incident-readiness/secure/dependency-track-policy.json; controls/governance-operations/supply-chain-incident-readiness/secure/dependency-track-response.json,repository build and artifact impact is queryable,incident-response,incident-response; sbom-inventory,automated,make verify-control CONTROL=PSB-GOV-001,an exact package version returns all linked repositories builds and artifacts,sanitized impact report,,,,,,,,"mitre-attack v19.1 / T1195.001 / detects / medium; nist-ssdf 1.1 (SP 800-218, 2022) / RV.1.1 / supports / high; nist-ssdf 1.1 (SP 800-218, 2022) / RV.2.1 / supports / high",reviewed,SBOMの完全性と鮮度が不足するとfalse negativeが生じる。; Exact package version照合は侵害の事実を証明しない。; Reference runbookはdry-runのみで外部systemを変更しない。; Scanner inventoryまたはrecord読取失敗をcleanな結果として扱ってはいけない。; Dependency-Track adapterは4.14.3のnormalized fixture contractでありlive API access project ACL pagination and analyzer freshness require organization evidence.; Dependency-Track 5系はbreaking API distribution and notification changesを再レビューしてからadapter versionを更新する。; Deployment fixture proves artifact-to-deployment identity linkage but not that every process-loaded library or ephemeral workload was observed.; Live deployment completeness freshness cluster scope and collector health require organization evidence and unavailable collection must not become no impact.,,,,,,,
PSB-GOV-001,PSB-GOV-001-INC-002,governance-operations,supply-chain incidentのbuild artifactと稼働deployment影響を即時特定する,controls/governance-operations/supply-chain-incident-readiness/README.md,SBOMとビルド証跡から汚染パッケージの影響をリポジトリ、ビルド、成果物、デプロイ先へ逆引きし、承認付きドライラン対応計画を生成する。,SBOM and build evidence remain integrity linked,detect; respond; verify; govern,SUPPLY-CHAIN-INCIDENT-UNKNOWN-BLAST-RADIUS: 汚染dependency発覚時に使用repository、build、artifact、credentialを特定できず、containmentと復旧が遅延する。; SUPPLY-CHAIN-RESPONSE-EVIDENCE-LOSS: 証跡保全前のcache削除やcredential失効、未承認の破壊的対応により調査可能性または可用性が損なわれる。; SUPPLY-CHAIN-RUNTIME-INVENTORY-GAP: SBOM対象artifactとactive deploymentのdigest関係が欠落し、稼働している影響serviceとenvironmentがincident scopeから漏れる。,stale inventory tampering or accidental mismatch between SBOM and build records,response decisions use an SBOM that does not correspond to the investigated build or evidence artifact,integrity links establish that inventory findings refer to the actual product build under investigation,controls/governance-operations/supply-chain-incident-readiness/secure/inventory/application-a.cdx.json; controls/governance-operations/supply-chain-incident-readiness/secure/inventory/application-b.cdx.json; controls/governance-operations/supply-chain-incident-readiness/secure/build-records.json; controls/governance-operations/supply-chain-incident-readiness/secure/runbook.json; controls/governance-operations/supply-chain-incident-readiness/secure/dependency-track-policy.json; controls/governance-operations/supply-chain-incident-readiness/secure/dependency-track-response.json,CycloneDX serial build record and evidence digest match,build-platform,sbom-inventory; build-evidence,automated,make verify-control CONTROL=PSB-GOV-001,incomplete or mismatched inventory records are rejected,sanitized verifier output,,,,,,,,"nist-ssdf 1.1 (SP 800-218, 2022) / RV.1.1 / supports / high",reviewed,SBOMの完全性と鮮度が不足するとfalse negativeが生じる。; Exact package version照合は侵害の事実を証明しない。; Reference runbookはdry-runのみで外部systemを変更しない。; Scanner inventoryまたはrecord読取失敗をcleanな結果として扱ってはいけない。; Dependency-Track adapterは4.14.3のnormalized fixture contractでありlive API access project ACL pagination and analyzer freshness require organization evidence.; Dependency-Track 5系はbreaking API distribution and notification changesを再レビューしてからadapter versionを更新する。; Deployment fixture proves artifact-to-deployment identity linkage but not that every process-loaded library or ephemeral workload was observed.; Live deployment completeness freshness cluster scope and collector health require organization evidence and unavailable collection must not become no impact.,,,,,,,
PSB-GOV-001,PSB-GOV-001-INC-003,governance-operations,supply-chain incidentのbuild artifactと稼働deployment影響を即時特定する,controls/governance-operations/supply-chain-incident-readiness/README.md,SBOMとビルド証跡から汚染パッケージの影響をリポジトリ、ビルド、成果物、デプロイ先へ逆引きし、承認付きドライラン対応計画を生成する。,Response planning preserves evidence before containment,detect; respond; verify; govern,SUPPLY-CHAIN-INCIDENT-UNKNOWN-BLAST-RADIUS: 汚染dependency発覚時に使用repository、build、artifact、credentialを特定できず、containmentと復旧が遅延する。; SUPPLY-CHAIN-RESPONSE-EVIDENCE-LOSS: 証跡保全前のcache削除やcredential失効、未承認の破壊的対応により調査可能性または可用性が損なわれる。; SUPPLY-CHAIN-RUNTIME-INVENTORY-GAP: SBOM対象artifactとactive deploymentのdigest関係が欠落し、稼働している影響serviceとenvironmentがincident scopeから漏れる。,rushed responder or unauthorized automation performing destructive containment,caches credentials or artifacts are removed before evidence capture causing investigation loss or outage,preservation-first owner-approved dry runs make response actions reviewable before changing production state,controls/governance-operations/supply-chain-incident-readiness/secure/inventory/application-a.cdx.json; controls/governance-operations/supply-chain-incident-readiness/secure/inventory/application-b.cdx.json; controls/governance-operations/supply-chain-incident-readiness/secure/build-records.json; controls/governance-operations/supply-chain-incident-readiness/secure/runbook.json; controls/governance-operations/supply-chain-incident-readiness/secure/dependency-track-policy.json; controls/governance-operations/supply-chain-incident-readiness/secure/dependency-track-response.json,owner-approved dry-run plan begins with evidence preservation,incident-response,incident-response,automated,make verify-control CONTROL=PSB-GOV-001,unsafe destructive or unapproved runbooks are rejected,generated dry-run response plan,,,,,,,,"nist-ssdf 1.1 (SP 800-218, 2022) / RV.2.1 / supports / high",reviewed,SBOMの完全性と鮮度が不足するとfalse negativeが生じる。; Exact package version照合は侵害の事実を証明しない。; Reference runbookはdry-runのみで外部systemを変更しない。; Scanner inventoryまたはrecord読取失敗をcleanな結果として扱ってはいけない。; Dependency-Track adapterは4.14.3のnormalized fixture contractでありlive API access project ACL pagination and analyzer freshness require organization evidence.; Dependency-Track 5系はbreaking API distribution and notification changesを再レビューしてからadapter versionを更新する。; Deployment fixture proves artifact-to-deployment identity linkage but not that every process-loaded library or ephemeral workload was observed.; Live deployment completeness freshness cluster scope and collector health require organization evidence and unavailable collection must not become no impact.,,,,,,,
PSB-GOV-001,PSB-GOV-001-INC-004,governance-operations,supply-chain incidentのbuild artifactと稼働deployment影響を即時特定する,controls/governance-operations/supply-chain-incident-readiness/README.md,SBOMとビルド証跡から汚染パッケージの影響をリポジトリ、ビルド、成果物、デプロイ先へ逆引きし、承認付きドライラン対応計画を生成する。,Impact detected no impact and verification failure are distinct,detect; respond; verify; govern,SUPPLY-CHAIN-INCIDENT-UNKNOWN-BLAST-RADIUS: 汚染dependency発覚時に使用repository、build、artifact、credentialを特定できず、containmentと復旧が遅延する。; SUPPLY-CHAIN-RESPONSE-EVIDENCE-LOSS: 証跡保全前のcache削除やcredential失効、未承認の破壊的対応により調査可能性または可用性が損なわれる。; SUPPLY-CHAIN-RUNTIME-INVENTORY-GAP: SBOM対象artifactとactive deploymentのdigest関係が欠落し、稼働している影響serviceとenvironmentがincident scopeから漏れる。,incomplete assessment tooling or responder misinterpreting no result as no impact,impacted no-impact and verification-failure outcomes collapse into one ambiguous status,distinct states determine whether to contain close or repair the assessment rather than guess,controls/governance-operations/supply-chain-incident-readiness/secure/inventory/application-a.cdx.json; controls/governance-operations/supply-chain-incident-readiness/secure/inventory/application-b.cdx.json; controls/governance-operations/supply-chain-incident-readiness/secure/build-records.json; controls/governance-operations/supply-chain-incident-readiness/secure/runbook.json; controls/governance-operations/supply-chain-incident-readiness/secure/dependency-track-policy.json; controls/governance-operations/supply-chain-incident-readiness/secure/dependency-track-response.json,separate exit states for each assessment outcome,incident-response,incident-response,automated,make verify-control CONTROL=PSB-GOV-001,verification failures can never be interpreted as no impact,negative-test output,,,,,,,,UNMAPPED — framework review required,unmapped,SBOMの完全性と鮮度が不足するとfalse negativeが生じる。; Exact package version照合は侵害の事実を証明しない。; Reference runbookはdry-runのみで外部systemを変更しない。; Scanner inventoryまたはrecord読取失敗をcleanな結果として扱ってはいけない。; Dependency-Track adapterは4.14.3のnormalized fixture contractでありlive API access project ACL pagination and analyzer freshness require organization evidence.; Dependency-Track 5系はbreaking API distribution and notification changesを再レビューしてからadapter versionを更新する。; Deployment fixture proves artifact-to-deployment identity linkage but not that every process-loaded library or ephemeral workload was observed.; Live deployment completeness freshness cluster scope and collector health require organization evidence and unavailable collection must not become no impact.,,,,,,,
PSB-GOV-001,PSB-GOV-001-INC-005,governance-operations,supply-chain incidentのbuild artifactと稼働deployment影響を即時特定する,controls/governance-operations/supply-chain-incident-readiness/README.md,SBOMとビルド証跡から汚染パッケージの影響をリポジトリ、ビルド、成果物、デプロイ先へ逆引きし、承認付きドライラン対応計画を生成する。,Incomplete inventory and unsafe runbooks fail validation,detect; respond; verify; govern,SUPPLY-CHAIN-INCIDENT-UNKNOWN-BLAST-RADIUS: 汚染dependency発覚時に使用repository、build、artifact、credentialを特定できず、containmentと復旧が遅延する。; SUPPLY-CHAIN-RESPONSE-EVIDENCE-LOSS: 証跡保全前のcache削除やcredential失効、未承認の破壊的対応により調査可能性または可用性が損なわれる。; SUPPLY-CHAIN-RUNTIME-INVENTORY-GAP: SBOM対象artifactとactive deploymentのdigest関係が欠落し、稼働している影響serviceとenvironmentがincident scopeから漏れる。,incomplete asset inventory unsafe runbook or unreviewed response configuration,response proceeds while products are missing from scope or destructive steps lack safeguards,validation blocks plans that could miss affected assets or damage evidence and availability,controls/governance-operations/supply-chain-incident-readiness/secure/inventory/application-a.cdx.json; controls/governance-operations/supply-chain-incident-readiness/secure/inventory/application-b.cdx.json; controls/governance-operations/supply-chain-incident-readiness/secure/build-records.json; controls/governance-operations/supply-chain-incident-readiness/secure/runbook.json; controls/governance-operations/supply-chain-incident-readiness/secure/dependency-track-policy.json; controls/governance-operations/supply-chain-incident-readiness/secure/dependency-track-response.json,complete integrity-linked inventory and safe runbook,incident-response,incident-response; sbom-inventory,automated,make verify-control CONTROL=PSB-GOV-001,insecure fixtures are rejected,negative-test output,,,,,,,,"nist-ssdf 1.1 (SP 800-218, 2022) / RV.1.1 / supports / high; nist-ssdf 1.1 (SP 800-218, 2022) / RV.2.1 / supports / high",reviewed,SBOMの完全性と鮮度が不足するとfalse negativeが生じる。; Exact package version照合は侵害の事実を証明しない。; Reference runbookはdry-runのみで外部systemを変更しない。; Scanner inventoryまたはrecord読取失敗をcleanな結果として扱ってはいけない。; Dependency-Track adapterは4.14.3のnormalized fixture contractでありlive API access project ACL pagination and analyzer freshness require organization evidence.; Dependency-Track 5系はbreaking API distribution and notification changesを再レビューしてからadapter versionを更新する。; Deployment fixture proves artifact-to-deployment identity linkage but not that every process-loaded library or ephemeral workload was observed.; Live deployment completeness freshness cluster scope and collector health require organization evidence and unavailable collection must not become no impact.,,,,,,,
PSB-GOV-001,PSB-GOV-001-INC-006,governance-operations,supply-chain incidentのbuild artifactと稼働deployment影響を即時特定する,controls/governance-operations/supply-chain-incident-readiness/README.md,SBOMとビルド証跡から汚染パッケージの影響をリポジトリ、ビルド、成果物、デプロイ先へ逆引きし、承認付きドライラン対応計画を生成する。,Dependency-Track portfolio impact query is exact complete and evidence linked,detect; respond; verify; govern,SUPPLY-CHAIN-INCIDENT-UNKNOWN-BLAST-RADIUS: 汚染dependency発覚時に使用repository、build、artifact、credentialを特定できず、containmentと復旧が遅延する。; SUPPLY-CHAIN-RESPONSE-EVIDENCE-LOSS: 証跡保全前のcache削除やcredential失効、未承認の破壊的対応により調査可能性または可用性が損なわれる。; SUPPLY-CHAIN-RUNTIME-INVENTORY-GAP: SBOM対象artifactとactive deploymentのdigest関係が欠落し、稼働している影響serviceとenvironmentがincident scopeから漏れる。,compromised dependency publisher incomplete project ACL failed analyzer or responder relying on a first-page name-only search,an exact affected release is omitted or an unrelated project is included because the portfolio query is stale partial ambiguous or disconnected from build evidence,complete exact remote search broadens incident scope while bidirectional local evidence linkage prevents the analysis platform result from becoming an unaudited source of truth,controls/governance-operations/supply-chain-incident-readiness/secure/inventory/application-a.cdx.json; controls/governance-operations/supply-chain-incident-readiness/secure/inventory/application-b.cdx.json; controls/governance-operations/supply-chain-incident-readiness/secure/build-records.json; controls/governance-operations/supply-chain-incident-readiness/secure/runbook.json; controls/governance-operations/supply-chain-incident-readiness/secure/dependency-track-policy.json; controls/governance-operations/supply-chain-incident-readiness/secure/dependency-track-response.json,exact CVE and component identity across all pages with fresh healthy inventory linked by project UUID version SBOM serial and PURL,incident-response,dependency-track; sbom-inventory; incident-response,hybrid,make verify-control CONTROL=PSB-GOV-001 and run a read-only organization Dependency-Track adapter,exact linked results pass while incomplete pagination outage stale data query mismatch or orphaned project evidence fails closed,sanitized Dependency-Track impact response; project UUID version SBOM serial and build-record linkage,,,,,,,,"mitre-attack v19.1 / T1195.001 / detects / medium; nist-ssdf 1.1 (SP 800-218, 2022) / RV.1.1 / supports / high; nist-ssdf 1.1 (SP 800-218, 2022) / RV.2.1 / supports / high",reviewed,SBOMの完全性と鮮度が不足するとfalse negativeが生じる。; Exact package version照合は侵害の事実を証明しない。; Reference runbookはdry-runのみで外部systemを変更しない。; Scanner inventoryまたはrecord読取失敗をcleanな結果として扱ってはいけない。; Dependency-Track adapterは4.14.3のnormalized fixture contractでありlive API access project ACL pagination and analyzer freshness require organization evidence.; Dependency-Track 5系はbreaking API distribution and notification changesを再レビューしてからadapter versionを更新する。; Deployment fixture proves artifact-to-deployment identity linkage but not that every process-loaded library or ephemeral workload was observed.; Live deployment completeness freshness cluster scope and collector health require organization evidence and unavailable collection must not become no impact.,,,,,,,
PSB-GOV-001,PSB-GOV-001-INC-007,governance-operations,supply-chain incidentのbuild artifactと稼働deployment影響を即時特定する,controls/governance-operations/supply-chain-incident-readiness/README.md,SBOMとビルド証跡から汚染パッケージの影響をリポジトリ、ビルド、成果物、デプロイ先へ逆引きし、承認付きドライラン対応計画を生成する。,Active deployments are linked to exact SBOM artifacts,detect; respond; verify; govern,SUPPLY-CHAIN-INCIDENT-UNKNOWN-BLAST-RADIUS: 汚染dependency発覚時に使用repository、build、artifact、credentialを特定できず、containmentと復旧が遅延する。; SUPPLY-CHAIN-RESPONSE-EVIDENCE-LOSS: 証跡保全前のcache削除やcredential失効、未承認の破壊的対応により調査可能性または可用性が損なわれる。; SUPPLY-CHAIN-RUNTIME-INVENTORY-GAP: SBOM対象artifactとactive deploymentのdigest関係が欠落し、稼働している影響serviceとenvironmentがincident scopeから漏れる。,stale deployment collector mutable image tag or incomplete environment inventory,responders identify a vulnerable release artifact but cannot determine which active environments run those exact bytes,digest-bound deployment relationships convert release impact into an actionable runtime scope without treating an image name or latest tag as identity,controls/governance-operations/supply-chain-incident-readiness/secure/inventory/application-a.cdx.json; controls/governance-operations/supply-chain-incident-readiness/secure/inventory/application-b.cdx.json; controls/governance-operations/supply-chain-incident-readiness/secure/build-records.json; controls/governance-operations/supply-chain-incident-readiness/secure/runbook.json; controls/governance-operations/supply-chain-incident-readiness/secure/dependency-track-policy.json; controls/governance-operations/supply-chain-incident-readiness/secure/dependency-track-response.json,immutable deployment ID environment observation time and exact artifact digest match the build record,incident-response,deployment-inventory; sbom-inventory; incident-response,hybrid,make verify-control CONTROL=PSB-GOV-001 and inspect the organization deployment inventory collector,mismatched mutable duplicate inactive or malformed deployment observations are rejected,sanitized deployment impact result; deployment inventory collector evidence,,,,,,,,"nist-ssdf 1.1 (SP 800-218, 2022) / RV.1.1 / supports / high; nist-ssdf 1.1 (SP 800-218, 2022) / RV.2.1 / supports / high",reviewed,SBOMの完全性と鮮度が不足するとfalse negativeが生じる。; Exact package version照合は侵害の事実を証明しない。; Reference runbookはdry-runのみで外部systemを変更しない。; Scanner inventoryまたはrecord読取失敗をcleanな結果として扱ってはいけない。; Dependency-Track adapterは4.14.3のnormalized fixture contractでありlive API access project ACL pagination and analyzer freshness require organization evidence.; Dependency-Track 5系はbreaking API distribution and notification changesを再レビューしてからadapter versionを更新する。; Deployment fixture proves artifact-to-deployment identity linkage but not that every process-loaded library or ephemeral workload was observed.; Live deployment completeness freshness cluster scope and collector health require organization evidence and unavailable collection must not become no impact.,,,,,,,
PSB-GOV-002,PSB-GOV-002-GEX-001,governance-operations,Enforce exact independently approved time-bound security exceptions,controls/governance-operations/time-bound-security-exceptions/README.md,controlとcheck、対象、risk、owner、独立承認、代替策、期限を共通契約へ固定し、完全な例外台帳から有効・失効間近・期限切れ・不正をfail-closedで導出する。,Exception scope binds one cataloged control check target and environment,verify; respond; govern,SECURITY-EXCEPTION-SCOPE-EXPANSION: A wildcard or ambiguous exception disables security enforcement beyond the reviewed target and environment.; SECURITY-EXCEPTION-SELF-APPROVAL: A control owner accepts their own risk without an independent reviewer or accountable approval decision.; SECURITY-EXCEPTION-PERMANENCE: An exception remains effective after its reviewed context and remediation deadline have expired.; SECURITY-EXCEPTION-REGISTER-TAMPERING: An exception is deleted added or modified outside the complete integrity-bound register while enforcement continues.; SECURITY-EXCEPTION-EVIDENCE-LEAK: Approval evidence copies credentials source code production payloads or other sensitive content into a wider audit system.; SECURITY-EXCEPTION-FAIL-OPEN: Missing stale malformed or unavailable exception evidence is interpreted as an approved exception or clean result.,contributor operator or approver using a broad selector accidentally or to bypass unrelated security decisions,one approved case suppresses all scanner findings dependencies repositories builds or environments because its scope is ambiguous,an exception can be safely evaluated only when the authorized decision and the enforcement target use the same exact identifiers,controls/governance-operations/time-bound-security-exceptions/secure/policy.yaml; controls/governance-operations/time-bound-security-exceptions/secure/exceptions/active-dependency.yaml; controls/governance-operations/time-bound-security-exceptions/secure/exceptions/expiring-scanner.yaml; controls/governance-operations/time-bound-security-exceptions/secure/register.json; controls/governance-operations/time-bound-security-exceptions/scripts/verify.py,every exception names one existing control and check pair plus an exact allowed target type target identifier and environment without wildcard scope,security,security-exception; control-catalog; enforcement-target,automated,compare exception control_id and check_id with repository metadata and reject wildcard target or environment values,exact existing pairs pass while wildcard unknown and mismatched pairs fail,normalized exception state without target payload; catalog mismatch negative-test output,,,,,,,,openssf-osps-baseline 2026.02.19 / OSPS-QA-03.01 / supports / medium,reviewed,Repository fixtures do not prove that a production ticket system policy engine or deployment gate enforces the evaluated decision.; SHA-256 detects mismatch against the supplied register but does not prevent an actor with write access from changing both files and hashes so independent immutable approval evidence remains necessary.; Production evaluation requires a trusted UTC time source and must not let exception beneficiaries choose an earlier evaluation time.; The fixed schema prevents payload fields and detects representative credential patterns but cannot recognize every sensitive value hidden inside free text.; Existing control-local exception formats require staged adapters and drift monitoring until migration to the shared interface is complete.; A valid exception documents bounded accepted risk and never changes the underlying failed security condition into PASS.; Passing fixtures do not establish formal NIST SSDF or OpenSSF Baseline compliance.,,,,,,,
PSB-GOV-002,PSB-GOV-002-GEX-002,governance-operations,Enforce exact independently approved time-bound security exceptions,controls/governance-operations/time-bound-security-exceptions/README.md,controlとcheck、対象、risk、owner、独立承認、代替策、期限を共通契約へ固定し、完全な例外台帳から有効・失効間近・期限切れ・不正をfail-closedで導出する。,Owner risk reviewer and approver are independently accountable,verify; respond; govern,SECURITY-EXCEPTION-SCOPE-EXPANSION: A wildcard or ambiguous exception disables security enforcement beyond the reviewed target and environment.; SECURITY-EXCEPTION-SELF-APPROVAL: A control owner accepts their own risk without an independent reviewer or accountable approval decision.; SECURITY-EXCEPTION-PERMANENCE: An exception remains effective after its reviewed context and remediation deadline have expired.; SECURITY-EXCEPTION-REGISTER-TAMPERING: An exception is deleted added or modified outside the complete integrity-bound register while enforcement continues.; SECURITY-EXCEPTION-EVIDENCE-LEAK: Approval evidence copies credentials source code production payloads or other sensitive content into a wider audit system.; SECURITY-EXCEPTION-FAIL-OPEN: Missing stale malformed or unavailable exception evidence is interpreted as an approved exception or clean result.,control owner under delivery pressure compromised identity or insider seeking an unreviewed bypass,the person benefiting from disabled enforcement also evaluates and approves the accepted risk,separation of duties adds an independent challenge and records who remains accountable for risk and approval,controls/governance-operations/time-bound-security-exceptions/secure/policy.yaml; controls/governance-operations/time-bound-security-exceptions/secure/exceptions/active-dependency.yaml; controls/governance-operations/time-bound-security-exceptions/secure/exceptions/expiring-scanner.yaml; controls/governance-operations/time-bound-security-exceptions/secure/register.json; controls/governance-operations/time-bound-security-exceptions/scripts/verify.py,owner risk reviewer and approver are stable non-wildcard team identities and no one identity fills multiple decision roles,security,risk-acceptance; approval-workflow,automated,validate stable identity syntax and require three distinct owner reviewer and approver values,self-approved and role-collapsed records are invalid,sanitized decision-role identifiers; self-approval negative-test output,,,,,,,,"nist-ssdf 1.1 (SP 800-218, 2022) / RV.2.1 / supports / medium",reviewed,Repository fixtures do not prove that a production ticket system policy engine or deployment gate enforces the evaluated decision.; SHA-256 detects mismatch against the supplied register but does not prevent an actor with write access from changing both files and hashes so independent immutable approval evidence remains necessary.; Production evaluation requires a trusted UTC time source and must not let exception beneficiaries choose an earlier evaluation time.; The fixed schema prevents payload fields and detects representative credential patterns but cannot recognize every sensitive value hidden inside free text.; Existing control-local exception formats require staged adapters and drift monitoring until migration to the shared interface is complete.; A valid exception documents bounded accepted risk and never changes the underlying failed security condition into PASS.; Passing fixtures do not establish formal NIST SSDF or OpenSSF Baseline compliance.,,,,,,,
PSB-GOV-002,PSB-GOV-002-GEX-003,governance-operations,Enforce exact independently approved time-bound security exceptions,controls/governance-operations/time-bound-security-exceptions/README.md,controlとcheck、対象、risk、owner、独立承認、代替策、期限を共通契約へ固定し、完全な例外台帳から有効・失効間近・期限切れ・不正をfail-closedで導出する。,Risk rationale compensation approval and remediation are actionable,verify; respond; govern,SECURITY-EXCEPTION-SCOPE-EXPANSION: A wildcard or ambiguous exception disables security enforcement beyond the reviewed target and environment.; SECURITY-EXCEPTION-SELF-APPROVAL: A control owner accepts their own risk without an independent reviewer or accountable approval decision.; SECURITY-EXCEPTION-PERMANENCE: An exception remains effective after its reviewed context and remediation deadline have expired.; SECURITY-EXCEPTION-REGISTER-TAMPERING: An exception is deleted added or modified outside the complete integrity-bound register while enforcement continues.; SECURITY-EXCEPTION-EVIDENCE-LEAK: Approval evidence copies credentials source code production payloads or other sensitive content into a wider audit system.; SECURITY-EXCEPTION-FAIL-OPEN: Missing stale malformed or unavailable exception evidence is interpreted as an approved exception or clean result.,rushed decision maker or attacker hiding a bypass behind an empty generic or unactionable exception record,reviewers cannot determine what risk was accepted how exposure is reduced or which tracked work will remove the exception,exception expiry alone does not create a risk response unless interim protection and accountable remediation are reviewable,controls/governance-operations/time-bound-security-exceptions/secure/policy.yaml; controls/governance-operations/time-bound-security-exceptions/secure/exceptions/active-dependency.yaml; controls/governance-operations/time-bound-security-exceptions/secure/exceptions/expiring-scanner.yaml; controls/governance-operations/time-bound-security-exceptions/secure/register.json; controls/governance-operations/time-bound-security-exceptions/scripts/verify.py,meaningful justification and risk statements name non-empty compensating controls and distinct exact approval and remediation tickets,security,risk-analysis; compensating-control; remediation-plan,automated,validate minimum rationale lengths non-empty unique compensating controls and exact distinct ticket identifiers,generic risk text missing compensation and absent or reused tickets are invalid,sanitized rationale metadata; policy validation output,,,,,,,,"nist-ssdf 1.1 (SP 800-218, 2022) / RV.2.1 / supports / medium",reviewed,Repository fixtures do not prove that a production ticket system policy engine or deployment gate enforces the evaluated decision.; SHA-256 detects mismatch against the supplied register but does not prevent an actor with write access from changing both files and hashes so independent immutable approval evidence remains necessary.; Production evaluation requires a trusted UTC time source and must not let exception beneficiaries choose an earlier evaluation time.; The fixed schema prevents payload fields and detects representative credential patterns but cannot recognize every sensitive value hidden inside free text.; Existing control-local exception formats require staged adapters and drift monitoring until migration to the shared interface is complete.; A valid exception documents bounded accepted risk and never changes the underlying failed security condition into PASS.; Passing fixtures do not establish formal NIST SSDF or OpenSSF Baseline compliance.,,,,,,,
PSB-GOV-002,PSB-GOV-002-GEX-004,governance-operations,Enforce exact independently approved time-bound security exceptions,controls/governance-operations/time-bound-security-exceptions/README.md,controlとcheck、対象、risk、owner、独立承認、代替策、期限を共通契約へ固定し、完全な例外台帳から有効・失効間近・期限切れ・不正をfail-closedで導出する。,Exception lifetime is bounded and expiry is automatic,verify; respond; govern,SECURITY-EXCEPTION-SCOPE-EXPANSION: A wildcard or ambiguous exception disables security enforcement beyond the reviewed target and environment.; SECURITY-EXCEPTION-SELF-APPROVAL: A control owner accepts their own risk without an independent reviewer or accountable approval decision.; SECURITY-EXCEPTION-PERMANENCE: An exception remains effective after its reviewed context and remediation deadline have expired.; SECURITY-EXCEPTION-REGISTER-TAMPERING: An exception is deleted added or modified outside the complete integrity-bound register while enforcement continues.; SECURITY-EXCEPTION-EVIDENCE-LEAK: Approval evidence copies credentials source code production payloads or other sensitive content into a wider audit system.; SECURITY-EXCEPTION-FAIL-OPEN: Missing stale malformed or unavailable exception evidence is interpreted as an approved exception or clean result.,owner delaying remediation clock rollback attempt or process that relies on manual exception cleanup,a temporary bypass silently becomes permanent after its approved time window,the enforcement decision must stop accepting expired risk even when no operator edits the exception file,controls/governance-operations/time-bound-security-exceptions/secure/policy.yaml; controls/governance-operations/time-bound-security-exceptions/secure/exceptions/active-dependency.yaml; controls/governance-operations/time-bound-security-exceptions/secure/exceptions/expiring-scanner.yaml; controls/governance-operations/time-bound-security-exceptions/secure/register.json; controls/governance-operations/time-bound-security-exceptions/scripts/verify.py,creation precedes expiry lifetime stays within policy and evaluation time independently derives active expiring or expired state,security,exception-lifecycle; security-gate,automated,evaluate active expiring overlong future and expired fixtures against a fixed trusted UTC time,expired and overlong records fail without manual removal while expiring records remain separately visible,active expiring expired and invalid view output; fixed-time expiry negative test,,,,,,,,"nist-ssdf 1.1 (SP 800-218, 2022) / RV.2.1 / supports / medium; openssf-osps-baseline 2026.02.19 / OSPS-QA-03.01 / supports / medium",reviewed,Repository fixtures do not prove that a production ticket system policy engine or deployment gate enforces the evaluated decision.; SHA-256 detects mismatch against the supplied register but does not prevent an actor with write access from changing both files and hashes so independent immutable approval evidence remains necessary.; Production evaluation requires a trusted UTC time source and must not let exception beneficiaries choose an earlier evaluation time.; The fixed schema prevents payload fields and detects representative credential patterns but cannot recognize every sensitive value hidden inside free text.; Existing control-local exception formats require staged adapters and drift monitoring until migration to the shared interface is complete.; A valid exception documents bounded accepted risk and never changes the underlying failed security condition into PASS.; Passing fixtures do not establish formal NIST SSDF or OpenSSF Baseline compliance.,,,,,,,
PSB-GOV-002,PSB-GOV-002-GEX-005,governance-operations,Enforce exact independently approved time-bound security exceptions,controls/governance-operations/time-bound-security-exceptions/README.md,controlとcheck、対象、risk、owner、独立承認、代替策、期限を共通契約へ固定し、完全な例外台帳から有効・失効間近・期限切れ・不正をfail-closedで導出する。,The exception register is complete fresh and integrity-bound,verify; respond; govern,SECURITY-EXCEPTION-SCOPE-EXPANSION: A wildcard or ambiguous exception disables security enforcement beyond the reviewed target and environment.; SECURITY-EXCEPTION-SELF-APPROVAL: A control owner accepts their own risk without an independent reviewer or accountable approval decision.; SECURITY-EXCEPTION-PERMANENCE: An exception remains effective after its reviewed context and remediation deadline have expired.; SECURITY-EXCEPTION-REGISTER-TAMPERING: An exception is deleted added or modified outside the complete integrity-bound register while enforcement continues.; SECURITY-EXCEPTION-EVIDENCE-LEAK: Approval evidence copies credentials source code production payloads or other sensitive content into a wider audit system.; SECURITY-EXCEPTION-FAIL-OPEN: Missing stale malformed or unavailable exception evidence is interpreted as an approved exception or clean result.,attacker deleting an exception to hide debt adding an unapproved record altering an approved scope or evidence collector outage,enforcement evaluates a partial stale or changed set of exceptions and presents it as the authoritative register,per-record validation cannot detect omitted or substituted decisions without an independently enumerated complete snapshot,controls/governance-operations/time-bound-security-exceptions/secure/policy.yaml; controls/governance-operations/time-bound-security-exceptions/secure/exceptions/active-dependency.yaml; controls/governance-operations/time-bound-security-exceptions/secure/exceptions/expiring-scanner.yaml; controls/governance-operations/time-bound-security-exceptions/secure/register.json; controls/governance-operations/time-bound-security-exceptions/scripts/verify.py,successful complete fresh register evidence enumerates every exception YAML file and binds its exact SHA-256,security,exception-register; exception-evidence,automated,compare directory membership digest source status completeness and observation freshness with the register manifest,missing extra tampered stale incomplete and unavailable evidence returns ERROR,sanitized complete register manifest; digest and completeness negative-test output,,,,,,,,UNMAPPED — framework review required,unmapped,Repository fixtures do not prove that a production ticket system policy engine or deployment gate enforces the evaluated decision.; SHA-256 detects mismatch against the supplied register but does not prevent an actor with write access from changing both files and hashes so independent immutable approval evidence remains necessary.; Production evaluation requires a trusted UTC time source and must not let exception beneficiaries choose an earlier evaluation time.; The fixed schema prevents payload fields and detects representative credential patterns but cannot recognize every sensitive value hidden inside free text.; Existing control-local exception formats require staged adapters and drift monitoring until migration to the shared interface is complete.; A valid exception documents bounded accepted risk and never changes the underlying failed security condition into PASS.; Passing fixtures do not establish formal NIST SSDF or OpenSSF Baseline compliance.,,,,,,,
PSB-GOV-002,PSB-GOV-002-GEX-006,governance-operations,Enforce exact independently approved time-bound security exceptions,controls/governance-operations/time-bound-security-exceptions/README.md,controlとcheck、対象、risk、owner、独立承認、代替策、期限を共通契約へ固定し、完全な例外台帳から有効・失効間近・期限切れ・不正をfail-closedで導出する。,Exception evidence excludes credentials and production payloads,verify; respond; govern,SECURITY-EXCEPTION-SCOPE-EXPANSION: A wildcard or ambiguous exception disables security enforcement beyond the reviewed target and environment.; SECURITY-EXCEPTION-SELF-APPROVAL: A control owner accepts their own risk without an independent reviewer or accountable approval decision.; SECURITY-EXCEPTION-PERMANENCE: An exception remains effective after its reviewed context and remediation deadline have expired.; SECURITY-EXCEPTION-REGISTER-TAMPERING: An exception is deleted added or modified outside the complete integrity-bound register while enforcement continues.; SECURITY-EXCEPTION-EVIDENCE-LEAK: Approval evidence copies credentials source code production payloads or other sensitive content into a wider audit system.; SECURITY-EXCEPTION-FAIL-OPEN: Missing stale malformed or unavailable exception evidence is interpreted as an approved exception or clean result.,user with access to approval tickets audit logs or generated checklist evidence but not to the original protected value,an exception copies sensitive material into a longer-lived and more broadly readable governance system,risk documentation should identify protected objects by safe reference rather than create another disclosure and retention path,controls/governance-operations/time-bound-security-exceptions/secure/policy.yaml; controls/governance-operations/time-bound-security-exceptions/secure/exceptions/active-dependency.yaml; controls/governance-operations/time-bound-security-exceptions/secure/exceptions/expiring-scanner.yaml; controls/governance-operations/time-bound-security-exceptions/secure/register.json; controls/governance-operations/time-bound-security-exceptions/scripts/verify.py,the fixed schema stores identifiers and rationale only and rejects credential secret payload body source-code and private-key fields or credential-like values,security,exception-evidence; approval-system; audit-log,automated,recursively reject forbidden fields and representative credential patterns before rendering any record value,secret-bearing fixture returns ERROR and the synthetic value is absent from output,secret-bearing negative-test output; fixed exception field inventory,,,,,,,,UNMAPPED — framework review required,unmapped,Repository fixtures do not prove that a production ticket system policy engine or deployment gate enforces the evaluated decision.; SHA-256 detects mismatch against the supplied register but does not prevent an actor with write access from changing both files and hashes so independent immutable approval evidence remains necessary.; Production evaluation requires a trusted UTC time source and must not let exception beneficiaries choose an earlier evaluation time.; The fixed schema prevents payload fields and detects representative credential patterns but cannot recognize every sensitive value hidden inside free text.; Existing control-local exception formats require staged adapters and drift monitoring until migration to the shared interface is complete.; A valid exception documents bounded accepted risk and never changes the underlying failed security condition into PASS.; Passing fixtures do not establish formal NIST SSDF or OpenSSF Baseline compliance.,,,,,,,
PSB-GOV-002,PSB-GOV-002-GEX-007,governance-operations,Enforce exact independently approved time-bound security exceptions,controls/governance-operations/time-bound-security-exceptions/README.md,controlとcheck、対象、risk、owner、独立承認、代替策、期限を共通契約へ固定し、完全な例外台帳から有効・失効間近・期限切れ・不正をfail-closedで導出する。,Controls consume one versioned exception interface,verify; respond; govern,SECURITY-EXCEPTION-SCOPE-EXPANSION: A wildcard or ambiguous exception disables security enforcement beyond the reviewed target and environment.; SECURITY-EXCEPTION-SELF-APPROVAL: A control owner accepts their own risk without an independent reviewer or accountable approval decision.; SECURITY-EXCEPTION-PERMANENCE: An exception remains effective after its reviewed context and remediation deadline have expired.; SECURITY-EXCEPTION-REGISTER-TAMPERING: An exception is deleted added or modified outside the complete integrity-bound register while enforcement continues.; SECURITY-EXCEPTION-EVIDENCE-LEAK: Approval evidence copies credentials source code production payloads or other sensitive content into a wider audit system.; SECURITY-EXCEPTION-FAIL-OPEN: Missing stale malformed or unavailable exception evidence is interpreted as an approved exception or clean result.,implementation drift or inconsistent local exception parsers that accept different scope approval and expiry semantics,one control rejects an unsafe exception while another accepts the same record through a weaker duplicate model,one versioned lifecycle contract permits consistent governance without moving control-specific security decisions into a generic policy engine,controls/governance-operations/time-bound-security-exceptions/secure/policy.yaml; controls/governance-operations/time-bound-security-exceptions/secure/exceptions/active-dependency.yaml; controls/governance-operations/time-bound-security-exceptions/secure/exceptions/expiring-scanner.yaml; controls/governance-operations/time-bound-security-exceptions/secure/register.json; controls/governance-operations/time-bound-security-exceptions/scripts/verify.py,every consumer references psb-security-exception version 1.0 and retains only its control-specific risk and enforcement semantics,shared,control-integration; exception-adapter,automated,validate interface_version against the shared policy and exercise dependency and scanner control-check examples,both domains use the same record fields and version while mismatched versions are invalid,versioned policy and example records; cross-domain catalog validation output,,,,,,,,UNMAPPED — framework review required,unmapped,Repository fixtures do not prove that a production ticket system policy engine or deployment gate enforces the evaluated decision.; SHA-256 detects mismatch against the supplied register but does not prevent an actor with write access from changing both files and hashes so independent immutable approval evidence remains necessary.; Production evaluation requires a trusted UTC time source and must not let exception beneficiaries choose an earlier evaluation time.; The fixed schema prevents payload fields and detects representative credential patterns but cannot recognize every sensitive value hidden inside free text.; Existing control-local exception formats require staged adapters and drift monitoring until migration to the shared interface is complete.; A valid exception documents bounded accepted risk and never changes the underlying failed security condition into PASS.; Passing fixtures do not establish formal NIST SSDF or OpenSSF Baseline compliance.,,,,,,,
PSB-GOV-002,PSB-GOV-002-GEX-008,governance-operations,Enforce exact independently approved time-bound security exceptions,controls/governance-operations/time-bound-security-exceptions/README.md,controlとcheck、対象、risk、owner、独立承認、代替策、期限を共通契約へ固定し、完全な例外台帳から有効・失効間近・期限切れ・不正をfail-closedで導出する。,Invalid exceptions and evidence errors never become clean results,verify; respond; govern,SECURITY-EXCEPTION-SCOPE-EXPANSION: A wildcard or ambiguous exception disables security enforcement beyond the reviewed target and environment.; SECURITY-EXCEPTION-SELF-APPROVAL: A control owner accepts their own risk without an independent reviewer or accountable approval decision.; SECURITY-EXCEPTION-PERMANENCE: An exception remains effective after its reviewed context and remediation deadline have expired.; SECURITY-EXCEPTION-REGISTER-TAMPERING: An exception is deleted added or modified outside the complete integrity-bound register while enforcement continues.; SECURITY-EXCEPTION-EVIDENCE-LEAK: Approval evidence copies credentials source code production payloads or other sensitive content into a wider audit system.; SECURITY-EXCEPTION-FAIL-OPEN: Missing stale malformed or unavailable exception evidence is interpreted as an approved exception or clean result.,collector outage parser regression tampered input or integration code collapsing every non-finding result into success,an exception cannot be verified but the protected security check is still bypassed,scanner and policy failures must preserve the original blocking decision rather than silently authorize risk,controls/governance-operations/time-bound-security-exceptions/secure/policy.yaml; controls/governance-operations/time-bound-security-exceptions/secure/exceptions/active-dependency.yaml; controls/governance-operations/time-bound-security-exceptions/secure/exceptions/expiring-scanner.yaml; controls/governance-operations/time-bound-security-exceptions/secure/register.json; controls/governance-operations/time-bound-security-exceptions/scripts/verify.py,active and expiring records are usable expired and invalid records fail and unavailable malformed incomplete or unsafe evidence returns a separate error exit state,ci-platform,security-gate; exception-evaluator; generated-exception-view,automated,assert exit 0 for usable records exit 1 for expired or invalid records and exit 2 for evidence failures,all state and error fixtures reach exactly the documented output and exit code,expected-results/secure.txt; expected-results/insecure.txt; expected-results/unavailable.txt,,,,,,,,openssf-osps-baseline 2026.02.19 / OSPS-QA-03.01 / supports / medium,reviewed,Repository fixtures do not prove that a production ticket system policy engine or deployment gate enforces the evaluated decision.; SHA-256 detects mismatch against the supplied register but does not prevent an actor with write access from changing both files and hashes so independent immutable approval evidence remains necessary.; Production evaluation requires a trusted UTC time source and must not let exception beneficiaries choose an earlier evaluation time.; The fixed schema prevents payload fields and detects representative credential patterns but cannot recognize every sensitive value hidden inside free text.; Existing control-local exception formats require staged adapters and drift monitoring until migration to the shared interface is complete.; A valid exception documents bounded accepted risk and never changes the underlying failed security condition into PASS.; Passing fixtures do not establish formal NIST SSDF or OpenSSF Baseline compliance.,,,,,,,
PSB-GOV-003,PSB-GOV-003-VPR-001,governance-operations,Prioritize exploited product vulnerabilities with accountable PSIRT cases,controls/governance-operations/exploited-vulnerability-prioritization/README.md,scanner findingをexactな製品・artifact・稼働deployment、検証済みCVSS v4、完全でfreshなCISA KEV証跡、組織policy、PSIRT ownerへ結び、対応優先度と期限をfail-closedで導出する。,Vulnerability intake binds exact finding and case identity,detect; verify; respond; govern,VULNERABILITY-CASE-IDENTITY-MISMATCH: A scanner CVE is assigned to the wrong product component artifact or deployment.; VULNERABILITY-SEVERITY-MISREPRESENTATION: A malformed duplicate reordered or inconsistent CVSS v4 vector drives an unsupported priority decision.; KEV-EVIDENCE-FAIL-OPEN: A stale partial schema-changed unavailable or tampered KEV feed appears as an empty catalog.; KEV-ABSENCE-MISINTERPRETATION: A CVE absent from KEV is called unexploited or automatically low risk.; VULNERABILITY-PRIORITY-DOWNGRADE: A KEV-listed applicable active product case is manually lowered by CVSS score or requested priority.; PSIRT-CASE-OWNERSHIP-GAP: A vulnerability lacks accountable triage remediation communication and disclosure state.; VULNERABILITY-RISK-ACCEPTANCE-BYPASS: Risk acceptance uses an ungoverned ignore instead of the exact expiring exception contract.; VULNERABILITY-EVIDENCE-DISCLOSURE: Governance evidence copies exploit content credentials customer data internal endpoints or reporter identity.,scanner integration error stale finding malicious submitter or analyst copying an identifier between cases,a real finding is triaged against the wrong CVE component or release artifact,priority and communication are unsafe unless the detected condition and governed case describe the same immutable subject,controls/governance-operations/exploited-vulnerability-prioritization/secure/policy.json; controls/governance-operations/exploited-vulnerability-prioritization/secure/kev-feed.json; controls/governance-operations/exploited-vulnerability-prioritization/secure/kev-schema.json; controls/governance-operations/exploited-vulnerability-prioritization/secure/kev-receipt.json; controls/governance-operations/exploited-vulnerability-prioritization/secure/case-listed.json; controls/governance-operations/exploited-vulnerability-prioritization/secure/case-not-listed.json; controls/governance-operations/exploited-vulnerability-prioritization/secure/case-not-applicable.json; controls/governance-operations/exploited-vulnerability-prioritization/secure/case-risk-accepted.json; controls/governance-operations/exploited-vulnerability-prioritization/secure/risk-exception/exceptions/case-0003.yaml; controls/governance-operations/exploited-vulnerability-prioritization/scripts/verify.py; controls/governance-operations/exploited-vulnerability-prioritization/tests/fixtures/cvss4-calculator.py,exact CVE component PURL immutable artifact and fresh completed PSB-DETECT-001 finding identify one case,security,vulnerability-finding; product-vulnerability-case,automated,compare case CVE PURL and artifact with fresh completed normalized PSB-DETECT-001 evidence,exact identities pass and mismatched stale unavailable or non-finding evidence errors,sanitized finding identity receipt; identity mismatch negative-test output,,,,,,,,"nist-ssdf 1.1 (SP 800-218, 2022) / RV.1.1 / supports / high",reviewed,Synthetic fixtures do not prove complete production inventory scanner or PSIRT execution.; The offline CVSS adapter contains three reference vectors checked against the pinned FIRST calculator and is not a general production calculator.; Production must package and integrity-verify a full CVSS v4 calculator and run the official conformance corpus before accepting arbitrary vectors.; The synthetic KEV schema digest demonstrates identity binding but must be replaced by the verified current official schema digest in a live collector policy.; KEV absence does not prove a vulnerability is unexploited low risk or inapplicable.; CVSS is technical severity rather than business risk exploit prediction or a remediation SLA.; CISA due dates are retained as source evidence and do not become organization deadlines without explicit policy.; A passing case does not establish FIRST PSIRT maturity service capacity disclosure quality or response timeliness.; Case output is sanitized metadata and intentionally excludes exploit details reporter identity customer data and internal endpoints.,,,,,,,
PSB-GOV-003,PSB-GOV-003-VPR-002,governance-operations,Prioritize exploited product vulnerabilities with accountable PSIRT cases,controls/governance-operations/exploited-vulnerability-prioritization/README.md,scanner findingをexactな製品・artifact・稼働deployment、検証済みCVSS v4、完全でfreshなCISA KEV証跡、組織policy、PSIRT ownerへ結び、対応優先度と期限をfail-closedで導出する。,Product applicability and active deployment use PSB-GOV-001 evidence,detect; verify; respond; govern,VULNERABILITY-CASE-IDENTITY-MISMATCH: A scanner CVE is assigned to the wrong product component artifact or deployment.; VULNERABILITY-SEVERITY-MISREPRESENTATION: A malformed duplicate reordered or inconsistent CVSS v4 vector drives an unsupported priority decision.; KEV-EVIDENCE-FAIL-OPEN: A stale partial schema-changed unavailable or tampered KEV feed appears as an empty catalog.; KEV-ABSENCE-MISINTERPRETATION: A CVE absent from KEV is called unexploited or automatically low risk.; VULNERABILITY-PRIORITY-DOWNGRADE: A KEV-listed applicable active product case is manually lowered by CVSS score or requested priority.; PSIRT-CASE-OWNERSHIP-GAP: A vulnerability lacks accountable triage remediation communication and disclosure state.; VULNERABILITY-RISK-ACCEPTANCE-BYPASS: Risk acceptance uses an ungoverned ignore instead of the exact expiring exception contract.; VULNERABILITY-EVIDENCE-DISCLOSURE: Governance evidence copies exploit content credentials customer data internal endpoints or reporter identity.,incomplete SBOM inventory package-name ambiguity mutable image tag or failed impact collector,a package finding is called applicable or inapplicable without joining the exact artifact and deployment inventory,technical vulnerability identity alone cannot prove which product bytes and environments are affected,controls/governance-operations/exploited-vulnerability-prioritization/secure/policy.json; controls/governance-operations/exploited-vulnerability-prioritization/secure/kev-feed.json; controls/governance-operations/exploited-vulnerability-prioritization/secure/kev-schema.json; controls/governance-operations/exploited-vulnerability-prioritization/secure/kev-receipt.json; controls/governance-operations/exploited-vulnerability-prioritization/secure/case-listed.json; controls/governance-operations/exploited-vulnerability-prioritization/secure/case-not-listed.json; controls/governance-operations/exploited-vulnerability-prioritization/secure/case-not-applicable.json; controls/governance-operations/exploited-vulnerability-prioritization/secure/case-risk-accepted.json; controls/governance-operations/exploited-vulnerability-prioritization/secure/risk-exception/exceptions/case-0003.yaml; controls/governance-operations/exploited-vulnerability-prioritization/scripts/verify.py; controls/governance-operations/exploited-vulnerability-prioritization/tests/fixtures/cvss4-calculator.py,a complete fresh exact query links product version repository SBOM artifact and deployments or explicitly proves no match,incident-response,product-inventory; artifact; active-deployment,hybrid,validate normalized PSB-GOV-001 query completeness and exact product artifact SBOM and deployment relationships,exact affected and no-match states pass while partial identity mismatches and unavailable evidence error,sanitized product impact receipt; exact deployment relationship,,,,,,,,"nist-ssdf 1.1 (SP 800-218, 2022) / RV.1.1 / supports / high; nist-ssdf 1.1 (SP 800-218, 2022) / RV.2.1 / supports / high",reviewed,Synthetic fixtures do not prove complete production inventory scanner or PSIRT execution.; The offline CVSS adapter contains three reference vectors checked against the pinned FIRST calculator and is not a general production calculator.; Production must package and integrity-verify a full CVSS v4 calculator and run the official conformance corpus before accepting arbitrary vectors.; The synthetic KEV schema digest demonstrates identity binding but must be replaced by the verified current official schema digest in a live collector policy.; KEV absence does not prove a vulnerability is unexploited low risk or inapplicable.; CVSS is technical severity rather than business risk exploit prediction or a remediation SLA.; CISA due dates are retained as source evidence and do not become organization deadlines without explicit policy.; A passing case does not establish FIRST PSIRT maturity service capacity disclosure quality or response timeliness.; Case output is sanitized metadata and intentionally excludes exploit details reporter identity customer data and internal endpoints.,,,,,,,
PSB-GOV-003,PSB-GOV-003-VPR-003,governance-operations,Prioritize exploited product vulnerabilities with accountable PSIRT cases,controls/governance-operations/exploited-vulnerability-prioritization/README.md,scanner findingをexactな製品・artifact・稼働deployment、検証済みCVSS v4、完全でfreshなCISA KEV証跡、組織policy、PSIRT ownerへ結び、対応優先度と期限をfail-closedで導出する。,CVSS v4 vector syntax provenance and score are verified,detect; verify; respond; govern,VULNERABILITY-CASE-IDENTITY-MISMATCH: A scanner CVE is assigned to the wrong product component artifact or deployment.; VULNERABILITY-SEVERITY-MISREPRESENTATION: A malformed duplicate reordered or inconsistent CVSS v4 vector drives an unsupported priority decision.; KEV-EVIDENCE-FAIL-OPEN: A stale partial schema-changed unavailable or tampered KEV feed appears as an empty catalog.; KEV-ABSENCE-MISINTERPRETATION: A CVE absent from KEV is called unexploited or automatically low risk.; VULNERABILITY-PRIORITY-DOWNGRADE: A KEV-listed applicable active product case is manually lowered by CVSS score or requested priority.; PSIRT-CASE-OWNERSHIP-GAP: A vulnerability lacks accountable triage remediation communication and disclosure state.; VULNERABILITY-RISK-ACCEPTANCE-BYPASS: Risk acceptance uses an ungoverned ignore instead of the exact expiring exception contract.; VULNERABILITY-EVIDENCE-DISCLOSURE: Governance evidence copies exploit content credentials customer data internal endpoints or reporter identity.,analyst transcription error malformed vendor advisory substituted calculator or hand-entered score without vector provenance,an incorrect technical severity silently changes remediation priority and communication,CVSS is useful only when metric choices remain inspectable and the numeric score is reproducible from the same vector,controls/governance-operations/exploited-vulnerability-prioritization/secure/policy.json; controls/governance-operations/exploited-vulnerability-prioritization/secure/kev-feed.json; controls/governance-operations/exploited-vulnerability-prioritization/secure/kev-schema.json; controls/governance-operations/exploited-vulnerability-prioritization/secure/kev-receipt.json; controls/governance-operations/exploited-vulnerability-prioritization/secure/case-listed.json; controls/governance-operations/exploited-vulnerability-prioritization/secure/case-not-listed.json; controls/governance-operations/exploited-vulnerability-prioritization/secure/case-not-applicable.json; controls/governance-operations/exploited-vulnerability-prioritization/secure/case-risk-accepted.json; controls/governance-operations/exploited-vulnerability-prioritization/secure/risk-exception/exceptions/case-0003.yaml; controls/governance-operations/exploited-vulnerability-prioritization/scripts/verify.py; controls/governance-operations/exploited-vulnerability-prioritization/tests/fixtures/cvss4-calculator.py,canonical ordered non-duplicate CVSS 4.0 metrics include all Base values and the stored score matches an integrity-pinned self-tested calculator adapter,security,cvss-assessment; vulnerability-case,automated,validate CVSS 4.0 metric order values duplicates group provenance adapter digest upstream commit self-test and score equality,canonical known vectors pass and invalid reordered duplicate inconsistent or unsupported vectors return ERROR,sanitized vector and score result; pinned calculator identity and conformance receipt,,,,,,,,"nist-ssdf 1.1 (SP 800-218, 2022) / RV.1.1 / supports / high",reviewed,Synthetic fixtures do not prove complete production inventory scanner or PSIRT execution.; The offline CVSS adapter contains three reference vectors checked against the pinned FIRST calculator and is not a general production calculator.; Production must package and integrity-verify a full CVSS v4 calculator and run the official conformance corpus before accepting arbitrary vectors.; The synthetic KEV schema digest demonstrates identity binding but must be replaced by the verified current official schema digest in a live collector policy.; KEV absence does not prove a vulnerability is unexploited low risk or inapplicable.; CVSS is technical severity rather than business risk exploit prediction or a remediation SLA.; CISA due dates are retained as source evidence and do not become organization deadlines without explicit policy.; A passing case does not establish FIRST PSIRT maturity service capacity disclosure quality or response timeliness.; Case output is sanitized metadata and intentionally excludes exploit details reporter identity customer data and internal endpoints.,,,,,,,
PSB-GOV-003,PSB-GOV-003-VPR-004,governance-operations,Prioritize exploited product vulnerabilities with accountable PSIRT cases,controls/governance-operations/exploited-vulnerability-prioritization/README.md,scanner findingをexactな製品・artifact・稼働deployment、検証済みCVSS v4、完全でfreshなCISA KEV証跡、組織policy、PSIRT ownerへ結び、対応優先度と期限をfail-closedで導出する。,CISA KEV evidence is fresh complete schema-bound and digest-bound,detect; verify; respond; govern,VULNERABILITY-CASE-IDENTITY-MISMATCH: A scanner CVE is assigned to the wrong product component artifact or deployment.; VULNERABILITY-SEVERITY-MISREPRESENTATION: A malformed duplicate reordered or inconsistent CVSS v4 vector drives an unsupported priority decision.; KEV-EVIDENCE-FAIL-OPEN: A stale partial schema-changed unavailable or tampered KEV feed appears as an empty catalog.; KEV-ABSENCE-MISINTERPRETATION: A CVE absent from KEV is called unexploited or automatically low risk.; VULNERABILITY-PRIORITY-DOWNGRADE: A KEV-listed applicable active product case is manually lowered by CVSS score or requested priority.; PSIRT-CASE-OWNERSHIP-GAP: A vulnerability lacks accountable triage remediation communication and disclosure state.; VULNERABILITY-RISK-ACCEPTANCE-BYPASS: Risk acceptance uses an ungoverned ignore instead of the exact expiring exception contract.; VULNERABILITY-EVIDENCE-DISCLOSURE: Governance evidence copies exploit content credentials customer data internal endpoints or reporter identity.,external feed outage truncated download cache poisoning schema change or parser treating unavailable input as zero entries,an exploited vulnerability is missed because a failed or partial KEV snapshot appears to be a clean catalog,absence is meaningful only after the entire expected feed and its parsing contract have been verified,controls/governance-operations/exploited-vulnerability-prioritization/secure/policy.json; controls/governance-operations/exploited-vulnerability-prioritization/secure/kev-feed.json; controls/governance-operations/exploited-vulnerability-prioritization/secure/kev-schema.json; controls/governance-operations/exploited-vulnerability-prioritization/secure/kev-receipt.json; controls/governance-operations/exploited-vulnerability-prioritization/secure/case-listed.json; controls/governance-operations/exploited-vulnerability-prioritization/secure/case-not-listed.json; controls/governance-operations/exploited-vulnerability-prioritization/secure/case-not-applicable.json; controls/governance-operations/exploited-vulnerability-prioritization/secure/case-risk-accepted.json; controls/governance-operations/exploited-vulnerability-prioritization/secure/risk-exception/exceptions/case-0003.yaml; controls/governance-operations/exploited-vulnerability-prioritization/scripts/verify.py; controls/governance-operations/exploited-vulnerability-prioritization/tests/fixtures/cvss4-calculator.py,successful complete retrieval binds official feed URL schema identity catalog version item count collection time and exact feed SHA-256,security,cisa-kev-snapshot; exploitation-priority-signal,automated,verify receipt source status completeness freshness URL schema catalog count and file digest before exact CVE lookup,listed and not-listed are distinct while stale partial tampered malformed schema-changed and unavailable evidence returns ERROR,sanitized KEV retrieval receipt; feed integrity and completeness negative-test output,,,,,,,,"nist-ssdf 1.1 (SP 800-218, 2022) / RV.1.1 / supports / high",reviewed,Synthetic fixtures do not prove complete production inventory scanner or PSIRT execution.; The offline CVSS adapter contains three reference vectors checked against the pinned FIRST calculator and is not a general production calculator.; Production must package and integrity-verify a full CVSS v4 calculator and run the official conformance corpus before accepting arbitrary vectors.; The synthetic KEV schema digest demonstrates identity binding but must be replaced by the verified current official schema digest in a live collector policy.; KEV absence does not prove a vulnerability is unexploited low risk or inapplicable.; CVSS is technical severity rather than business risk exploit prediction or a remediation SLA.; CISA due dates are retained as source evidence and do not become organization deadlines without explicit policy.; A passing case does not establish FIRST PSIRT maturity service capacity disclosure quality or response timeliness.; Case output is sanitized metadata and intentionally excludes exploit details reporter identity customer data and internal endpoints.,,,,,,,
PSB-GOV-003,PSB-GOV-003-VPR-005,governance-operations,Prioritize exploited product vulnerabilities with accountable PSIRT cases,controls/governance-operations/exploited-vulnerability-prioritization/README.md,scanner findingをexactな製品・artifact・稼働deployment、検証済みCVSS v4、完全でfreshなCISA KEV証跡、組織policy、PSIRT ownerへ結び、対応優先度と期限をfail-closedで導出する。,Priority and organization deadline are derived from reviewed policy,detect; verify; respond; govern,VULNERABILITY-CASE-IDENTITY-MISMATCH: A scanner CVE is assigned to the wrong product component artifact or deployment.; VULNERABILITY-SEVERITY-MISREPRESENTATION: A malformed duplicate reordered or inconsistent CVSS v4 vector drives an unsupported priority decision.; KEV-EVIDENCE-FAIL-OPEN: A stale partial schema-changed unavailable or tampered KEV feed appears as an empty catalog.; KEV-ABSENCE-MISINTERPRETATION: A CVE absent from KEV is called unexploited or automatically low risk.; VULNERABILITY-PRIORITY-DOWNGRADE: A KEV-listed applicable active product case is manually lowered by CVSS score or requested priority.; PSIRT-CASE-OWNERSHIP-GAP: A vulnerability lacks accountable triage remediation communication and disclosure state.; VULNERABILITY-RISK-ACCEPTANCE-BYPASS: Risk acceptance uses an ungoverned ignore instead of the exact expiring exception contract.; VULNERABILITY-EVIDENCE-DISCLOSURE: Governance evidence copies exploit content credentials customer data internal endpoints or reporter identity.,case owner manually lowering urgency organizational policy drift or misuse of a federal agency due date as a universal SLA,a KEV-listed active product is delayed because CVSS or a requested priority overrides exploitation and deployment evidence,deterministic policy keeps technical severity exploitation applicability and business response inputs separate and reviewable,controls/governance-operations/exploited-vulnerability-prioritization/secure/policy.json; controls/governance-operations/exploited-vulnerability-prioritization/secure/kev-feed.json; controls/governance-operations/exploited-vulnerability-prioritization/secure/kev-schema.json; controls/governance-operations/exploited-vulnerability-prioritization/secure/kev-receipt.json; controls/governance-operations/exploited-vulnerability-prioritization/secure/case-listed.json; controls/governance-operations/exploited-vulnerability-prioritization/secure/case-not-listed.json; controls/governance-operations/exploited-vulnerability-prioritization/secure/case-not-applicable.json; controls/governance-operations/exploited-vulnerability-prioritization/secure/case-risk-accepted.json; controls/governance-operations/exploited-vulnerability-prioritization/secure/risk-exception/exceptions/case-0003.yaml; controls/governance-operations/exploited-vulnerability-prioritization/scripts/verify.py; controls/governance-operations/exploited-vulnerability-prioritization/tests/fixtures/cvss4-calculator.py,validated severity KEV applicability active deployment exposure and support state derive priority and an organization-owned deadline,security,remediation-priority; remediation-deadline,automated,recompute priority and deadline from exact inputs and compare any requested value with the reviewed policy outcome,applicable active KEV cases are emergency not-listed cases still receive evidence-based priority and CISA due dates remain source data,computed priority and organization deadline; manual downgrade negative-test output,,,,,,,,"nist-ssdf 1.1 (SP 800-218, 2022) / RV.2.1 / supports / high",reviewed,Synthetic fixtures do not prove complete production inventory scanner or PSIRT execution.; The offline CVSS adapter contains three reference vectors checked against the pinned FIRST calculator and is not a general production calculator.; Production must package and integrity-verify a full CVSS v4 calculator and run the official conformance corpus before accepting arbitrary vectors.; The synthetic KEV schema digest demonstrates identity binding but must be replaced by the verified current official schema digest in a live collector policy.; KEV absence does not prove a vulnerability is unexploited low risk or inapplicable.; CVSS is technical severity rather than business risk exploit prediction or a remediation SLA.; CISA due dates are retained as source evidence and do not become organization deadlines without explicit policy.; A passing case does not establish FIRST PSIRT maturity service capacity disclosure quality or response timeliness.; Case output is sanitized metadata and intentionally excludes exploit details reporter identity customer data and internal endpoints.,,,,,,,
PSB-GOV-003,PSB-GOV-003-VPR-006,governance-operations,Prioritize exploited product vulnerabilities with accountable PSIRT cases,controls/governance-operations/exploited-vulnerability-prioritization/README.md,scanner findingをexactな製品・artifact・稼働deployment、検証済みCVSS v4、完全でfreshなCISA KEV証跡、組織policy、PSIRT ownerへ結び、対応優先度と期限をfail-closedで導出する。,Accountable case state routes remediation and communication,detect; verify; respond; govern,VULNERABILITY-CASE-IDENTITY-MISMATCH: A scanner CVE is assigned to the wrong product component artifact or deployment.; VULNERABILITY-SEVERITY-MISREPRESENTATION: A malformed duplicate reordered or inconsistent CVSS v4 vector drives an unsupported priority decision.; KEV-EVIDENCE-FAIL-OPEN: A stale partial schema-changed unavailable or tampered KEV feed appears as an empty catalog.; KEV-ABSENCE-MISINTERPRETATION: A CVE absent from KEV is called unexploited or automatically low risk.; VULNERABILITY-PRIORITY-DOWNGRADE: A KEV-listed applicable active product case is manually lowered by CVSS score or requested priority.; PSIRT-CASE-OWNERSHIP-GAP: A vulnerability lacks accountable triage remediation communication and disclosure state.; VULNERABILITY-RISK-ACCEPTANCE-BYPASS: Risk acceptance uses an ungoverned ignore instead of the exact expiring exception contract.; VULNERABILITY-EVIDENCE-DISCLOSURE: Governance evidence copies exploit content credentials customer data internal endpoints or reporter identity.,ownership gap role handoff failure unsupported product state or case that closes without a communication decision,a correctly prioritized vulnerability still receives no accountable remediation or stakeholder route,prioritization becomes operational only when a named response function owns the next decision and traceable state,controls/governance-operations/exploited-vulnerability-prioritization/secure/policy.json; controls/governance-operations/exploited-vulnerability-prioritization/secure/kev-feed.json; controls/governance-operations/exploited-vulnerability-prioritization/secure/kev-schema.json; controls/governance-operations/exploited-vulnerability-prioritization/secure/kev-receipt.json; controls/governance-operations/exploited-vulnerability-prioritization/secure/case-listed.json; controls/governance-operations/exploited-vulnerability-prioritization/secure/case-not-listed.json; controls/governance-operations/exploited-vulnerability-prioritization/secure/case-not-applicable.json; controls/governance-operations/exploited-vulnerability-prioritization/secure/case-risk-accepted.json; controls/governance-operations/exploited-vulnerability-prioritization/secure/risk-exception/exceptions/case-0003.yaml; controls/governance-operations/exploited-vulnerability-prioritization/scripts/verify.py; controls/governance-operations/exploited-vulnerability-prioritization/tests/fixtures/cvss4-calculator.py,approved PSIRT or product-security owner triage time remediation decision ticket support state communication route and disclosure state are present and coherent,incident-response,psirt-case; remediation-workflow; vulnerability-communication,automated,validate owner allowlist triage timestamp decision ticket support communication and disclosure state consistency,complete cases pass while unowned unrouted and incoherent cases fail,sanitized case routing result; ownership negative-test output,,,,,,,,"nist-ssdf 1.1 (SP 800-218, 2022) / RV.2.1 / supports / high",reviewed,Synthetic fixtures do not prove complete production inventory scanner or PSIRT execution.; The offline CVSS adapter contains three reference vectors checked against the pinned FIRST calculator and is not a general production calculator.; Production must package and integrity-verify a full CVSS v4 calculator and run the official conformance corpus before accepting arbitrary vectors.; The synthetic KEV schema digest demonstrates identity binding but must be replaced by the verified current official schema digest in a live collector policy.; KEV absence does not prove a vulnerability is unexploited low risk or inapplicable.; CVSS is technical severity rather than business risk exploit prediction or a remediation SLA.; CISA due dates are retained as source evidence and do not become organization deadlines without explicit policy.; A passing case does not establish FIRST PSIRT maturity service capacity disclosure quality or response timeliness.; Case output is sanitized metadata and intentionally excludes exploit details reporter identity customer data and internal endpoints.,,,,,,,
PSB-GOV-003,PSB-GOV-003-VPR-007,governance-operations,Prioritize exploited product vulnerabilities with accountable PSIRT cases,controls/governance-operations/exploited-vulnerability-prioritization/README.md,scanner findingをexactな製品・artifact・稼働deployment、検証済みCVSS v4、完全でfreshなCISA KEV証跡、組織policy、PSIRT ownerへ結び、対応優先度と期限をfail-closedで導出する。,Risk acceptance composes the shared time-bound exception control,detect; verify; respond; govern,VULNERABILITY-CASE-IDENTITY-MISMATCH: A scanner CVE is assigned to the wrong product component artifact or deployment.; VULNERABILITY-SEVERITY-MISREPRESENTATION: A malformed duplicate reordered or inconsistent CVSS v4 vector drives an unsupported priority decision.; KEV-EVIDENCE-FAIL-OPEN: A stale partial schema-changed unavailable or tampered KEV feed appears as an empty catalog.; KEV-ABSENCE-MISINTERPRETATION: A CVE absent from KEV is called unexploited or automatically low risk.; VULNERABILITY-PRIORITY-DOWNGRADE: A KEV-listed applicable active product case is manually lowered by CVSS score or requested priority.; PSIRT-CASE-OWNERSHIP-GAP: A vulnerability lacks accountable triage remediation communication and disclosure state.; VULNERABILITY-RISK-ACCEPTANCE-BYPASS: Risk acceptance uses an ungoverned ignore instead of the exact expiring exception contract.; VULNERABILITY-EVIDENCE-DISCLOSURE: Governance evidence copies exploit content credentials customer data internal endpoints or reporter identity.,case owner bypassing remediation with a local ignore broad approval or expired risk decision,accepted vulnerability risk remains unowned overbroad or permanent outside the common exception register,PSB-GOV-002 already owns approval scope compensation and expiry so duplicating that lifecycle would create inconsistent bypass semantics,controls/governance-operations/exploited-vulnerability-prioritization/secure/policy.json; controls/governance-operations/exploited-vulnerability-prioritization/secure/kev-feed.json; controls/governance-operations/exploited-vulnerability-prioritization/secure/kev-schema.json; controls/governance-operations/exploited-vulnerability-prioritization/secure/kev-receipt.json; controls/governance-operations/exploited-vulnerability-prioritization/secure/case-listed.json; controls/governance-operations/exploited-vulnerability-prioritization/secure/case-not-listed.json; controls/governance-operations/exploited-vulnerability-prioritization/secure/case-not-applicable.json; controls/governance-operations/exploited-vulnerability-prioritization/secure/case-risk-accepted.json; controls/governance-operations/exploited-vulnerability-prioritization/secure/risk-exception/exceptions/case-0003.yaml; controls/governance-operations/exploited-vulnerability-prioritization/scripts/verify.py; controls/governance-operations/exploited-vulnerability-prioritization/tests/fixtures/cvss4-calculator.py,risk-accept decisions reference one current exact PSB-GOV-002 exception for this case check and environment,security,vulnerability-risk-acceptance; security-exception,automated,invoke PSB-GOV-002 and bind its active record to this control check case id and environment,exact active exception passes while missing invalid expired mismatched or unavailable exception evidence errors,PSB-GOV-002 sanitized state output; exact exception binding result,,,,,,,,"nist-ssdf 1.1 (SP 800-218, 2022) / RV.2.1 / supports / high",reviewed,Synthetic fixtures do not prove complete production inventory scanner or PSIRT execution.; The offline CVSS adapter contains three reference vectors checked against the pinned FIRST calculator and is not a general production calculator.; Production must package and integrity-verify a full CVSS v4 calculator and run the official conformance corpus before accepting arbitrary vectors.; The synthetic KEV schema digest demonstrates identity binding but must be replaced by the verified current official schema digest in a live collector policy.; KEV absence does not prove a vulnerability is unexploited low risk or inapplicable.; CVSS is technical severity rather than business risk exploit prediction or a remediation SLA.; CISA due dates are retained as source evidence and do not become organization deadlines without explicit policy.; A passing case does not establish FIRST PSIRT maturity service capacity disclosure quality or response timeliness.; Case output is sanitized metadata and intentionally excludes exploit details reporter identity customer data and internal endpoints.,,,,,,,
PSB-GOV-003,PSB-GOV-003-VPR-008,governance-operations,Prioritize exploited product vulnerabilities with accountable PSIRT cases,controls/governance-operations/exploited-vulnerability-prioritization/README.md,scanner findingをexactな製品・artifact・稼働deployment、検証済みCVSS v4、完全でfreshなCISA KEV証跡、組織policy、PSIRT ownerへ結び、対応優先度と期限をfail-closedで導出する。,Evidence failure and sensitive content never become a low-risk case,detect; verify; respond; govern,VULNERABILITY-CASE-IDENTITY-MISMATCH: A scanner CVE is assigned to the wrong product component artifact or deployment.; VULNERABILITY-SEVERITY-MISREPRESENTATION: A malformed duplicate reordered or inconsistent CVSS v4 vector drives an unsupported priority decision.; KEV-EVIDENCE-FAIL-OPEN: A stale partial schema-changed unavailable or tampered KEV feed appears as an empty catalog.; KEV-ABSENCE-MISINTERPRETATION: A CVE absent from KEV is called unexploited or automatically low risk.; VULNERABILITY-PRIORITY-DOWNGRADE: A KEV-listed applicable active product case is manually lowered by CVSS score or requested priority.; PSIRT-CASE-OWNERSHIP-GAP: A vulnerability lacks accountable triage remediation communication and disclosure state.; VULNERABILITY-RISK-ACCEPTANCE-BYPASS: Risk acceptance uses an ungoverned ignore instead of the exact expiring exception contract.; VULNERABILITY-EVIDENCE-DISCLOSURE: Governance evidence copies exploit content credentials customer data internal endpoints or reporter identity.,feed outage parser regression malicious report content or user with access to broader governance logs,evaluation failure lowers priority or exploit customer reporter credential and internal payload data is copied into durable case evidence,governance automation must preserve uncertainty without expanding access to sensitive vulnerability information,controls/governance-operations/exploited-vulnerability-prioritization/secure/policy.json; controls/governance-operations/exploited-vulnerability-prioritization/secure/kev-feed.json; controls/governance-operations/exploited-vulnerability-prioritization/secure/kev-schema.json; controls/governance-operations/exploited-vulnerability-prioritization/secure/kev-receipt.json; controls/governance-operations/exploited-vulnerability-prioritization/secure/case-listed.json; controls/governance-operations/exploited-vulnerability-prioritization/secure/case-not-listed.json; controls/governance-operations/exploited-vulnerability-prioritization/secure/case-not-applicable.json; controls/governance-operations/exploited-vulnerability-prioritization/secure/case-risk-accepted.json; controls/governance-operations/exploited-vulnerability-prioritization/secure/risk-exception/exceptions/case-0003.yaml; controls/governance-operations/exploited-vulnerability-prioritization/scripts/verify.py; controls/governance-operations/exploited-vulnerability-prioritization/tests/fixtures/cvss4-calculator.py,malformed stale partial unavailable mismatched or sensitive inputs return ERROR without printing protected values,security,vulnerability-evidence; case-evaluator,automated,exercise unavailable malformed stale partial mismatch and forbidden-field fixtures and assert distinct exit state 2 with redacted output,no evidence error is reported as ready low priority or not listed and synthetic sensitive values never appear,expected-results/errors.txt; sensitive-content negative-test output,,,,,,,,"nist-ssdf 1.1 (SP 800-218, 2022) / RV.1.1 / supports / high",reviewed,Synthetic fixtures do not prove complete production inventory scanner or PSIRT execution.; The offline CVSS adapter contains three reference vectors checked against the pinned FIRST calculator and is not a general production calculator.; Production must package and integrity-verify a full CVSS v4 calculator and run the official conformance corpus before accepting arbitrary vectors.; The synthetic KEV schema digest demonstrates identity binding but must be replaced by the verified current official schema digest in a live collector policy.; KEV absence does not prove a vulnerability is unexploited low risk or inapplicable.; CVSS is technical severity rather than business risk exploit prediction or a remediation SLA.; CISA due dates are retained as source evidence and do not become organization deadlines without explicit policy.; A passing case does not establish FIRST PSIRT maturity service capacity disclosure quality or response timeliness.; Case output is sanitized metadata and intentionally excludes exploit details reporter identity customer data and internal endpoints.,,,,,,,
PSB-GOV-004,PSB-GOV-004-CRR-001,governance-operations,supply-chain credential漏洩を封じ込めてrotation完了を検証する,controls/governance-operations/credential-exposure-containment/README.md,Secretを含まないcredential関係inventoryから全consumerと影響対象を確定し、credential種別ごとの封じ込め、限定的なreplacement、旧authority拒否、影響レビューを順序付きで検証してからincidentをcloseする。,Credential relationship inventory is complete fresh and secret free,detect; respond; verify; govern,SUPPLY-CHAIN-LEAKED-CREDENTIAL-PERSISTENCE: 漏洩したsource、CI、package、registry、cloud、SSH、signing credentialまたは派生sessionがreplacement後も使用可能で、source改変、malicious publication、artifact substitution、deploymentが継続する。; SUPPLY-CHAIN-CREDENTIAL-ROTATION-GAP: 不完全なinventory、未移行consumer、過大なreplacement、partial provider receipt、旧authority denial未確認がsuccessful rotationとしてcloseされる。; SUPPLY-CHAIN-CREDENTIAL-RESPONSE-EVIDENCE-LEAK: Incident log、receipt、fixture、audit evidenceがcredential値やsigning materialを複製し、response自体が新たな漏洩経路になる。,secret harvester compromised automation or incomplete provider inventory hiding a credential relationship,responders revoke one visible token while another consumer derived session or bound resource remains outside incident scope,a complete relationship graph establishes the response population without copying the credential value into a broader evidence store,controls/governance-operations/credential-exposure-containment/secure/policy.json; controls/governance-operations/credential-exposure-containment/secure/response-bundle.json,stable credential identifiers owners classes scopes consumers and resources across seven supply-chain surfaces without credential values,security,credential-inventory; supply-chain-incident,hybrid,make verify-control CONTROL=PSB-GOV-004 and inspect live provider inventory completeness and freshness,all seven surfaces have stable secret-free identities and incomplete stale ambiguous or unhealthy inventory is ERROR,sanitized credential relationship inventory; inventory adapter health and coverage receipt,,,,,,,,"nist-ssdf 1.1 (SP 800-218, 2022) / RV.2.1 / supports / high",reviewed,The E3 verifier evaluates provider-neutral synthetic metadata and does not revoke issue rotate or probe a live credential.; Live mutation remains NOT_CHECKED until each provider adapter is reviewed for least privilege idempotency rollback rate limits audit and independent authorization.; Stable identifier and inventory gaps can omit derived sessions emergency consumers cloned credentials or implicit provider authority.; Exact set comparison cannot model every provider-specific permission hierarchy or implicit grant.; Empty audit results do not prove absence of abuse and incomplete audit collection is ERROR.; Signing response requires live revocation timestamp transparency trust-store propagation and artifact consumer evidence beyond this fixture.; Ordinary expiry of a short-lived credential does not prove issuer repair replay prevention or impact resolution.; Repository cleanup history rewrite artifact deletion quarantine and republishing are dry-run plan steps and are never automatically executed.,,,,,,,
PSB-GOV-004,PSB-GOV-004-CRR-002,governance-operations,supply-chain credential漏洩を封じ込めてrotation完了を検証する,controls/governance-operations/credential-exposure-containment/README.md,Secretを含まないcredential関係inventoryから全consumerと影響対象を確定し、credential種別ごとの封じ込め、限定的なreplacement、旧authority拒否、影響レビューを順序付きで検証してからincidentをcloseする。,Verification failure cannot become successful rotation,detect; respond; verify; govern,SUPPLY-CHAIN-LEAKED-CREDENTIAL-PERSISTENCE: 漏洩したsource、CI、package、registry、cloud、SSH、signing credentialまたは派生sessionがreplacement後も使用可能で、source改変、malicious publication、artifact substitution、deploymentが継続する。; SUPPLY-CHAIN-CREDENTIAL-ROTATION-GAP: 不完全なinventory、未移行consumer、過大なreplacement、partial provider receipt、旧authority denial未確認がsuccessful rotationとしてcloseされる。; SUPPLY-CHAIN-CREDENTIAL-RESPONSE-EVIDENCE-LEAK: Incident log、receipt、fixture、audit evidenceがcredential値やsigning materialを複製し、response自体が新たな漏洩経路になる。,failed provider API parser outage or automation reporting a partial response as complete,inability to establish consumer migration revocation or denial is normalized into a closed incident,a distinct fail-closed error state prevents operational uncertainty from preserving attacker authority under a success label,controls/governance-operations/credential-exposure-containment/secure/policy.json; controls/governance-operations/credential-exposure-containment/secure/response-bundle.json,missing stale partial malformed out-of-order and adapter-error evidence returns ERROR,incident-response,credential-response-evidence,automated,make verify-control CONTROL=PSB-GOV-004,all incomplete and unavailable evidence fixtures exit with ERROR rather than PASS,negative-test output,,,,,,,,UNMAPPED — framework review required,unmapped,The E3 verifier evaluates provider-neutral synthetic metadata and does not revoke issue rotate or probe a live credential.; Live mutation remains NOT_CHECKED until each provider adapter is reviewed for least privilege idempotency rollback rate limits audit and independent authorization.; Stable identifier and inventory gaps can omit derived sessions emergency consumers cloned credentials or implicit provider authority.; Exact set comparison cannot model every provider-specific permission hierarchy or implicit grant.; Empty audit results do not prove absence of abuse and incomplete audit collection is ERROR.; Signing response requires live revocation timestamp transparency trust-store propagation and artifact consumer evidence beyond this fixture.; Ordinary expiry of a short-lived credential does not prove issuer repair replay prevention or impact resolution.; Repository cleanup history rewrite artifact deletion quarantine and republishing are dry-run plan steps and are never automatically executed.,,,,,,,
PSB-GOV-004,PSB-GOV-004-CRR-003,governance-operations,supply-chain credential漏洩を封じ込めてrotation完了を検証する,controls/governance-operations/credential-exposure-containment/README.md,Secretを含まないcredential関係inventoryから全consumerと影響対象を確定し、credential種別ごとの封じ込め、限定的なreplacement、旧authority拒否、影響レビューを順序付きで検証してからincidentをcloseする。,Evidence preservation and independent authorization precede containment,detect; respond; verify; govern,SUPPLY-CHAIN-LEAKED-CREDENTIAL-PERSISTENCE: 漏洩したsource、CI、package、registry、cloud、SSH、signing credentialまたは派生sessionがreplacement後も使用可能で、source改変、malicious publication、artifact substitution、deploymentが継続する。; SUPPLY-CHAIN-CREDENTIAL-ROTATION-GAP: 不完全なinventory、未移行consumer、過大なreplacement、partial provider receipt、旧authority denial未確認がsuccessful rotationとしてcloseされる。; SUPPLY-CHAIN-CREDENTIAL-RESPONSE-EVIDENCE-LEAK: Incident log、receipt、fixture、audit evidenceがcredential値やsigning materialを複製し、response自体が新たな漏洩経路になる。,rushed responder insider or compromised automation performing destructive credential or artifact operations,revocation cleanup or deletion destroys investigation evidence or disrupts production before an accountable owner reviews scope,evidence-first independently authorized planning makes high-impact response attributable bounded and reviewable before mutation,controls/governance-operations/credential-exposure-containment/secure/policy.json; controls/governance-operations/credential-exposure-containment/secure/response-bundle.json,evidence-first dry-run with exact short-lived response authorization,incident-response,credential-response-plan,hybrid,make verify-control CONTROL=PSB-GOV-004 and inspect live authorization and evidence-preservation records,plans without evidence-first ordering exact response scope approved role and four-hour maximum authorization are rejected,sanitized response plan; authorization receipt,,,,,,,,"nist-ssdf 1.1 (SP 800-218, 2022) / RV.2.1 / supports / high",reviewed,The E3 verifier evaluates provider-neutral synthetic metadata and does not revoke issue rotate or probe a live credential.; Live mutation remains NOT_CHECKED until each provider adapter is reviewed for least privilege idempotency rollback rate limits audit and independent authorization.; Stable identifier and inventory gaps can omit derived sessions emergency consumers cloned credentials or implicit provider authority.; Exact set comparison cannot model every provider-specific permission hierarchy or implicit grant.; Empty audit results do not prove absence of abuse and incomplete audit collection is ERROR.; Signing response requires live revocation timestamp transparency trust-store propagation and artifact consumer evidence beyond this fixture.; Ordinary expiry of a short-lived credential does not prove issuer repair replay prevention or impact resolution.; Repository cleanup history rewrite artifact deletion quarantine and republishing are dry-run plan steps and are never automatically executed.,,,,,,,
PSB-GOV-004,PSB-GOV-004-CRR-004,governance-operations,supply-chain credential漏洩を封じ込めてrotation完了を検証する,controls/governance-operations/credential-exposure-containment/README.md,Secretを含まないcredential関係inventoryから全consumerと影響対象を確定し、credential種別ごとの封じ込め、限定的なreplacement、旧authority拒否、影響レビューを順序付きで検証してからincidentをcloseする。,Containment matches the credential class,detect; respond; verify; govern,SUPPLY-CHAIN-LEAKED-CREDENTIAL-PERSISTENCE: 漏洩したsource、CI、package、registry、cloud、SSH、signing credentialまたは派生sessionがreplacement後も使用可能で、source改変、malicious publication、artifact substitution、deploymentが継続する。; SUPPLY-CHAIN-CREDENTIAL-ROTATION-GAP: 不完全なinventory、未移行consumer、過大なreplacement、partial provider receipt、旧authority denial未確認がsuccessful rotationとしてcloseされる。; SUPPLY-CHAIN-CREDENTIAL-RESPONSE-EVIDENCE-LEAK: Incident log、receipt、fixture、audit evidenceがcredential値やsigning materialを複製し、response自体が新たな漏洩経路になる。,attacker retaining an old token key signer trust or replayable session after generic rotation automation runs,one revoke-and-replace recipe ignores SSH sessions signer trust artifact review or short-lived issuer-policy repair,credential-class-specific containment closes the authority mechanism actually available to the attacker rather than only changing a stored value,controls/governance-operations/credential-exposure-containment/secure/policy.json; controls/governance-operations/credential-exposure-containment/secure/response-bundle.json,reusable bearer SSH signing and short-lived authority use distinct mandatory response actions,shared,credential-containment,automated,make verify-control CONTROL=PSB-GOV-004,bearer signer and short-lived fixtures require their exact containment actions and partial receipts are ERROR,sanitized provider-neutral operation receipts,,,,,,,,"mitre-attack v19.1 / T1078 / mitigates / medium; nist-ssdf 1.1 (SP 800-218, 2022) / RV.2.1 / supports / high",reviewed,The E3 verifier evaluates provider-neutral synthetic metadata and does not revoke issue rotate or probe a live credential.; Live mutation remains NOT_CHECKED until each provider adapter is reviewed for least privilege idempotency rollback rate limits audit and independent authorization.; Stable identifier and inventory gaps can omit derived sessions emergency consumers cloned credentials or implicit provider authority.; Exact set comparison cannot model every provider-specific permission hierarchy or implicit grant.; Empty audit results do not prove absence of abuse and incomplete audit collection is ERROR.; Signing response requires live revocation timestamp transparency trust-store propagation and artifact consumer evidence beyond this fixture.; Ordinary expiry of a short-lived credential does not prove issuer repair replay prevention or impact resolution.; Repository cleanup history rewrite artifact deletion quarantine and republishing are dry-run plan steps and are never automatically executed.,,,,,,,
PSB-GOV-004,PSB-GOV-004-CRR-005,governance-operations,supply-chain credential漏洩を封じ込めてrotation完了を検証する,controls/governance-operations/credential-exposure-containment/README.md,Secretを含まないcredential関係inventoryから全consumerと影響対象を確定し、credential種別ごとの封じ込め、限定的なreplacement、旧authority拒否、影響レビューを順序付きで検証してからincidentをcloseする。,Replacement authority is no broader or longer lived,detect; respond; verify; govern,SUPPLY-CHAIN-LEAKED-CREDENTIAL-PERSISTENCE: 漏洩したsource、CI、package、registry、cloud、SSH、signing credentialまたは派生sessionがreplacement後も使用可能で、source改変、malicious publication、artifact substitution、deploymentが継続する。; SUPPLY-CHAIN-CREDENTIAL-ROTATION-GAP: 不完全なinventory、未移行consumer、過大なreplacement、partial provider receipt、旧authority denial未確認がsuccessful rotationとしてcloseされる。; SUPPLY-CHAIN-CREDENTIAL-RESPONSE-EVIDENCE-LEAK: Incident log、receipt、fixture、audit evidenceがcredential値やsigning materialを複製し、response自体が新たな漏洩経路になる。,responder or automation restoring service with a convenient wildcard or long-lived replacement,incident response removes one leaked credential but creates a more powerful durable authority for future compromise,exact subset and lifetime checks make rotation reduce authority instead of transferring or increasing the original blast radius,controls/governance-operations/credential-exposure-containment/secure/policy.json; controls/governance-operations/credential-exposure-containment/secure/response-bundle.json,replacement owner purpose scopes resources consumers and lifetime are equal to or narrower than the reviewed old authority and class ceiling,shared,credential-replacement; ci-credential,automated,make verify-control CONTROL=PSB-GOV-004,wildcard different-purpose extra-resource extra-consumer and overlong replacements are rejected,replacement metadata comparison; negative-test output,,,,,,,,"mitre-attack v19.1 / T1078 / mitigates / medium; nist-ssdf 1.1 (SP 800-218, 2022) / RV.2.1 / supports / high; openssf-osps-baseline 2026.02.19 / OSPS-AC-04.01 / supports / medium",reviewed,The E3 verifier evaluates provider-neutral synthetic metadata and does not revoke issue rotate or probe a live credential.; Live mutation remains NOT_CHECKED until each provider adapter is reviewed for least privilege idempotency rollback rate limits audit and independent authorization.; Stable identifier and inventory gaps can omit derived sessions emergency consumers cloned credentials or implicit provider authority.; Exact set comparison cannot model every provider-specific permission hierarchy or implicit grant.; Empty audit results do not prove absence of abuse and incomplete audit collection is ERROR.; Signing response requires live revocation timestamp transparency trust-store propagation and artifact consumer evidence beyond this fixture.; Ordinary expiry of a short-lived credential does not prove issuer repair replay prevention or impact resolution.; Repository cleanup history rewrite artifact deletion quarantine and republishing are dry-run plan steps and are never automatically executed.,,,,,,,
PSB-GOV-004,PSB-GOV-004-CRR-006,governance-operations,supply-chain credential漏洩を封じ込めてrotation完了を検証する,controls/governance-operations/credential-exposure-containment/README.md,Secretを含まないcredential関係inventoryから全consumerと影響対象を確定し、credential種別ごとの封じ込め、限定的なreplacement、旧authority拒否、影響レビューを順序付きで検証してからincidentをcloseする。,Every known consumer has an accountable disposition,detect; respond; verify; govern,SUPPLY-CHAIN-LEAKED-CREDENTIAL-PERSISTENCE: 漏洩したsource、CI、package、registry、cloud、SSH、signing credentialまたは派生sessionがreplacement後も使用可能で、source改変、malicious publication、artifact substitution、deploymentが継続する。; SUPPLY-CHAIN-CREDENTIAL-ROTATION-GAP: 不完全なinventory、未移行consumer、過大なreplacement、partial provider receipt、旧authority denial未確認がsuccessful rotationとしてcloseされる。; SUPPLY-CHAIN-CREDENTIAL-RESPONSE-EVIDENCE-LEAK: Incident log、receipt、fixture、audit evidenceがcredential値やsigning materialを複製し、response自体が新たな漏洩経路になる。,forgotten workflow emergency publisher developer machine or stale service retaining old authority,the primary consumer moves to the replacement while one secondary consumer remains valid or later restores the leaked credential,exact complete consumer reconciliation prevents a successful primary migration from hiding residual use paths,controls/governance-operations/credential-exposure-containment/secure/policy.json; controls/governance-operations/credential-exposure-containment/secure/response-bundle.json,exact consumer set is migrated removed quarantined or owner-approved not applicable,shared,credential-consumer; ci-credential,hybrid,make verify-control CONTROL=PSB-GOV-004 and compare live consumer inventory with disposition records,missing duplicate pending or unowned consumer disposition prevents closure,sanitized consumer migration record; inventory-to-disposition comparison,,,,,,,,"mitre-attack v19.1 / T1078 / mitigates / medium; nist-ssdf 1.1 (SP 800-218, 2022) / RV.2.1 / supports / high; openssf-osps-baseline 2026.02.19 / OSPS-AC-04.01 / supports / medium",reviewed,The E3 verifier evaluates provider-neutral synthetic metadata and does not revoke issue rotate or probe a live credential.; Live mutation remains NOT_CHECKED until each provider adapter is reviewed for least privilege idempotency rollback rate limits audit and independent authorization.; Stable identifier and inventory gaps can omit derived sessions emergency consumers cloned credentials or implicit provider authority.; Exact set comparison cannot model every provider-specific permission hierarchy or implicit grant.; Empty audit results do not prove absence of abuse and incomplete audit collection is ERROR.; Signing response requires live revocation timestamp transparency trust-store propagation and artifact consumer evidence beyond this fixture.; Ordinary expiry of a short-lived credential does not prove issuer repair replay prevention or impact resolution.; Repository cleanup history rewrite artifact deletion quarantine and republishing are dry-run plan steps and are never automatically executed.,,,,,,,
PSB-GOV-004,PSB-GOV-004-CRR-007,governance-operations,supply-chain credential漏洩を封じ込めてrotation完了を検証する,controls/governance-operations/credential-exposure-containment/README.md,Secretを含まないcredential関係inventoryから全consumerと影響対象を確定し、credential種別ごとの封じ込め、限定的なreplacement、旧authority拒否、影響レビューを順序付きで検証してからincidentをcloseする。,Old authority denial is verified independently,detect; respond; verify; govern,SUPPLY-CHAIN-LEAKED-CREDENTIAL-PERSISTENCE: 漏洩したsource、CI、package、registry、cloud、SSH、signing credentialまたは派生sessionがreplacement後も使用可能で、source改変、malicious publication、artifact substitution、deploymentが継続する。; SUPPLY-CHAIN-CREDENTIAL-ROTATION-GAP: 不完全なinventory、未移行consumer、過大なreplacement、partial provider receipt、旧authority denial未確認がsuccessful rotationとしてcloseされる。; SUPPLY-CHAIN-CREDENTIAL-RESPONSE-EVIDENCE-LEAK: Incident log、receipt、fixture、audit evidenceがcredential値やsigning materialを複製し、response自体が新たな漏洩経路になる。,credential thief continuing to use an old token key signer identity or replayable session after replacement,teams prove only that the new credential works and infer without testing that old authority is disabled,an independent negative probe directly tests the attacker's remaining path and separates containment from service-restoration evidence,controls/governance-operations/credential-exposure-containment/secure/policy.json; controls/governance-operations/credential-exposure-containment/secure/response-bundle.json,an exact old-credential negative probe succeeds with DENIED independently from replacement success,security,credential-denial-test,hybrid,make verify-control CONTROL=PSB-GOV-004 and execute a harmless provider-specific old-authority denial probe,ALLOWED is FAIL while skipped unsupported unavailable or failed probes are ERROR,sanitized old-authority denial receipt; separate replacement probe receipt,,,,,,,,"mitre-attack v19.1 / T1078 / mitigates / medium; nist-ssdf 1.1 (SP 800-218, 2022) / RV.2.1 / supports / high",reviewed,The E3 verifier evaluates provider-neutral synthetic metadata and does not revoke issue rotate or probe a live credential.; Live mutation remains NOT_CHECKED until each provider adapter is reviewed for least privilege idempotency rollback rate limits audit and independent authorization.; Stable identifier and inventory gaps can omit derived sessions emergency consumers cloned credentials or implicit provider authority.; Exact set comparison cannot model every provider-specific permission hierarchy or implicit grant.; Empty audit results do not prove absence of abuse and incomplete audit collection is ERROR.; Signing response requires live revocation timestamp transparency trust-store propagation and artifact consumer evidence beyond this fixture.; Ordinary expiry of a short-lived credential does not prove issuer repair replay prevention or impact resolution.; Repository cleanup history rewrite artifact deletion quarantine and republishing are dry-run plan steps and are never automatically executed.,,,,,,,
PSB-GOV-004,PSB-GOV-004-CRR-008,governance-operations,supply-chain credential漏洩を封じ込めてrotation完了を検証する,controls/governance-operations/credential-exposure-containment/README.md,Secretを含まないcredential関係inventoryから全consumerと影響対象を確定し、credential種別ごとの封じ込め、限定的なreplacement、旧authority拒否、影響レビューを順序付きで検証してからincidentをcloseする。,Exposure-window operations are correlated to exact supply-chain identities,detect; respond; verify; govern,SUPPLY-CHAIN-LEAKED-CREDENTIAL-PERSISTENCE: 漏洩したsource、CI、package、registry、cloud、SSH、signing credentialまたは派生sessionがreplacement後も使用可能で、source改変、malicious publication、artifact substitution、deploymentが継続する。; SUPPLY-CHAIN-CREDENTIAL-ROTATION-GAP: 不完全なinventory、未移行consumer、過大なreplacement、partial provider receipt、旧authority denial未確認がsuccessful rotationとしてcloseされる。; SUPPLY-CHAIN-CREDENTIAL-RESPONSE-EVIDENCE-LEAK: Incident log、receipt、fixture、audit evidenceがcredential値やsigning materialを複製し、response自体が新たな漏洩経路になる。,attacker using leaked authority before revocation or incomplete audit collection omitting an affected release or deployment,credential access is disabled but malicious operations and resulting artifacts remain trusted or deployed because the exposure window was not investigated,time-bound exact identity correlation carries containment into artifact and deployment impact review without treating credential rotation as incident resolution,controls/governance-operations/credential-exposure-containment/secure/policy.json; controls/governance-operations/credential-exposure-containment/secure/response-bundle.json,complete exact audit window and source workflow package image attestation release artifact and deployment references where evidence exists,incident-response,credential-impact-review; supply-chain-incident,hybrid,make verify-control CONTROL=PSB-GOV-004 and compose exact artifact and deployment lookup with PSB-GOV-001,audit window and impact identities are complete and an empty event result never proves no abuse,sanitized exposure-window audit result; exact impact reference set; PSB-GOV-001 handoff evidence where applicable,,,,,,,,"nist-ssdf 1.1 (SP 800-218, 2022) / RV.2.1 / supports / high",reviewed,The E3 verifier evaluates provider-neutral synthetic metadata and does not revoke issue rotate or probe a live credential.; Live mutation remains NOT_CHECKED until each provider adapter is reviewed for least privilege idempotency rollback rate limits audit and independent authorization.; Stable identifier and inventory gaps can omit derived sessions emergency consumers cloned credentials or implicit provider authority.; Exact set comparison cannot model every provider-specific permission hierarchy or implicit grant.; Empty audit results do not prove absence of abuse and incomplete audit collection is ERROR.; Signing response requires live revocation timestamp transparency trust-store propagation and artifact consumer evidence beyond this fixture.; Ordinary expiry of a short-lived credential does not prove issuer repair replay prevention or impact resolution.; Repository cleanup history rewrite artifact deletion quarantine and republishing are dry-run plan steps and are never automatically executed.,,,,,,,
PSB-GOV-004,PSB-GOV-004-CRR-009,governance-operations,supply-chain credential漏洩を封じ込めてrotation完了を検証する,controls/governance-operations/credential-exposure-containment/README.md,Secretを含まないcredential関係inventoryから全consumerと影響対象を確定し、credential種別ごとの封じ込め、限定的なreplacement、旧authority拒否、影響レビューを順序付きで検証してからincidentをcloseする。,Closure follows the complete containment state machine,detect; respond; verify; govern,SUPPLY-CHAIN-LEAKED-CREDENTIAL-PERSISTENCE: 漏洩したsource、CI、package、registry、cloud、SSH、signing credentialまたは派生sessionがreplacement後も使用可能で、source改変、malicious publication、artifact substitution、deploymentが継続する。; SUPPLY-CHAIN-CREDENTIAL-ROTATION-GAP: 不完全なinventory、未移行consumer、過大なreplacement、partial provider receipt、旧authority denial未確認がsuccessful rotationとしてcloseされる。; SUPPLY-CHAIN-CREDENTIAL-RESPONSE-EVIDENCE-LEAK: Incident log、receipt、fixture、audit evidenceがcredential値やsigning materialを複製し、response自体が新たな漏洩経路になる。,automation or responder closing the incident after replacement before residual authority and impact are resolved,repository cleanup artifact deletion or closure occurs out of order and removes evidence while attacker access or malicious releases remain,an exact monotonic state machine turns closure into a verifiable security decision rather than a manual status label,controls/governance-operations/credential-exposure-containment/secure/policy.json; controls/governance-operations/credential-exposure-containment/secure/response-bundle.json,containment migration denial and impact review precede cleanup destructive artifact action and CLOSED,incident-response,credential-incident-closure,automated,make verify-control CONTROL=PSB-GOV-004,skipped duplicate future-dated and out-of-order states plus early cleanup closure or artifact action are rejected,sanitized state transition record; negative-test output,,,,,,,,"nist-ssdf 1.1 (SP 800-218, 2022) / RV.2.1 / supports / high",reviewed,The E3 verifier evaluates provider-neutral synthetic metadata and does not revoke issue rotate or probe a live credential.; Live mutation remains NOT_CHECKED until each provider adapter is reviewed for least privilege idempotency rollback rate limits audit and independent authorization.; Stable identifier and inventory gaps can omit derived sessions emergency consumers cloned credentials or implicit provider authority.; Exact set comparison cannot model every provider-specific permission hierarchy or implicit grant.; Empty audit results do not prove absence of abuse and incomplete audit collection is ERROR.; Signing response requires live revocation timestamp transparency trust-store propagation and artifact consumer evidence beyond this fixture.; Ordinary expiry of a short-lived credential does not prove issuer repair replay prevention or impact resolution.; Repository cleanup history rewrite artifact deletion quarantine and republishing are dry-run plan steps and are never automatically executed.,,,,,,,
PSB-GOV-004,PSB-GOV-004-CRR-010,governance-operations,supply-chain credential漏洩を封じ込めてrotation完了を検証する,controls/governance-operations/credential-exposure-containment/README.md,Secretを含まないcredential関係inventoryから全consumerと影響対象を確定し、credential種別ごとの封じ込め、限定的なreplacement、旧authority拒否、影響レビューを順序付きで検証してからincidentをcloseする。,Response evidence cannot leak credentials or overclaim live mutation,detect; respond; verify; govern,SUPPLY-CHAIN-LEAKED-CREDENTIAL-PERSISTENCE: 漏洩したsource、CI、package、registry、cloud、SSH、signing credentialまたは派生sessionがreplacement後も使用可能で、source改変、malicious publication、artifact substitution、deploymentが継続する。; SUPPLY-CHAIN-CREDENTIAL-ROTATION-GAP: 不完全なinventory、未移行consumer、過大なreplacement、partial provider receipt、旧authority denial未確認がsuccessful rotationとしてcloseされる。; SUPPLY-CHAIN-CREDENTIAL-RESPONSE-EVIDENCE-LEAK: Incident log、receipt、fixture、audit evidenceがcredential値やsigning materialを複製し、response自体が新たな漏洩経路になる。,log reader artifact consumer or compromised evidence store gaining a copied credential during incident response,receipts logs fixtures or failure messages reproduce the leaked value and a synthetic PASS is presented as proof of production revocation,secret-free output prevents response amplification and explicit NOT_CHECKED preserves the distinction between E3 contract tests and live enforcement,controls/governance-operations/credential-exposure-containment/secure/policy.json; controls/governance-operations/credential-exposure-containment/secure/response-bundle.json,metadata-only evidence excludes credential and key material while fixture-only live mutation remains NOT_CHECKED,security,credential-response-evidence,automated,make verify-control CONTROL=PSB-GOV-004,forbidden sensitive fields and credential patterns are ERROR without value echo and all fixture receipts keep live mutation false,sanitized verifier output; secret-bearing negative-test output,,,,,,,,UNMAPPED — framework review required,unmapped,The E3 verifier evaluates provider-neutral synthetic metadata and does not revoke issue rotate or probe a live credential.; Live mutation remains NOT_CHECKED until each provider adapter is reviewed for least privilege idempotency rollback rate limits audit and independent authorization.; Stable identifier and inventory gaps can omit derived sessions emergency consumers cloned credentials or implicit provider authority.; Exact set comparison cannot model every provider-specific permission hierarchy or implicit grant.; Empty audit results do not prove absence of abuse and incomplete audit collection is ERROR.; Signing response requires live revocation timestamp transparency trust-store propagation and artifact consumer evidence beyond this fixture.; Ordinary expiry of a short-lived credential does not prove issuer repair replay prevention or impact resolution.; Repository cleanup history rewrite artifact deletion quarantine and republishing are dry-run plan steps and are never automatically executed.,,,,,,,
PSB-GOV-005,PSB-GOV-005-DAR-001,governance-operations,Close vulnerable deployed artifact rebuild and replacement decisions,controls/governance-operations/deployed-artifact-refresh/README.md,exact deployed artifactとSBOMをcurrent vulnerability／support evidenceへ結び、期限付きrebuild、new digestのrelease／admission、旧digest非稼働までを一つのfreshness caseとしてfail-closedで検証する。,Active deployment inventory is complete fresh and digest bound,detect; verify; respond; govern,DEPLOYED-ARTIFACT-STALE-RISK: A previously valid artifact remains deployed after dependency base-image support or vulnerability evidence makes it unsafe.; REBUILD-DECISION-GAP: An affected deployment is identified but receives no owned bounded rebuild or replacement decision.; REPLACEMENT-IDENTITY-BREAK: A replacement is built or deployed without preserving source build release SBOM and admission identity.; OLD-ARTIFACT-PERSISTENCE: A new artifact is deployed while one active environment still runs the vulnerable old digest.; ARTIFACT-FRESHNESS-FAIL-OPEN: Partial stale unavailable or malformed inventory scanner registry build or deployment evidence is interpreted as current or remediated.,stale collector mutable image tag incomplete environment inventory or operator copying the wrong release identity,one active environment is omitted or linked to an image name rather than the exact bytes under review,rebuild decisions cannot close runtime risk unless all deployed copies of the affected digest are known,controls/governance-operations/deployed-artifact-refresh/secure/policy.json; controls/governance-operations/deployed-artifact-refresh/secure/case-remediated.json; controls/governance-operations/deployed-artifact-refresh/secure/case-not-affected.json; controls/governance-operations/deployed-artifact-refresh/secure/case-in-progress.json; controls/governance-operations/deployed-artifact-refresh/scripts/verify.py,every in-scope active deployment has one immutable artifact digest SBOM serial environment and recent observation,incident-response,deployment-inventory; artifact; sbom,hybrid,validate the PSB-GOV-001 inventory receipt scope completeness freshness and exact deployment artifact SBOM relationships,complete exact observations pass while stale partial duplicate mutable or mismatched inventory errors,sanitized deployment inventory receipt; exact artifact and SBOM relationship,,,,,,,,"nist-ssdf 1.1 (SP 800-218, 2022) / RV.1.1 / supports / high",reviewed,Offline fixtures do not prove complete live deployment scanner registry build or admission evidence.; A fresh rebuild can contain a new vulnerability or malicious change and still requires the existing build release and admission controls.; Support age alone does not prove vulnerability and a valid signature does not prove current safety.; The reference policy uses synthetic timestamps and deadlines and is not an organization SLA.; Repository output excludes raw vulnerability exploit customer credential and internal endpoint data.; Emergency rollback can temporarily reintroduce an old digest only through a separately governed organization decision not implemented here.,,,,,,,
PSB-GOV-005,PSB-GOV-005-DAR-002,governance-operations,Close vulnerable deployed artifact rebuild and replacement decisions,controls/governance-operations/deployed-artifact-refresh/README.md,exact deployed artifactとSBOMをcurrent vulnerability／support evidenceへ結び、期限付きrebuild、new digestのrelease／admission、旧digest非稼働までを一つのfreshness caseとしてfail-closedで検証する。,Current vulnerability support and lifecycle evidence determines refresh need,detect; verify; respond; govern,DEPLOYED-ARTIFACT-STALE-RISK: A previously valid artifact remains deployed after dependency base-image support or vulnerability evidence makes it unsafe.; REBUILD-DECISION-GAP: An affected deployment is identified but receives no owned bounded rebuild or replacement decision.; REPLACEMENT-IDENTITY-BREAK: A replacement is built or deployed without preserving source build release SBOM and admission identity.; OLD-ARTIFACT-PERSISTENCE: A new artifact is deployed while one active environment still runs the vulnerable old digest.; ARTIFACT-FRESHNESS-FAIL-OPEN: Partial stale unavailable or malformed inventory scanner registry build or deployment evidence is interpreted as current or remediated.,newly disclosed vulnerability ended support stale base image incomplete scanner feed or registry lifecycle drift,a historically valid artifact is called current because its signature still verifies even though its contents or support state are stale,integrity proves identity and origin but does not prove that old bytes remain safe to operate,controls/governance-operations/deployed-artifact-refresh/secure/policy.json; controls/governance-operations/deployed-artifact-refresh/secure/case-remediated.json; controls/governance-operations/deployed-artifact-refresh/secure/case-not-affected.json; controls/governance-operations/deployed-artifact-refresh/secure/case-in-progress.json; controls/governance-operations/deployed-artifact-refresh/scripts/verify.py,fresh complete scanner advisory support base image and registry lifecycle evidence evaluates the exact deployed digest,security,vulnerability-evidence; support-lifecycle; registry-lifecycle,automated,verify evidence source health freshness completeness and exact artifact or component identity then derive affected or not-affected state,complete current evidence yields a deterministic state and any evidence failure returns ERROR,sanitized freshness evaluation; scanner support and lifecycle receipts,,,,,,,,"nist-ssdf 1.1 (SP 800-218, 2022) / RV.1.1 / supports / high; openssf-osps-baseline 2026.02.19 / OSPS-DO-04.01 / related-to / medium",reviewed,Offline fixtures do not prove complete live deployment scanner registry build or admission evidence.; A fresh rebuild can contain a new vulnerability or malicious change and still requires the existing build release and admission controls.; Support age alone does not prove vulnerability and a valid signature does not prove current safety.; The reference policy uses synthetic timestamps and deadlines and is not an organization SLA.; Repository output excludes raw vulnerability exploit customer credential and internal endpoint data.; Emergency rollback can temporarily reintroduce an old digest only through a separately governed organization decision not implemented here.,,,,,,,
PSB-GOV-005,PSB-GOV-005-DAR-003,governance-operations,Close vulnerable deployed artifact rebuild and replacement decisions,controls/governance-operations/deployed-artifact-refresh/README.md,exact deployed artifactとSBOMをcurrent vulnerability／support evidenceへ結び、期限付きrebuild、new digestのrelease／admission、旧digest非稼働までを一つのfreshness caseとしてfail-closedで検証する。,Affected artifact receives an owned bounded rebuild decision,detect; verify; respond; govern,DEPLOYED-ARTIFACT-STALE-RISK: A previously valid artifact remains deployed after dependency base-image support or vulnerability evidence makes it unsafe.; REBUILD-DECISION-GAP: An affected deployment is identified but receives no owned bounded rebuild or replacement decision.; REPLACEMENT-IDENTITY-BREAK: A replacement is built or deployed without preserving source build release SBOM and admission identity.; OLD-ARTIFACT-PERSISTENCE: A new artifact is deployed while one active environment still runs the vulnerable old digest.; ARTIFACT-FRESHNESS-FAIL-OPEN: Partial stale unavailable or malformed inventory scanner registry build or deployment evidence is interpreted as current or remediated.,operational neglect unsupported manual downgrade or case owner treating impact detection as remediation,an affected running artifact has no accountable deadline or is closed with an indefinite monitor-only decision,impact inventory becomes risk reduction only after a bounded owner and action are established,controls/governance-operations/deployed-artifact-refresh/secure/policy.json; controls/governance-operations/deployed-artifact-refresh/secure/case-remediated.json; controls/governance-operations/deployed-artifact-refresh/secure/case-not-affected.json; controls/governance-operations/deployed-artifact-refresh/secure/case-in-progress.json; controls/governance-operations/deployed-artifact-refresh/scripts/verify.py,policy derives rebuild required priority owner decision time due time target environments and clean-build requirement,release-manager,refresh-case; rebuild-decision,automated,recompute decision owner and deadline from reviewed policy and reject manual weakening or overdue open cases,affected active artifacts require an owned rebuild and overdue incomplete decisions fail,policy-derived rebuild decision; manual downgrade and overdue negative-test output,,,,,,,,"nist-ssdf 1.1 (SP 800-218, 2022) / RV.2.1 / supports / high; openssf-osps-baseline 2026.02.19 / OSPS-DO-04.01 / related-to / medium",reviewed,Offline fixtures do not prove complete live deployment scanner registry build or admission evidence.; A fresh rebuild can contain a new vulnerability or malicious change and still requires the existing build release and admission controls.; Support age alone does not prove vulnerability and a valid signature does not prove current safety.; The reference policy uses synthetic timestamps and deadlines and is not an organization SLA.; Repository output excludes raw vulnerability exploit customer credential and internal endpoint data.; Emergency rollback can temporarily reintroduce an old digest only through a separately governed organization decision not implemented here.,,,,,,,
PSB-GOV-005,PSB-GOV-005-DAR-004,governance-operations,Close vulnerable deployed artifact rebuild and replacement decisions,controls/governance-operations/deployed-artifact-refresh/README.md,exact deployed artifactとSBOMをcurrent vulnerability／support evidenceへ結び、期限付きrebuild、new digestのrelease／admission、旧digest非稼働までを一つのfreshness caseとしてfail-closedで検証する。,Clean rebuild preserves exact source build and artifact evidence,detect; verify; respond; govern,DEPLOYED-ARTIFACT-STALE-RISK: A previously valid artifact remains deployed after dependency base-image support or vulnerability evidence makes it unsafe.; REBUILD-DECISION-GAP: An affected deployment is identified but receives no owned bounded rebuild or replacement decision.; REPLACEMENT-IDENTITY-BREAK: A replacement is built or deployed without preserving source build release SBOM and admission identity.; OLD-ARTIFACT-PERSISTENCE: A new artifact is deployed while one active environment still runs the vulnerable old digest.; ARTIFACT-FRESHNESS-FAIL-OPEN: Partial stale unavailable or malformed inventory scanner registry build or deployment evidence is interpreted as current or remediated.,compromised build dependency cache or responder republishing old bytes under a new tag,the replacement cannot be distinguished from the affected artifact or from an untrusted build,changing a label or rerunning an untrusted pipeline does not remove the vulnerable bytes or restore supply-chain trust,controls/governance-operations/deployed-artifact-refresh/secure/policy.json; controls/governance-operations/deployed-artifact-refresh/secure/case-remediated.json; controls/governance-operations/deployed-artifact-refresh/secure/case-not-affected.json; controls/governance-operations/deployed-artifact-refresh/secure/case-in-progress.json; controls/governance-operations/deployed-artifact-refresh/scripts/verify.py,replacement uses a new digest and binds reviewed source revision hosted build invocation provenance signature and artifact-bound SBOM,build-platform,clean-rebuild; replacement-artifact; build-evidence,automated,compare old and new digest and verify exact source build provenance signature SBOM and release decision identities,a distinct evidence-complete replacement passes while same-digest mutable or mismatched rebuilds fail,sanitized clean-build receipt; replacement artifact evidence linkage,,,,,,,,"mitre-attack v19.1 / T1195.002 / mitigates / medium; nist-ssdf 1.1 (SP 800-218, 2022) / RV.2.1 / supports / high",reviewed,Offline fixtures do not prove complete live deployment scanner registry build or admission evidence.; A fresh rebuild can contain a new vulnerability or malicious change and still requires the existing build release and admission controls.; Support age alone does not prove vulnerability and a valid signature does not prove current safety.; The reference policy uses synthetic timestamps and deadlines and is not an organization SLA.; Repository output excludes raw vulnerability exploit customer credential and internal endpoint data.; Emergency rollback can temporarily reintroduce an old digest only through a separately governed organization decision not implemented here.,,,,,,,
PSB-GOV-005,PSB-GOV-005-DAR-005,governance-operations,Close vulnerable deployed artifact rebuild and replacement decisions,controls/governance-operations/deployed-artifact-refresh/README.md,exact deployed artifactとSBOMをcurrent vulnerability／support evidenceへ結び、期限付きrebuild、new digestのrelease／admission、旧digest非稼働までを一つのfreshness caseとしてfail-closedで検証する。,Replacement is published and admitted by exact digest,detect; verify; respond; govern,DEPLOYED-ARTIFACT-STALE-RISK: A previously valid artifact remains deployed after dependency base-image support or vulnerability evidence makes it unsafe.; REBUILD-DECISION-GAP: An affected deployment is identified but receives no owned bounded rebuild or replacement decision.; REPLACEMENT-IDENTITY-BREAK: A replacement is built or deployed without preserving source build release SBOM and admission identity.; OLD-ARTIFACT-PERSISTENCE: A new artifact is deployed while one active environment still runs the vulnerable old digest.; ARTIFACT-FRESHNESS-FAIL-OPEN: Partial stale unavailable or malformed inventory scanner registry build or deployment evidence is interpreted as current or remediated.,registry substitution mutable tag admission bypass or deploy automation selecting a different artifact,the approved rebuilt bytes differ from the object published or admitted into the target environment,build completion alone does not prove that production received the verified replacement,controls/governance-operations/deployed-artifact-refresh/secure/policy.json; controls/governance-operations/deployed-artifact-refresh/secure/case-remediated.json; controls/governance-operations/deployed-artifact-refresh/secure/case-not-affected.json; controls/governance-operations/deployed-artifact-refresh/secure/case-in-progress.json; controls/governance-operations/deployed-artifact-refresh/scripts/verify.py,immutable registry publication and admission receipt authorize the new artifact digest for every target environment,release-manager,container-registry; deployment-admission; replacement-deployment,automated,bind PSB-CONTAINER-002 immutable publication and PSB-CONTAINER-001 admission receipt to the replacement digest and target set,exact complete publication and admission pass while missing rejected mismatched or mutable evidence fails,registry publication receipt; per-environment admission receipt,,,,,,,,"mitre-attack v19.1 / T1195.002 / mitigates / medium; nist-ssdf 1.1 (SP 800-218, 2022) / RV.2.1 / supports / high",reviewed,Offline fixtures do not prove complete live deployment scanner registry build or admission evidence.; A fresh rebuild can contain a new vulnerability or malicious change and still requires the existing build release and admission controls.; Support age alone does not prove vulnerability and a valid signature does not prove current safety.; The reference policy uses synthetic timestamps and deadlines and is not an organization SLA.; Repository output excludes raw vulnerability exploit customer credential and internal endpoint data.; Emergency rollback can temporarily reintroduce an old digest only through a separately governed organization decision not implemented here.,,,,,,,
PSB-GOV-005,PSB-GOV-005-DAR-006,governance-operations,Close vulnerable deployed artifact rebuild and replacement decisions,controls/governance-operations/deployed-artifact-refresh/README.md,exact deployed artifactとSBOMをcurrent vulnerability／support evidenceへ結び、期限付きrebuild、new digestのrelease／admission、旧digest非稼働までを一つのfreshness caseとしてfail-closedで検証する。,Every affected old digest is inactive before closure,detect; verify; respond; govern,DEPLOYED-ARTIFACT-STALE-RISK: A previously valid artifact remains deployed after dependency base-image support or vulnerability evidence makes it unsafe.; REBUILD-DECISION-GAP: An affected deployment is identified but receives no owned bounded rebuild or replacement decision.; REPLACEMENT-IDENTITY-BREAK: A replacement is built or deployed without preserving source build release SBOM and admission identity.; OLD-ARTIFACT-PERSISTENCE: A new artifact is deployed while one active environment still runs the vulnerable old digest.; ARTIFACT-FRESHNESS-FAIL-OPEN: Partial stale unavailable or malformed inventory scanner registry build or deployment evidence is interpreted as current or remediated.,partial rollout rollback hidden environment or stale observation leaving the vulnerable artifact active,one replacement succeeds and the case closes while another environment still runs the old digest,new artifact success and old artifact removal are independent claims and both are needed to reduce runtime exposure,controls/governance-operations/deployed-artifact-refresh/secure/policy.json; controls/governance-operations/deployed-artifact-refresh/secure/case-remediated.json; controls/governance-operations/deployed-artifact-refresh/secure/case-not-affected.json; controls/governance-operations/deployed-artifact-refresh/secure/case-in-progress.json; controls/governance-operations/deployed-artifact-refresh/scripts/verify.py,fresh complete post-deployment observations prove zero active instances of the affected digest across the original inventory scope,incident-response,deployment-inventory; remediation-closure,hybrid,compare the complete original scope with fresh post-replacement observations and deny any active old digest or missing target,all targets show admitted replacement and no old digest before REMEDIATED,exact old-digest negative inventory result; complete target migration receipt,,,,,,,,"mitre-attack v19.1 / T1195.002 / mitigates / medium; nist-ssdf 1.1 (SP 800-218, 2022) / RV.2.1 / supports / high",reviewed,Offline fixtures do not prove complete live deployment scanner registry build or admission evidence.; A fresh rebuild can contain a new vulnerability or malicious change and still requires the existing build release and admission controls.; Support age alone does not prove vulnerability and a valid signature does not prove current safety.; The reference policy uses synthetic timestamps and deadlines and is not an organization SLA.; Repository output excludes raw vulnerability exploit customer credential and internal endpoint data.; Emergency rollback can temporarily reintroduce an old digest only through a separately governed organization decision not implemented here.,,,,,,,
PSB-GOV-005,PSB-GOV-005-DAR-007,governance-operations,Close vulnerable deployed artifact rebuild and replacement decisions,controls/governance-operations/deployed-artifact-refresh/README.md,exact deployed artifactとSBOMをcurrent vulnerability／support evidenceへ結び、期限付きrebuild、new digestのrelease／admission、旧digest非稼働までを一つのfreshness caseとしてfail-closedで検証する。,Evaluation states and evidence failures remain distinct and sanitized,detect; verify; respond; govern,DEPLOYED-ARTIFACT-STALE-RISK: A previously valid artifact remains deployed after dependency base-image support or vulnerability evidence makes it unsafe.; REBUILD-DECISION-GAP: An affected deployment is identified but receives no owned bounded rebuild or replacement decision.; REPLACEMENT-IDENTITY-BREAK: A replacement is built or deployed without preserving source build release SBOM and admission identity.; OLD-ARTIFACT-PERSISTENCE: A new artifact is deployed while one active environment still runs the vulnerable old digest.; ARTIFACT-FRESHNESS-FAIL-OPEN: Partial stale unavailable or malformed inventory scanner registry build or deployment evidence is interpreted as current or remediated.,collector outage parser regression malicious report payload or user with broader access to raw incident data,failed evidence appears remediated or durable output exposes credentials exploit content customer data or internal endpoints,operators must repair uncertain evidence instead of closing risk and governance output must not widen sensitive-data access,controls/governance-operations/deployed-artifact-refresh/secure/policy.json; controls/governance-operations/deployed-artifact-refresh/secure/case-remediated.json; controls/governance-operations/deployed-artifact-refresh/secure/case-not-affected.json; controls/governance-operations/deployed-artifact-refresh/secure/case-in-progress.json; controls/governance-operations/deployed-artifact-refresh/scripts/verify.py,NOT_AFFECTED IN_PROGRESS OVERDUE REMEDIATED FINDING and ERROR are distinct and output excludes sensitive values,security,refresh-evaluator; governance-evidence,automated,exercise affected not-affected in-progress overdue remediated partial stale malformed unavailable and sensitive fixtures,semantic findings return FAIL evidence problems return ERROR and protected values never appear in output,expected-results outputs; sensitive and evidence-error negative tests,,,,,,,,"nist-ssdf 1.1 (SP 800-218, 2022) / RV.1.1 / supports / high",reviewed,Offline fixtures do not prove complete live deployment scanner registry build or admission evidence.; A fresh rebuild can contain a new vulnerability or malicious change and still requires the existing build release and admission controls.; Support age alone does not prove vulnerability and a valid signature does not prove current safety.; The reference policy uses synthetic timestamps and deadlines and is not an organization SLA.; Repository output excludes raw vulnerability exploit customer credential and internal endpoint data.; Emergency rollback can temporarily reintroduce an old digest only through a separately governed organization decision not implemented here.,,,,,,,
