Control ID,Check ID,Domain,Control Title,Control Path,Control Summary,Check Title,Security Functions,Threat Scenarios,Secure Examples,Required State,Responsible Role,Applies To,Verification Type,Verification Method,Expected Result,Required Evidence,Assessment Command,Assessment Platforms,SLSA Track,SLSA Requirement Levels,SLSA Minimum Level,SLSA Responsibility,SLSA Build L2 Scope,Framework Mappings,Mapping Status,Limitations,Implementation Status,Assessment Result,Evidence URL,Assignee,Due Date,Exception ID,Notes
PSB-BUILD-001,PSB-BUILD-001-BLD-001,build-security,dependency buildを権限・credential・networkから隔離する,controls/build-security/build-containment/README.md,Untrusted buildをdeploy権限から分離し、ephemeral sandbox、least privilege、default-deny egress、telemetryを検証する。,Untrusted build has no credential or write permission,prevent; detect; verify,BUILD-DEPENDENCY-CREDENTIAL-EXFILTRATION: Compromised dependencyまたはbuild scriptがCI credential、source、artifactを外部へ送信する。; BUILD-TO-DEPLOY-PRIVILEGE-ESCALATION: Untrusted sourceを実行するjobがdeploy権限またはproduction environmentへ到達する。,controls/build-security/build-containment/secure/build-plan.json,credential-free and read-only control-plane access,build-platform,build-environment,automated,make verify-control CONTROL=PSB-BUILD-001,untrusted build plans with credentials or write permissions are rejected,sanitized verifier output,,,build,L3,3,build-platform,excluded-higher-level,"nist-ssdf 1.1 (SP 800-218, 2022) / PW.6.1 / supports / high; openssf-osps-baseline 2026.02.19 / OSPS-BR-01.03 / verifies / high; slsa 1.2 / build-track-basics#build-l3-hardened-builds / supports / medium",reviewed,Reference JSONはrunner sandboxまたはnetwork firewall自体を構築しない。; SLSA Build levelの正式assessmentやcomplianceを証明しない。; 許可endpoint、runner control plane、telemetry backendの侵害は別途対策が必要である。; Policy verifierまたはtelemetry失敗をcleanな結果として扱ってはいけない。,,,,,,,
PSB-BUILD-001,PSB-BUILD-001-BLD-002,build-security,dependency buildを権限・credential・networkから隔離する,controls/build-security/build-containment/README.md,Untrusted buildをdeploy権限から分離し、ephemeral sandbox、least privilege、default-deny egress、telemetryを検証する。,Build and deploy use separate trust boundaries,prevent; detect; verify,BUILD-DEPENDENCY-CREDENTIAL-EXFILTRATION: Compromised dependencyまたはbuild scriptがCI credential、source、artifactを外部へ送信する。; BUILD-TO-DEPLOY-PRIVILEGE-ESCALATION: Untrusted sourceを実行するjobがdeploy権限またはproduction environmentへ到達する。,controls/build-security/build-containment/secure/build-plan.json,artifact-only handoff between build and deploy,build-platform,build-environment; deployment-pipeline,automated,make verify-control CONTROL=PSB-BUILD-001,build cannot directly use deploy privileges,sanitized verifier output; build and deploy job definition,,,build,L3,3,build-platform,excluded-higher-level,"nist-ssdf 1.1 (SP 800-218, 2022) / PW.6.1 / supports / high; openssf-osps-baseline 2026.02.19 / OSPS-BR-01.03 / verifies / high; slsa 1.2 / build-track-basics#build-l3-hardened-builds / supports / medium",reviewed,Reference JSONはrunner sandboxまたはnetwork firewall自体を構築しない。; SLSA Build levelの正式assessmentやcomplianceを証明しない。; 許可endpoint、runner control plane、telemetry backendの侵害は別途対策が必要である。; Policy verifierまたはtelemetry失敗をcleanな結果として扱ってはいけない。,,,,,,,
PSB-BUILD-001,PSB-BUILD-001-BLD-003,build-security,dependency buildを権限・credential・networkから隔離する,controls/build-security/build-containment/README.md,Untrusted buildをdeploy権限から分離し、ephemeral sandbox、least privilege、default-deny egress、telemetryを検証する。,Build egress is default deny,prevent; detect; verify,BUILD-DEPENDENCY-CREDENTIAL-EXFILTRATION: Compromised dependencyまたはbuild scriptがCI credential、source、artifactを外部へ送信する。; BUILD-TO-DEPLOY-PRIVILEGE-ESCALATION: Untrusted sourceを実行するjobがdeploy権限またはproduction environmentへ到達する。,controls/build-security/build-containment/secure/build-plan.json,credential-free HTTPS origin allowlist,build-platform,build-network,automated,make verify-control CONTROL=PSB-BUILD-001,broad or credential-bearing egress is rejected,sanitized verifier output; egress policy,,,,,,,,"nist-ssdf 1.1 (SP 800-218, 2022) / PW.6.1 / supports / high",reviewed,Reference JSONはrunner sandboxまたはnetwork firewall自体を構築しない。; SLSA Build levelの正式assessmentやcomplianceを証明しない。; 許可endpoint、runner control plane、telemetry backendの侵害は別途対策が必要である。; Policy verifierまたはtelemetry失敗をcleanな結果として扱ってはいけない。,,,,,,,
PSB-BUILD-001,PSB-BUILD-001-BLD-004,build-security,dependency buildを権限・credential・networkから隔離する,controls/build-security/build-containment/README.md,Untrusted buildをdeploy権限から分離し、ephemeral sandbox、least privilege、default-deny egress、telemetryを検証する。,Untrusted build runs in an ephemeral restricted sandbox,prevent; detect; verify,BUILD-DEPENDENCY-CREDENTIAL-EXFILTRATION: Compromised dependencyまたはbuild scriptがCI credential、source、artifactを外部へ送信する。; BUILD-TO-DEPLOY-PRIVILEGE-ESCALATION: Untrusted sourceを実行するjobがdeploy権限またはproduction environmentへ到達する。,controls/build-security/build-containment/secure/build-plan.json,ephemeral non-root read-only sandbox,build-platform,build-environment,automated,make verify-control CONTROL=PSB-BUILD-001,persistent privileged or writable sandboxes are rejected,sanitized verifier output; runner policy,,,build,L3,3,build-platform,excluded-higher-level,"nist-ssdf 1.1 (SP 800-218, 2022) / PW.6.1 / supports / high; slsa 1.2 / build-track-basics#build-l3-hardened-builds / supports / medium",reviewed,Reference JSONはrunner sandboxまたはnetwork firewall自体を構築しない。; SLSA Build levelの正式assessmentやcomplianceを証明しない。; 許可endpoint、runner control plane、telemetry backendの侵害は別途対策が必要である。; Policy verifierまたはtelemetry失敗をcleanな結果として扱ってはいけない。,,,,,,,
PSB-BUILD-001,PSB-BUILD-001-BLD-005,build-security,dependency buildを権限・credential・networkから隔離する,controls/build-security/build-containment/README.md,Untrusted buildをdeploy権限から分離し、ephemeral sandbox、least privilege、default-deny egress、telemetryを検証する。,Build process and network activity is observable,prevent; detect; verify,BUILD-DEPENDENCY-CREDENTIAL-EXFILTRATION: Compromised dependencyまたはbuild scriptがCI credential、source、artifactを外部へ送信する。; BUILD-TO-DEPLOY-PRIVILEGE-ESCALATION: Untrusted sourceを実行するjobがdeploy権限またはproduction environmentへ到達する。,controls/build-security/build-containment/secure/build-plan.json,process and network telemetry required,security,build-environment,hybrid,verify the reference policy and inspect the telemetry integration,policy requires telemetry and the production backend records it,sanitized verifier output; telemetry policy and sample event,,,,,,,,"nist-ssdf 1.1 (SP 800-218, 2022) / PW.6.1 / supports / high",reviewed,Reference JSONはrunner sandboxまたはnetwork firewall自体を構築しない。; SLSA Build levelの正式assessmentやcomplianceを証明しない。; 許可endpoint、runner control plane、telemetry backendの侵害は別途対策が必要である。; Policy verifierまたはtelemetry失敗をcleanな結果として扱ってはいけない。,,,,,,,
PSB-BUILD-001,PSB-BUILD-001-BLD-006,build-security,dependency buildを権限・credential・networkから隔離する,controls/build-security/build-containment/README.md,Untrusted buildをdeploy権限から分離し、ephemeral sandbox、least privilege、default-deny egress、telemetryを検証する。,Build-policy verification fails closed,prevent; detect; verify,BUILD-DEPENDENCY-CREDENTIAL-EXFILTRATION: Compromised dependencyまたはbuild scriptがCI credential、source、artifactを外部へ送信する。; BUILD-TO-DEPLOY-PRIVILEGE-ESCALATION: Untrusted sourceを実行するjobがdeploy権限またはproduction environmentへ到達する。,controls/build-security/build-containment/secure/build-plan.json,invalid or missing input is an error rather than clean,build-platform,build-verifier,automated,make verify-control CONTROL=PSB-BUILD-001,malformed and missing input use a distinct non-zero result,negative-test output,,,,,,,,openssf-osps-baseline 2026.02.19 / OSPS-BR-01.03 / verifies / high,reviewed,Reference JSONはrunner sandboxまたはnetwork firewall自体を構築しない。; SLSA Build levelの正式assessmentやcomplianceを証明しない。; 許可endpoint、runner control plane、telemetry backendの侵害は別途対策が必要である。; Policy verifierまたはtelemetry失敗をcleanな結果として扱ってはいけない。,,,,,,,
PSB-CICD-001,PSB-CICD-001-ACT-001,cicd-security,Pin external GitHub Actions and reusable workflows to immutable commits,controls/cicd-security/action-sha-pinning/README.md,Prevent reviewed workflow dependencies from silently changing through mutable Git references.,External GitHub Actions use full commit SHAs,prevent; verify,SUPPLY-CHAIN-MUTABLE-ACTION: A mutable Action or reusable workflow reference is moved or compromised and executes code that was not reviewed.,controls/cicd-security/action-sha-pinning/secure/workflow.yml; controls/cicd-security/action-sha-pinning/secure/local-action/action.yml,full 40-character commit SHA,repository-admin,ci-workflow,automated,make verify-control CONTROL=PSB-CICD-001,external Action references without a full SHA are rejected,sanitized verifier output,,,,,,,,"github-security-guidance github/docs@b17436de8f10c3e7f6a185d6813bf94bc82d22f8 (2026-07-24) / GHAS-REF-SECURE-USE / supports / high; mitre-attack v19.1 / T1195.001 / mitigates / medium; nist-ssdf 1.1 (SP 800-218, 2022) / PW.4.1 / supports / medium",reviewed,A pinned commit can already contain malicious or vulnerable code and must still be reviewed.; The verifier checks immutable reference syntax but does not prove that a SHA belongs to the named upstream repository.; Nested dependencies inside an Action or reusable workflow are outside this local verifier's scope.; Pinning prevents automatic security updates so controlled update automation and review remain necessary.; Repository organization or enterprise enforcement must be configured separately and may apply different rules to reusable workflows.,,,,,,,
PSB-CICD-001,PSB-CICD-001-ACT-002,cicd-security,Pin external GitHub Actions and reusable workflows to immutable commits,controls/cicd-security/action-sha-pinning/README.md,Prevent reviewed workflow dependencies from silently changing through mutable Git references.,External reusable workflows use full commit SHAs,prevent; verify,SUPPLY-CHAIN-MUTABLE-ACTION: A mutable Action or reusable workflow reference is moved or compromised and executes code that was not reviewed.,controls/cicd-security/action-sha-pinning/secure/workflow.yml; controls/cicd-security/action-sha-pinning/secure/local-action/action.yml,full 40-character commit SHA,repository-admin,ci-workflow,automated,make verify-control CONTROL=PSB-CICD-001,external reusable workflow references without a full SHA are rejected,sanitized verifier output,,,,,,,,"github-security-guidance github/docs@b17436de8f10c3e7f6a185d6813bf94bc82d22f8 (2026-07-24) / GHAS-REF-SECURE-USE / supports / high; mitre-attack v19.1 / T1195.001 / mitigates / medium; nist-ssdf 1.1 (SP 800-218, 2022) / PW.4.1 / supports / medium",reviewed,A pinned commit can already contain malicious or vulnerable code and must still be reviewed.; The verifier checks immutable reference syntax but does not prove that a SHA belongs to the named upstream repository.; Nested dependencies inside an Action or reusable workflow are outside this local verifier's scope.; Pinning prevents automatic security updates so controlled update automation and review remain necessary.; Repository organization or enterprise enforcement must be configured separately and may apply different rules to reusable workflows.,,,,,,,
PSB-CICD-001,PSB-CICD-001-ACT-003,cicd-security,Pin external GitHub Actions and reusable workflows to immutable commits,controls/cicd-security/action-sha-pinning/README.md,Prevent reviewed workflow dependencies from silently changing through mutable Git references.,Docker-based Actions use immutable image digests,prevent; verify,SUPPLY-CHAIN-MUTABLE-ACTION: A mutable Action or reusable workflow reference is moved or compromised and executes code that was not reviewed.,controls/cicd-security/action-sha-pinning/secure/workflow.yml; controls/cicd-security/action-sha-pinning/secure/local-action/action.yml,sha256 image digest,repository-admin,ci-workflow,automated,make verify-control CONTROL=PSB-CICD-001,Docker image tags and unpinned images are rejected,sanitized verifier output,,,,,,,,"mitre-attack v19.1 / T1195.001 / mitigates / medium; nist-ssdf 1.1 (SP 800-218, 2022) / PW.4.1 / supports / medium",reviewed,A pinned commit can already contain malicious or vulnerable code and must still be reviewed.; The verifier checks immutable reference syntax but does not prove that a SHA belongs to the named upstream repository.; Nested dependencies inside an Action or reusable workflow are outside this local verifier's scope.; Pinning prevents automatic security updates so controlled update automation and review remain necessary.; Repository organization or enterprise enforcement must be configured separately and may apply different rules to reusable workflows.,,,,,,,
PSB-CICD-001,PSB-CICD-001-ACT-004,cicd-security,Pin external GitHub Actions and reusable workflows to immutable commits,controls/cicd-security/action-sha-pinning/README.md,Prevent reviewed workflow dependencies from silently changing through mutable Git references.,Mutable and dynamic workflow references are rejected,prevent; verify,SUPPLY-CHAIN-MUTABLE-ACTION: A mutable Action or reusable workflow reference is moved or compromised and executes code that was not reviewed.,controls/cicd-security/action-sha-pinning/secure/workflow.yml; controls/cicd-security/action-sha-pinning/secure/local-action/action.yml,no tag branch short SHA or dynamic external reference,repository-admin,ci-workflow,automated,make verify-control CONTROL=PSB-CICD-001,all mutable reference fixtures fail validation,negative-test output,,,,,,,,"github-security-guidance github/docs@b17436de8f10c3e7f6a185d6813bf94bc82d22f8 (2026-07-24) / GHAS-REF-SECURE-USE / supports / high; mitre-attack v19.1 / T1195.001 / mitigates / medium; nist-ssdf 1.1 (SP 800-218, 2022) / PW.4.1 / supports / medium",reviewed,A pinned commit can already contain malicious or vulnerable code and must still be reviewed.; The verifier checks immutable reference syntax but does not prove that a SHA belongs to the named upstream repository.; Nested dependencies inside an Action or reusable workflow are outside this local verifier's scope.; Pinning prevents automatic security updates so controlled update automation and review remain necessary.; Repository organization or enterprise enforcement must be configured separately and may apply different rules to reusable workflows.,,,,,,,
PSB-CICD-001,PSB-CICD-001-ACT-005,cicd-security,Pin external GitHub Actions and reusable workflows to immutable commits,controls/cicd-security/action-sha-pinning/README.md,Prevent reviewed workflow dependencies from silently changing through mutable Git references.,Reference verification failures are distinct from policy findings,prevent; verify,SUPPLY-CHAIN-MUTABLE-ACTION: A mutable Action or reusable workflow reference is moved or compromised and executes code that was not reviewed.,controls/cicd-security/action-sha-pinning/secure/workflow.yml; controls/cicd-security/action-sha-pinning/secure/local-action/action.yml,verifier errors and policy violations use different exit states,repository-admin,ci-verifier,automated,make verify-control CONTROL=PSB-CICD-001,execution errors cannot be interpreted as clean results,negative-test output,,,,,,,,UNMAPPED — framework review required,unmapped,A pinned commit can already contain malicious or vulnerable code and must still be reviewed.; The verifier checks immutable reference syntax but does not prove that a SHA belongs to the named upstream repository.; Nested dependencies inside an Action or reusable workflow are outside this local verifier's scope.; Pinning prevents automatic security updates so controlled update automation and review remain necessary.; Repository organization or enterprise enforcement must be configured separately and may apply different rules to reusable workflows.,,,,,,,
PSB-CICD-002,PSB-CICD-002-INJ-001,cicd-security,Prevent GitHub Actions command injection from direct expression interpolation,controls/cicd-security/actions-command-injection/README.md,Keep attacker-influenced GitHub Actions expressions out of generated runner shell scripts.,Runner scripts do not directly interpolate Actions expressions,prevent; verify,CI-UNTRUSTED-CONTEXT-COMMAND-INJECTION: An attacker-controlled event field or workflow value is substituted directly into a run script and interpreted as shell commands.,controls/cicd-security/actions-command-injection/secure/workflow.yml,no direct expression interpolation in run scalars,developer,ci-workflow,automated,make verify-control CONTROL=PSB-CICD-002,direct expressions in executable run fields are rejected,sanitized verifier output,,,,,,,,github-security-guidance github/docs@b17436de8f10c3e7f6a185d6813bf94bc82d22f8 (2026-07-24) / GHAS-CONCEPT-SCRIPT-INJECTIONS / mitigates / high; github-security-guidance github/docs@b17436de8f10c3e7f6a185d6813bf94bc82d22f8 (2026-07-24) / GHAS-REF-SECURE-USE / supports / high; openssf-osps-baseline 2026.02.19 / OSPS-BR-01.01 / verifies / high,reviewed,The verifier prohibits all direct expressions in run scalars and therefore rejects some constrained values that may not be attacker-controlled.; Passing data through env is insufficient if shell variables are unquoted or later evaluated as code.; Indirect taint through generated files repository scripts Actions outputs or third-party Actions requires separate analysis.; Composite Actions and invoked scripts are outside this workflow-only verifier scope.; Unsupported YAML forms fail as verifier errors rather than clean results.,,,,,,,
PSB-CICD-002,PSB-CICD-002-INJ-002,cicd-security,Prevent GitHub Actions command injection from direct expression interpolation,controls/cicd-security/actions-command-injection/README.md,Keep attacker-influenced GitHub Actions expressions out of generated runner shell scripts.,Untrusted workflow values cross the shell boundary through environment variables,prevent; verify,CI-UNTRUSTED-CONTEXT-COMMAND-INJECTION: An attacker-controlled event field or workflow value is substituted directly into a run script and interpreted as shell commands.,controls/cicd-security/actions-command-injection/secure/workflow.yml,expression assigned to env and safely consumed as data,developer,ci-workflow,automated,make verify-control CONTROL=PSB-CICD-002,the reviewed environment-variable pattern is accepted,sanitized verifier output,,,,,,,,github-security-guidance github/docs@b17436de8f10c3e7f6a185d6813bf94bc82d22f8 (2026-07-24) / GHAS-REF-SECURE-USE / supports / high; openssf-osps-baseline 2026.02.19 / OSPS-BR-01.01 / verifies / high,reviewed,The verifier prohibits all direct expressions in run scalars and therefore rejects some constrained values that may not be attacker-controlled.; Passing data through env is insufficient if shell variables are unquoted or later evaluated as code.; Indirect taint through generated files repository scripts Actions outputs or third-party Actions requires separate analysis.; Composite Actions and invoked scripts are outside this workflow-only verifier scope.; Unsupported YAML forms fail as verifier errors rather than clean results.,,,,,,,
PSB-CICD-002,PSB-CICD-002-INJ-003,cicd-security,Prevent GitHub Actions command injection from direct expression interpolation,controls/cicd-security/actions-command-injection/README.md,Keep attacker-influenced GitHub Actions expressions out of generated runner shell scripts.,Non-executable expression fields are not reported as shell injection,prevent; verify,CI-UNTRUSTED-CONTEXT-COMMAND-INJECTION: An attacker-controlled event field or workflow value is substituted directly into a run script and interpreted as shell commands.,controls/cicd-security/actions-command-injection/secure/workflow.yml,context-aware analysis of executable fields,repository-admin,ci-verifier,automated,make verify-control CONTROL=PSB-CICD-002,concurrency expressions are not treated as runner shell source,positive-test output,,,,,,,,UNMAPPED — framework review required,unmapped,The verifier prohibits all direct expressions in run scalars and therefore rejects some constrained values that may not be attacker-controlled.; Passing data through env is insufficient if shell variables are unquoted or later evaluated as code.; Indirect taint through generated files repository scripts Actions outputs or third-party Actions requires separate analysis.; Composite Actions and invoked scripts are outside this workflow-only verifier scope.; Unsupported YAML forms fail as verifier errors rather than clean results.,,,,,,,
PSB-CICD-002,PSB-CICD-002-INJ-004,cicd-security,Prevent GitHub Actions command injection from direct expression interpolation,controls/cicd-security/actions-command-injection/README.md,Keep attacker-influenced GitHub Actions expressions out of generated runner shell scripts.,Workflow parsing failures are distinct from clean analysis,prevent; verify,CI-UNTRUSTED-CONTEXT-COMMAND-INJECTION: An attacker-controlled event field or workflow value is substituted directly into a run script and interpreted as shell commands.,controls/cicd-security/actions-command-injection/secure/workflow.yml,unsupported or malformed YAML produces an error,repository-admin,ci-verifier,automated,make verify-control CONTROL=PSB-CICD-002,parser errors cannot be interpreted as no findings,negative-test output,,,,,,,,UNMAPPED — framework review required,unmapped,The verifier prohibits all direct expressions in run scalars and therefore rejects some constrained values that may not be attacker-controlled.; Passing data through env is insufficient if shell variables are unquoted or later evaluated as code.; Indirect taint through generated files repository scripts Actions outputs or third-party Actions requires separate analysis.; Composite Actions and invoked scripts are outside this workflow-only verifier scope.; Unsupported YAML forms fail as verifier errors rather than clean results.,,,,,,,
PSB-CICD-003,PSB-CICD-003-SAS-001,cicd-security,Statically analyze GitHub Actions workflows with a pinned scanner,controls/cicd-security/actions-static-analysis/README.md,Detect actionable workflow weaknesses with pinned zizmor checks while separating untrusted pull-request gating from privileged SARIF upload.,Workflow scanner and Action are immutable and integrity-bound,detect; verify,CI-WORKFLOW-WEAKNESS-REACHES-DEFAULT-BRANCH: A workflow change introduces command injection mutable dependencies dangerous triggers or excessive permissions and is merged without an automated security signal.; CI-SCANNER-FAILURE-MISREAD-AS-CLEAN: A failed or malformed static-analysis run is treated as if it produced zero findings.,controls/cicd-security/actions-static-analysis/secure/workflow.yml; controls/cicd-security/actions-static-analysis/secure/clean.sarif,pinned scanner version and full Action commit SHA,repository-admin,ci-workflow,automated,make verify-control CONTROL=PSB-CICD-003,mutable scanner dependencies are rejected,sanitized verifier output,,,,,,,,github-security-guidance github/docs@b17436de8f10c3e7f6a185d6813bf94bc82d22f8 (2026-07-24) / GHAS-REF-SECURE-USE / supports / high,reviewed,Static rules cannot prove that effective token permissions are minimal for the commands a job actually executes.; Environment protection rules rulesets repository settings and action-specific input semantics require separate review.; Offline audits intentionally omit checks that require GitHub API access.; SARIF upload alone is not a merge gate and requires code-scanning merge protection when used as an enforcement signal.; The pinned scanner and Action still require periodic review before intentional upgrades.,,,,,,,
PSB-CICD-003,PSB-CICD-003-SAS-002,cicd-security,Statically analyze GitHub Actions workflows with a pinned scanner,controls/cicd-security/actions-static-analysis/README.md,Detect actionable workflow weaknesses with pinned zizmor checks while separating untrusted pull-request gating from privileged SARIF upload.,Pull requests are gated by an unprivileged scanner job,detect; verify,CI-WORKFLOW-WEAKNESS-REACHES-DEFAULT-BRANCH: A workflow change introduces command injection mutable dependencies dangerous triggers or excessive permissions and is merged without an automated security signal.; CI-SCANNER-FAILURE-MISREAD-AS-CLEAN: A failed or malformed static-analysis run is treated as if it produced zero findings.,controls/cicd-security/actions-static-analysis/secure/workflow.yml; controls/cicd-security/actions-static-analysis/secure/clean.sarif,untrusted pull-request scan has no privileged credentials,repository-admin,ci-workflow,hybrid,verify the workflow fixture and inspect required merge checks,scanner findings block merge without privileged pull-request execution,sanitized verifier output; repository ruleset evidence,,,,,,,,github-security-guidance github/docs@b17436de8f10c3e7f6a185d6813bf94bc82d22f8 (2026-07-24) / GHAS-REF-SECURE-USE / supports / high; openssf-osps-baseline 2026.02.19 / OSPS-VM-06.02 / supports / medium,reviewed,Static rules cannot prove that effective token permissions are minimal for the commands a job actually executes.; Environment protection rules rulesets repository settings and action-specific input semantics require separate review.; Offline audits intentionally omit checks that require GitHub API access.; SARIF upload alone is not a merge gate and requires code-scanning merge protection when used as an enforcement signal.; The pinned scanner and Action still require periodic review before intentional upgrades.,,,,,,,
PSB-CICD-003,PSB-CICD-003-SAS-003,cicd-security,Statically analyze GitHub Actions workflows with a pinned scanner,controls/cicd-security/actions-static-analysis/README.md,Detect actionable workflow weaknesses with pinned zizmor checks while separating untrusted pull-request gating from privileged SARIF upload.,SARIF write permission is limited to trusted pushes,detect; verify,CI-WORKFLOW-WEAKNESS-REACHES-DEFAULT-BRANCH: A workflow change introduces command injection mutable dependencies dangerous triggers or excessive permissions and is merged without an automated security signal.; CI-SCANNER-FAILURE-MISREAD-AS-CLEAN: A failed or malformed static-analysis run is treated as if it produced zero findings.,controls/cicd-security/actions-static-analysis/secure/workflow.yml; controls/cicd-security/actions-static-analysis/secure/clean.sarif,security-events write only on trusted main-branch push,repository-admin,ci-workflow,automated,make verify-control CONTROL=PSB-CICD-003,untrusted pull-request jobs cannot upload privileged SARIF,sanitized verifier output,,,,,,,,github-security-guidance github/docs@b17436de8f10c3e7f6a185d6813bf94bc82d22f8 (2026-07-24) / GHAS-REF-SECURE-USE / supports / high,reviewed,Static rules cannot prove that effective token permissions are minimal for the commands a job actually executes.; Environment protection rules rulesets repository settings and action-specific input semantics require separate review.; Offline audits intentionally omit checks that require GitHub API access.; SARIF upload alone is not a merge gate and requires code-scanning merge protection when used as an enforcement signal.; The pinned scanner and Action still require periodic review before intentional upgrades.,,,,,,,
PSB-CICD-003,PSB-CICD-003-SAS-004,cicd-security,Statically analyze GitHub Actions workflows with a pinned scanner,controls/cicd-security/actions-static-analysis/README.md,Detect actionable workflow weaknesses with pinned zizmor checks while separating untrusted pull-request gating from privileged SARIF upload.,Clean findings scanner failures and policy findings are distinct,detect; verify,CI-WORKFLOW-WEAKNESS-REACHES-DEFAULT-BRANCH: A workflow change introduces command injection mutable dependencies dangerous triggers or excessive permissions and is merged without an automated security signal.; CI-SCANNER-FAILURE-MISREAD-AS-CLEAN: A failed or malformed static-analysis run is treated as if it produced zero findings.,controls/cicd-security/actions-static-analysis/secure/workflow.yml; controls/cicd-security/actions-static-analysis/secure/clean.sarif,separate fail-closed exit states,repository-admin,ci-verifier,automated,make verify-control CONTROL=PSB-CICD-003,malformed SARIF and scanner errors never report clean,negative-test output,,,,,,,,github-security-guidance github/docs@b17436de8f10c3e7f6a185d6813bf94bc82d22f8 (2026-07-24) / GHAS-REF-SECURE-USE / supports / high; openssf-osps-baseline 2026.02.19 / OSPS-VM-06.02 / supports / medium,reviewed,Static rules cannot prove that effective token permissions are minimal for the commands a job actually executes.; Environment protection rules rulesets repository settings and action-specific input semantics require separate review.; Offline audits intentionally omit checks that require GitHub API access.; SARIF upload alone is not a merge gate and requires code-scanning merge protection when used as an enforcement signal.; The pinned scanner and Action still require periodic review before intentional upgrades.,,,,,,,
PSB-CICD-003,PSB-CICD-003-SAS-005,cicd-security,Statically analyze GitHub Actions workflows with a pinned scanner,controls/cicd-security/actions-static-analysis/README.md,Detect actionable workflow weaknesses with pinned zizmor checks while separating untrusted pull-request gating from privileged SARIF upload.,Adopted workflow matches the reviewed secure workflow,detect; verify,CI-WORKFLOW-WEAKNESS-REACHES-DEFAULT-BRANCH: A workflow change introduces command injection mutable dependencies dangerous triggers or excessive permissions and is merged without an automated security signal.; CI-SCANNER-FAILURE-MISREAD-AS-CLEAN: A failed or malformed static-analysis run is treated as if it produced zero findings.,controls/cicd-security/actions-static-analysis/secure/workflow.yml; controls/cicd-security/actions-static-analysis/secure/clean.sarif,no unreviewed drift from the secure workflow baseline,repository-admin,ci-workflow,automated,make verify-control CONTROL=PSB-CICD-003,the adopted workflow satisfies all reviewed policy assertions,sanitized verifier output,,,,,,,,github-security-guidance github/docs@b17436de8f10c3e7f6a185d6813bf94bc82d22f8 (2026-07-24) / GHAS-REF-SECURE-USE / supports / high; openssf-osps-baseline 2026.02.19 / OSPS-VM-06.02 / supports / medium,reviewed,Static rules cannot prove that effective token permissions are minimal for the commands a job actually executes.; Environment protection rules rulesets repository settings and action-specific input semantics require separate review.; Offline audits intentionally omit checks that require GitHub API access.; SARIF upload alone is not a merge gate and requires code-scanning merge protection when used as an enforcement signal.; The pinned scanner and Action still require periodic review before intentional upgrades.,,,,,,,
PSB-DEPS-001,PSB-DEPS-001-COOL-001,dependency-security,依存パッケージの公開直後採用をrelease cooldownで制御,controls/dependency-security/release-cooldown/README.md,新しいdependency versionの採用を一定期間遅延し、公開直後のsupply-chain compromiseへの露出を減らす。,New dependency releases observe the minimum cooldown,prevent; verify,DEPENDENCY-NEW-RELEASE-COMPROMISE: 侵害されたmaintainerまたはregistryから公開された直後のmalicious versionを開発端末やCIが自動採用する。; DEPENDENCY-COOLDOWN-BYPASS: allowlist外registry、integrity欠落、広すぎる例外、またはmetadata検証失敗によってcooldownが迂回される。,controls/dependency-security/release-cooldown/secure/cooldown-policy.json; controls/dependency-security/release-cooldown/secure/lockfile.json; controls/dependency-security/release-cooldown/secure/registry-metadata.json; controls/dependency-security/release-cooldown/secure/artifacts/stable-lib-1.4.0.artifact; controls/dependency-security/release-cooldown/secure/artifacts/urgent-security-fix-2.0.1.artifact,release age is at least seven days,repository-admin,dependency-update,automated,make verify-control CONTROL=PSB-DEPS-001,releases younger than the policy minimum are rejected,sanitized verifier output,,,,,,,,"mitre-attack v19.1 / T1195.001 / mitigates / medium; nist-ssdf 1.1 (SP 800-218, 2022) / PW.4.1 / supports / medium",reviewed,7日のcooldownは運用baselineであり、packageが安全になることを保証する時間ではない。; 待機期間を過ぎたmalware、長期潜伏、typosquatting、dependency confusionは別controlが必要である。; Metadata snapshotの真正性とregistry自体の非侵害はこのlocal verifierだけでは証明できない。; 緊急security updateでは期限付きexact version例外が必要になる場合がある。; Cooldownはlockfile、integrity、dependency review、SCA、registry制限と組み合わせる必要がある。; Metadata取得または検証器の失敗をcleanな結果として扱ってはいけない。,,,,,,,
PSB-DEPS-001,PSB-DEPS-001-COOL-002,dependency-security,依存パッケージの公開直後採用をrelease cooldownで制御,controls/dependency-security/release-cooldown/README.md,新しいdependency versionの採用を一定期間遅延し、公開直後のsupply-chain compromiseへの露出を減らす。,Urgent dependency exceptions are exact and time bound,prevent; verify,DEPENDENCY-NEW-RELEASE-COMPROMISE: 侵害されたmaintainerまたはregistryから公開された直後のmalicious versionを開発端末やCIが自動採用する。; DEPENDENCY-COOLDOWN-BYPASS: allowlist外registry、integrity欠落、広すぎる例外、またはmetadata検証失敗によってcooldownが迂回される。,controls/dependency-security/release-cooldown/secure/cooldown-policy.json; controls/dependency-security/release-cooldown/secure/lockfile.json; controls/dependency-security/release-cooldown/secure/registry-metadata.json; controls/dependency-security/release-cooldown/secure/artifacts/stable-lib-1.4.0.artifact; controls/dependency-security/release-cooldown/secure/artifacts/urgent-security-fix-2.0.1.artifact,exact version owner reason approver and expiry required,security,dependency-update,automated,make verify-control CONTROL=PSB-DEPS-001,broad incomplete and expired exceptions are rejected,sanitized verifier output; exception approval,,,,,,,,"mitre-attack v19.1 / T1195.001 / mitigates / medium; nist-ssdf 1.1 (SP 800-218, 2022) / PW.4.1 / supports / medium",reviewed,7日のcooldownは運用baselineであり、packageが安全になることを保証する時間ではない。; 待機期間を過ぎたmalware、長期潜伏、typosquatting、dependency confusionは別controlが必要である。; Metadata snapshotの真正性とregistry自体の非侵害はこのlocal verifierだけでは証明できない。; 緊急security updateでは期限付きexact version例外が必要になる場合がある。; Cooldownはlockfile、integrity、dependency review、SCA、registry制限と組み合わせる必要がある。; Metadata取得または検証器の失敗をcleanな結果として扱ってはいけない。,,,,,,,
PSB-DEPS-001,PSB-DEPS-001-COOL-003,dependency-security,依存パッケージの公開直後採用をrelease cooldownで制御,controls/dependency-security/release-cooldown/README.md,新しいdependency versionの採用を一定期間遅延し、公開直後のsupply-chain compromiseへの露出を減らす。,Cooldown policy cannot be weakened below the baseline,prevent; verify,DEPENDENCY-NEW-RELEASE-COMPROMISE: 侵害されたmaintainerまたはregistryから公開された直後のmalicious versionを開発端末やCIが自動採用する。; DEPENDENCY-COOLDOWN-BYPASS: allowlist外registry、integrity欠落、広すぎる例外、またはmetadata検証失敗によってcooldownが迂回される。,controls/dependency-security/release-cooldown/secure/cooldown-policy.json; controls/dependency-security/release-cooldown/secure/lockfile.json; controls/dependency-security/release-cooldown/secure/registry-metadata.json; controls/dependency-security/release-cooldown/secure/artifacts/stable-lib-1.4.0.artifact; controls/dependency-security/release-cooldown/secure/artifacts/urgent-security-fix-2.0.1.artifact,minimum cooldown is seven days,repository-admin,dependency-policy,automated,make verify-control CONTROL=PSB-DEPS-001,shorter cooldown policy values are rejected,negative-test output,,,,,,,,"mitre-attack v19.1 / T1195.001 / mitigates / medium; nist-ssdf 1.1 (SP 800-218, 2022) / PW.4.1 / supports / medium",reviewed,7日のcooldownは運用baselineであり、packageが安全になることを保証する時間ではない。; 待機期間を過ぎたmalware、長期潜伏、typosquatting、dependency confusionは別controlが必要である。; Metadata snapshotの真正性とregistry自体の非侵害はこのlocal verifierだけでは証明できない。; 緊急security updateでは期限付きexact version例外が必要になる場合がある。; Cooldownはlockfile、integrity、dependency review、SCA、registry制限と組み合わせる必要がある。; Metadata取得または検証器の失敗をcleanな結果として扱ってはいけない。,,,,,,,
PSB-DEPS-001,PSB-DEPS-001-COOL-004,dependency-security,依存パッケージの公開直後採用をrelease cooldownで制御,controls/dependency-security/release-cooldown/README.md,新しいdependency versionの採用を一定期間遅延し、公開直後のsupply-chain compromiseへの露出を減らす。,Dependency metadata comes from an approved registry,prevent; verify,DEPENDENCY-NEW-RELEASE-COMPROMISE: 侵害されたmaintainerまたはregistryから公開された直後のmalicious versionを開発端末やCIが自動採用する。; DEPENDENCY-COOLDOWN-BYPASS: allowlist外registry、integrity欠落、広すぎる例外、またはmetadata検証失敗によってcooldownが迂回される。,controls/dependency-security/release-cooldown/secure/cooldown-policy.json; controls/dependency-security/release-cooldown/secure/lockfile.json; controls/dependency-security/release-cooldown/secure/registry-metadata.json; controls/dependency-security/release-cooldown/secure/artifacts/stable-lib-1.4.0.artifact; controls/dependency-security/release-cooldown/secure/artifacts/urgent-security-fix-2.0.1.artifact,credential-free HTTPS registry allowlist,repository-admin,dependency-registry,automated,make verify-control CONTROL=PSB-DEPS-001,metadata from an unapproved registry is rejected,sanitized verifier output,,,,,,,,"nist-ssdf 1.1 (SP 800-218, 2022) / PW.4.1 / supports / medium",reviewed,7日のcooldownは運用baselineであり、packageが安全になることを保証する時間ではない。; 待機期間を過ぎたmalware、長期潜伏、typosquatting、dependency confusionは別controlが必要である。; Metadata snapshotの真正性とregistry自体の非侵害はこのlocal verifierだけでは証明できない。; 緊急security updateでは期限付きexact version例外が必要になる場合がある。; Cooldownはlockfile、integrity、dependency review、SCA、registry制限と組み合わせる必要がある。; Metadata取得または検証器の失敗をcleanな結果として扱ってはいけない。,,,,,,,
PSB-DEPS-001,PSB-DEPS-001-COOL-005,dependency-security,依存パッケージの公開直後採用をrelease cooldownで制御,controls/dependency-security/release-cooldown/README.md,新しいdependency versionの採用を一定期間遅延し、公開直後のsupply-chain compromiseへの露出を減らす。,Cooldown inputs and artifacts are integrity verified,prevent; verify,DEPENDENCY-NEW-RELEASE-COMPROMISE: 侵害されたmaintainerまたはregistryから公開された直後のmalicious versionを開発端末やCIが自動採用する。; DEPENDENCY-COOLDOWN-BYPASS: allowlist外registry、integrity欠落、広すぎる例外、またはmetadata検証失敗によってcooldownが迂回される。,controls/dependency-security/release-cooldown/secure/cooldown-policy.json; controls/dependency-security/release-cooldown/secure/lockfile.json; controls/dependency-security/release-cooldown/secure/registry-metadata.json; controls/dependency-security/release-cooldown/secure/artifacts/stable-lib-1.4.0.artifact; controls/dependency-security/release-cooldown/secure/artifacts/urgent-security-fix-2.0.1.artifact,lockfile metadata and artifact SHA-256 values match,developer,dependency-artifact,automated,make verify-control CONTROL=PSB-DEPS-001,missing or mismatched integrity values are rejected,sanitized verifier output,,,,,,,,"nist-ssdf 1.1 (SP 800-218, 2022) / PW.4.1 / supports / medium",reviewed,7日のcooldownは運用baselineであり、packageが安全になることを保証する時間ではない。; 待機期間を過ぎたmalware、長期潜伏、typosquatting、dependency confusionは別controlが必要である。; Metadata snapshotの真正性とregistry自体の非侵害はこのlocal verifierだけでは証明できない。; 緊急security updateでは期限付きexact version例外が必要になる場合がある。; Cooldownはlockfile、integrity、dependency review、SCA、registry制限と組み合わせる必要がある。; Metadata取得または検証器の失敗をcleanな結果として扱ってはいけない。,,,,,,,
PSB-DEPS-001,PSB-DEPS-001-COOL-006,dependency-security,依存パッケージの公開直後採用をrelease cooldownで制御,controls/dependency-security/release-cooldown/README.md,新しいdependency versionの採用を一定期間遅延し、公開直後のsupply-chain compromiseへの露出を減らす。,Cooldown verification failures are not clean results,prevent; verify,DEPENDENCY-NEW-RELEASE-COMPROMISE: 侵害されたmaintainerまたはregistryから公開された直後のmalicious versionを開発端末やCIが自動採用する。; DEPENDENCY-COOLDOWN-BYPASS: allowlist外registry、integrity欠落、広すぎる例外、またはmetadata検証失敗によってcooldownが迂回される。,controls/dependency-security/release-cooldown/secure/cooldown-policy.json; controls/dependency-security/release-cooldown/secure/lockfile.json; controls/dependency-security/release-cooldown/secure/registry-metadata.json; controls/dependency-security/release-cooldown/secure/artifacts/stable-lib-1.4.0.artifact; controls/dependency-security/release-cooldown/secure/artifacts/urgent-security-fix-2.0.1.artifact,metadata parse and artifact read failures produce an error,repository-admin,dependency-verifier,automated,make verify-control CONTROL=PSB-DEPS-001,input failures use a distinct non-zero result,negative-test output,,,,,,,,UNMAPPED — framework review required,unmapped,7日のcooldownは運用baselineであり、packageが安全になることを保証する時間ではない。; 待機期間を過ぎたmalware、長期潜伏、typosquatting、dependency confusionは別controlが必要である。; Metadata snapshotの真正性とregistry自体の非侵害はこのlocal verifierだけでは証明できない。; 緊急security updateでは期限付きexact version例外が必要になる場合がある。; Cooldownはlockfile、integrity、dependency review、SCA、registry制限と組み合わせる必要がある。; Metadata取得または検証器の失敗をcleanな結果として扱ってはいけない。,,,,,,,
PSB-DEPS-002,PSB-DEPS-002-INS-001,dependency-security,install時の任意コード実行をdefault denyにする,controls/dependency-security/install-script-execution/README.md,dependency install時のlifecycle scriptとsource buildを既定で拒否し、必要な実行だけを限定承認する。,npm and Bun dependency install scripts are disabled,prevent; verify,DEPENDENCY-INSTALL-SCRIPT-EXECUTION: 侵害または偽装されたdependencyのinstall scriptやsource build backendが開発端末またはCI権限で任意コードを実行する。; DEPENDENCY-BUILD-ALLOWLIST-BYPASS: fail-open設定、broad allowlist、期限切れ例外、またはsdist fallbackによってinstall-time code executionの拒否が迂回される。,controls/dependency-security/install-script-execution/secure/install-execution-policy.json; controls/dependency-security/install-script-execution/secure/npm/.npmrc; controls/dependency-security/install-script-execution/secure/pnpm/pnpm-workspace.yaml; controls/dependency-security/install-script-execution/secure/bun/bunfig.toml; controls/dependency-security/install-script-execution/secure/pip/requirements.txt,repository-owned configuration denies lifecycle scripts,developer,dependency-install,automated,make verify-control CONTROL=PSB-DEPS-002,npm and Bun profiles that permit install scripts are rejected,sanitized verifier output,,,,,,,,"mitre-attack v19.1 / T1195.001 / mitigates / high; nist-ssdf 1.1 (SP 800-218, 2022) / PW.4.1 / supports / high",reviewed,Install-time executionを止めてもimport、test、compiler plugin、application runtimeでの悪性code実行は防止しない。; Wheel-only installationはsource buildを止めるがwheel内のruntime codeが安全であることは保証しない。; Native buildが必要なdependencyにはcredentialとnetworkを制限した隔離buildおよび期限付き例外が必要になる。; このreferenceのpnpm profileはpnpm 11.xを対象とし、pnpm 10以前の設定を検証しない。; Package manager、registry、lockfile、binary artifact自体の完全性は別途検証する必要がある。; 検証器または設定parseの失敗をcleanな結果として扱ってはいけない。,,,,,,,
PSB-DEPS-002,PSB-DEPS-002-INS-002,dependency-security,install時の任意コード実行をdefault denyにする,controls/dependency-security/install-script-execution/README.md,dependency install時のlifecycle scriptとsource buildを既定で拒否し、必要な実行だけを限定承認する。,pnpm permits only reviewed time-bound builds,prevent; verify,DEPENDENCY-INSTALL-SCRIPT-EXECUTION: 侵害または偽装されたdependencyのinstall scriptやsource build backendが開発端末またはCI権限で任意コードを実行する。; DEPENDENCY-BUILD-ALLOWLIST-BYPASS: fail-open設定、broad allowlist、期限切れ例外、またはsdist fallbackによってinstall-time code executionの拒否が迂回される。,controls/dependency-security/install-script-execution/secure/install-execution-policy.json; controls/dependency-security/install-script-execution/secure/npm/.npmrc; controls/dependency-security/install-script-execution/secure/pnpm/pnpm-workspace.yaml; controls/dependency-security/install-script-execution/secure/bun/bunfig.toml; controls/dependency-security/install-script-execution/secure/pip/requirements.txt,unreviewed builds fail and exact approvals expire,developer,dependency-install,automated,make verify-control CONTROL=PSB-DEPS-002,broad expired or non-exact build approvals are rejected,sanitized verifier output; approved build exception,,,,,,,,"mitre-attack v19.1 / T1195.001 / mitigates / high; nist-ssdf 1.1 (SP 800-218, 2022) / PW.4.1 / supports / high",reviewed,Install-time executionを止めてもimport、test、compiler plugin、application runtimeでの悪性code実行は防止しない。; Wheel-only installationはsource buildを止めるがwheel内のruntime codeが安全であることは保証しない。; Native buildが必要なdependencyにはcredentialとnetworkを制限した隔離buildおよび期限付き例外が必要になる。; このreferenceのpnpm profileはpnpm 11.xを対象とし、pnpm 10以前の設定を検証しない。; Package manager、registry、lockfile、binary artifact自体の完全性は別途検証する必要がある。; 検証器または設定parseの失敗をcleanな結果として扱ってはいけない。,,,,,,,
PSB-DEPS-002,PSB-DEPS-002-INS-003,dependency-security,install時の任意コード実行をdefault denyにする,controls/dependency-security/install-script-execution/README.md,dependency install時のlifecycle scriptとsource buildを既定で拒否し、必要な実行だけを限定承認する。,pip rejects source builds and verifies exact artifacts,prevent; verify,DEPENDENCY-INSTALL-SCRIPT-EXECUTION: 侵害または偽装されたdependencyのinstall scriptやsource build backendが開発端末またはCI権限で任意コードを実行する。; DEPENDENCY-BUILD-ALLOWLIST-BYPASS: fail-open設定、broad allowlist、期限切れ例外、またはsdist fallbackによってinstall-time code executionの拒否が迂回される。,controls/dependency-security/install-script-execution/secure/install-execution-policy.json; controls/dependency-security/install-script-execution/secure/npm/.npmrc; controls/dependency-security/install-script-execution/secure/pnpm/pnpm-workspace.yaml; controls/dependency-security/install-script-execution/secure/bun/bunfig.toml; controls/dependency-security/install-script-execution/secure/pip/requirements.txt,binary-only exact pins with SHA-256 hashes,developer,dependency-install,automated,make verify-control CONTROL=PSB-DEPS-002,source distributions ranges and missing hashes are rejected,sanitized verifier output,,,,,,,,"mitre-attack v19.1 / T1195.001 / mitigates / high; nist-ssdf 1.1 (SP 800-218, 2022) / PW.4.1 / supports / high",reviewed,Install-time executionを止めてもimport、test、compiler plugin、application runtimeでの悪性code実行は防止しない。; Wheel-only installationはsource buildを止めるがwheel内のruntime codeが安全であることは保証しない。; Native buildが必要なdependencyにはcredentialとnetworkを制限した隔離buildおよび期限付き例外が必要になる。; このreferenceのpnpm profileはpnpm 11.xを対象とし、pnpm 10以前の設定を検証しない。; Package manager、registry、lockfile、binary artifact自体の完全性は別途検証する必要がある。; 検証器または設定parseの失敗をcleanな結果として扱ってはいけない。,,,,,,,
PSB-DEPS-002,PSB-DEPS-002-INS-004,dependency-security,install時の任意コード実行をdefault denyにする,controls/dependency-security/install-script-execution/README.md,dependency install時のlifecycle scriptとsource buildを既定で拒否し、必要な実行だけを限定承認する。,Install execution exceptions are narrow and fail closed,prevent; verify,DEPENDENCY-INSTALL-SCRIPT-EXECUTION: 侵害または偽装されたdependencyのinstall scriptやsource build backendが開発端末またはCI権限で任意コードを実行する。; DEPENDENCY-BUILD-ALLOWLIST-BYPASS: fail-open設定、broad allowlist、期限切れ例外、またはsdist fallbackによってinstall-time code executionの拒否が迂回される。,controls/dependency-security/install-script-execution/secure/install-execution-policy.json; controls/dependency-security/install-script-execution/secure/npm/.npmrc; controls/dependency-security/install-script-execution/secure/pnpm/pnpm-workspace.yaml; controls/dependency-security/install-script-execution/secure/bun/bunfig.toml; controls/dependency-security/install-script-execution/secure/pip/requirements.txt,exact reviewed unexpired exceptions only,security,dependency-policy,automated,make verify-control CONTROL=PSB-DEPS-002,broad expired and fail-open exceptions are rejected,negative-test output; exception approval,,,,,,,,"mitre-attack v19.1 / T1195.001 / mitigates / high; nist-ssdf 1.1 (SP 800-218, 2022) / PW.4.1 / supports / high",reviewed,Install-time executionを止めてもimport、test、compiler plugin、application runtimeでの悪性code実行は防止しない。; Wheel-only installationはsource buildを止めるがwheel内のruntime codeが安全であることは保証しない。; Native buildが必要なdependencyにはcredentialとnetworkを制限した隔離buildおよび期限付き例外が必要になる。; このreferenceのpnpm profileはpnpm 11.xを対象とし、pnpm 10以前の設定を検証しない。; Package manager、registry、lockfile、binary artifact自体の完全性は別途検証する必要がある。; 検証器または設定parseの失敗をcleanな結果として扱ってはいけない。,,,,,,,
PSB-DEPS-002,PSB-DEPS-002-INS-005,dependency-security,install時の任意コード実行をdefault denyにする,controls/dependency-security/install-script-execution/README.md,dependency install時のlifecycle scriptとsource buildを既定で拒否し、必要な実行だけを限定承認する。,Install-policy parsing failures are not clean results,prevent; verify,DEPENDENCY-INSTALL-SCRIPT-EXECUTION: 侵害または偽装されたdependencyのinstall scriptやsource build backendが開発端末またはCI権限で任意コードを実行する。; DEPENDENCY-BUILD-ALLOWLIST-BYPASS: fail-open設定、broad allowlist、期限切れ例外、またはsdist fallbackによってinstall-time code executionの拒否が迂回される。,controls/dependency-security/install-script-execution/secure/install-execution-policy.json; controls/dependency-security/install-script-execution/secure/npm/.npmrc; controls/dependency-security/install-script-execution/secure/pnpm/pnpm-workspace.yaml; controls/dependency-security/install-script-execution/secure/bun/bunfig.toml; controls/dependency-security/install-script-execution/secure/pip/requirements.txt,missing or malformed configuration produces an error,developer,dependency-verifier,automated,make verify-control CONTROL=PSB-DEPS-002,input and parse errors use a distinct non-zero result,negative-test output,,,,,,,,UNMAPPED — framework review required,unmapped,Install-time executionを止めてもimport、test、compiler plugin、application runtimeでの悪性code実行は防止しない。; Wheel-only installationはsource buildを止めるがwheel内のruntime codeが安全であることは保証しない。; Native buildが必要なdependencyにはcredentialとnetworkを制限した隔離buildおよび期限付き例外が必要になる。; このreferenceのpnpm profileはpnpm 11.xを対象とし、pnpm 10以前の設定を検証しない。; Package manager、registry、lockfile、binary artifact自体の完全性は別途検証する必要がある。; 検証器または設定parseの失敗をcleanな結果として扱ってはいけない。,,,,,,,
PSB-DEPS-003,PSB-DEPS-003-LOCK-001,dependency-security,lockfileと取得artifactの完全性を強制する,controls/dependency-security/lockfile-integrity/README.md,Frozen dependency graphとmanifest、registry、exact version、artifact integrityの一致を検証する。,Manifest and frozen lockfile dependency graphs match,prevent; verify,DEPENDENCY-LOCKFILE-INTEGRITY-BYPASS: Lockfile書換え、未承認registry、version range、またはartifact差替えによりreview済みdependency graphが迂回される。,controls/dependency-security/lockfile-integrity/secure/policy.json; controls/dependency-security/lockfile-integrity/secure/manifest.json; controls/dependency-security/lockfile-integrity/secure/lockfile.json; controls/dependency-security/lockfile-integrity/secure/artifacts/stable-lib-1.4.0.pkg,identical dependency names and exact versions,developer,dependency-graph,automated,make verify-control CONTROL=PSB-DEPS-003,graph drift and implicit lockfile rewrites are rejected,sanitized verifier output,,,,,,,,"mitre-attack v19.1 / T1195.001 / mitigates / high; nist-ssdf 1.1 (SP 800-218, 2022) / PW.4.1 / supports / high",reviewed,正しいhashはartifactの安全性を証明しない。; 実package manager固有lockfileには個別adapterが必要である。; Registry、package manager、review済みlockfile自体の侵害は別controlが必要である。; 検証器または入力読取失敗をcleanな結果として扱ってはいけない。,,,,,,,
PSB-DEPS-003,PSB-DEPS-003-LOCK-002,dependency-security,lockfileと取得artifactの完全性を強制する,controls/dependency-security/lockfile-integrity/README.md,Frozen dependency graphとmanifest、registry、exact version、artifact integrityの一致を検証する。,Dependency registries use a credential-free HTTPS allowlist,prevent; verify,DEPENDENCY-LOCKFILE-INTEGRITY-BYPASS: Lockfile書換え、未承認registry、version range、またはartifact差替えによりreview済みdependency graphが迂回される。,controls/dependency-security/lockfile-integrity/secure/policy.json; controls/dependency-security/lockfile-integrity/secure/manifest.json; controls/dependency-security/lockfile-integrity/secure/lockfile.json; controls/dependency-security/lockfile-integrity/secure/artifacts/stable-lib-1.4.0.pkg,approved HTTPS registry origins only,repository-admin,dependency-registry,automated,make verify-control CONTROL=PSB-DEPS-003,unapproved registries and credential-bearing URLs are rejected,sanitized verifier output,,,,,,,,"mitre-attack v19.1 / T1195.001 / mitigates / high; nist-ssdf 1.1 (SP 800-218, 2022) / PW.4.1 / supports / high",reviewed,正しいhashはartifactの安全性を証明しない。; 実package manager固有lockfileには個別adapterが必要である。; Registry、package manager、review済みlockfile自体の侵害は別controlが必要である。; 検証器または入力読取失敗をcleanな結果として扱ってはいけない。,,,,,,,
PSB-DEPS-003,PSB-DEPS-003-LOCK-003,dependency-security,lockfileと取得artifactの完全性を強制する,controls/dependency-security/lockfile-integrity/README.md,Frozen dependency graphとmanifest、registry、exact version、artifact integrityの一致を検証する。,Downloaded artifact digest matches the lockfile,prevent; verify,DEPENDENCY-LOCKFILE-INTEGRITY-BYPASS: Lockfile書換え、未承認registry、version range、またはartifact差替えによりreview済みdependency graphが迂回される。,controls/dependency-security/lockfile-integrity/secure/policy.json; controls/dependency-security/lockfile-integrity/secure/manifest.json; controls/dependency-security/lockfile-integrity/secure/lockfile.json; controls/dependency-security/lockfile-integrity/secure/artifacts/stable-lib-1.4.0.pkg,verified SHA-256 for every artifact,developer,dependency-artifact,automated,make verify-control CONTROL=PSB-DEPS-003,modified artifacts and missing integrity values are rejected,sanitized verifier output,,,,,,,,"mitre-attack v19.1 / T1195.001 / mitigates / high; nist-ssdf 1.1 (SP 800-218, 2022) / PW.4.1 / supports / high",reviewed,正しいhashはartifactの安全性を証明しない。; 実package manager固有lockfileには個別adapterが必要である。; Registry、package manager、review済みlockfile自体の侵害は別controlが必要である。; 検証器または入力読取失敗をcleanな結果として扱ってはいけない。,,,,,,,
PSB-DEPS-003,PSB-DEPS-003-LOCK-004,dependency-security,lockfileと取得artifactの完全性を強制する,controls/dependency-security/lockfile-integrity/README.md,Frozen dependency graphとmanifest、registry、exact version、artifact integrityの一致を検証する。,Floating versions and dependency graph changes are rejected,prevent; verify,DEPENDENCY-LOCKFILE-INTEGRITY-BYPASS: Lockfile書換え、未承認registry、version range、またはartifact差替えによりreview済みdependency graphが迂回される。,controls/dependency-security/lockfile-integrity/secure/policy.json; controls/dependency-security/lockfile-integrity/secure/manifest.json; controls/dependency-security/lockfile-integrity/secure/lockfile.json; controls/dependency-security/lockfile-integrity/secure/artifacts/stable-lib-1.4.0.pkg,exact versions and frozen reviewed lockfile,developer,dependency-graph,automated,make verify-control CONTROL=PSB-DEPS-003,version ranges lockfile changes and substitutions fail validation,negative-test output,,,,,,,,"mitre-attack v19.1 / T1195.001 / mitigates / high; nist-ssdf 1.1 (SP 800-218, 2022) / PW.4.1 / supports / high",reviewed,正しいhashはartifactの安全性を証明しない。; 実package manager固有lockfileには個別adapterが必要である。; Registry、package manager、review済みlockfile自体の侵害は別controlが必要である。; 検証器または入力読取失敗をcleanな結果として扱ってはいけない。,,,,,,,
PSB-DEPS-003,PSB-DEPS-003-LOCK-005,dependency-security,lockfileと取得artifactの完全性を強制する,controls/dependency-security/lockfile-integrity/README.md,Frozen dependency graphとmanifest、registry、exact version、artifact integrityの一致を検証する。,Lockfile verification failures are not clean results,prevent; verify,DEPENDENCY-LOCKFILE-INTEGRITY-BYPASS: Lockfile書換え、未承認registry、version range、またはartifact差替えによりreview済みdependency graphが迂回される。,controls/dependency-security/lockfile-integrity/secure/policy.json; controls/dependency-security/lockfile-integrity/secure/manifest.json; controls/dependency-security/lockfile-integrity/secure/lockfile.json; controls/dependency-security/lockfile-integrity/secure/artifacts/stable-lib-1.4.0.pkg,missing unreadable or malformed input produces an error,developer,dependency-verifier,automated,make verify-control CONTROL=PSB-DEPS-003,verifier errors use a distinct non-zero result,negative-test output,,,,,,,,UNMAPPED — framework review required,unmapped,正しいhashはartifactの安全性を証明しない。; 実package manager固有lockfileには個別adapterが必要である。; Registry、package manager、review済みlockfile自体の侵害は別controlが必要である。; 検証器または入力読取失敗をcleanな結果として扱ってはいけない。,,,,,,,
PSB-GOV-001,PSB-GOV-001-INC-001,governance-operations,supply-chain incidentの影響範囲と対応planを即時生成する,controls/governance-operations/supply-chain-incident-readiness/README.md,SBOMとbuild evidenceから汚染packageの影響範囲を逆引きし、承認付きdry-run response planを生成する。,Exact package versions can be traced to affected products,detect; respond; verify; govern,SUPPLY-CHAIN-INCIDENT-UNKNOWN-BLAST-RADIUS: 汚染dependency発覚時に使用repository、build、artifact、credentialを特定できず、containmentと復旧が遅延する。; SUPPLY-CHAIN-RESPONSE-EVIDENCE-LOSS: 証跡保全前のcache削除やcredential失効、未承認の破壊的対応により調査可能性または可用性が損なわれる。,controls/governance-operations/supply-chain-incident-readiness/secure/inventory/application-a.cdx.json; controls/governance-operations/supply-chain-incident-readiness/secure/inventory/application-b.cdx.json; controls/governance-operations/supply-chain-incident-readiness/secure/build-records.json; controls/governance-operations/supply-chain-incident-readiness/secure/runbook.json,repository build and artifact impact is queryable,incident-response,incident-response; sbom-inventory,automated,make verify-control CONTROL=PSB-GOV-001,an exact package version returns all linked repositories builds and artifacts,sanitized impact report,,,,,,,,"mitre-attack v19.1 / T1195.001 / detects / medium; nist-ssdf 1.1 (SP 800-218, 2022) / RV.1.1 / supports / high; nist-ssdf 1.1 (SP 800-218, 2022) / RV.2.1 / supports / high",reviewed,SBOMの完全性と鮮度が不足するとfalse negativeが生じる。; Exact package version照合は侵害の事実を証明しない。; Reference runbookはdry-runのみで外部systemを変更しない。; Scanner inventoryまたはrecord読取失敗をcleanな結果として扱ってはいけない。,,,,,,,
PSB-GOV-001,PSB-GOV-001-INC-002,governance-operations,supply-chain incidentの影響範囲と対応planを即時生成する,controls/governance-operations/supply-chain-incident-readiness/README.md,SBOMとbuild evidenceから汚染packageの影響範囲を逆引きし、承認付きdry-run response planを生成する。,SBOM and build evidence remain integrity linked,detect; respond; verify; govern,SUPPLY-CHAIN-INCIDENT-UNKNOWN-BLAST-RADIUS: 汚染dependency発覚時に使用repository、build、artifact、credentialを特定できず、containmentと復旧が遅延する。; SUPPLY-CHAIN-RESPONSE-EVIDENCE-LOSS: 証跡保全前のcache削除やcredential失効、未承認の破壊的対応により調査可能性または可用性が損なわれる。,controls/governance-operations/supply-chain-incident-readiness/secure/inventory/application-a.cdx.json; controls/governance-operations/supply-chain-incident-readiness/secure/inventory/application-b.cdx.json; controls/governance-operations/supply-chain-incident-readiness/secure/build-records.json; controls/governance-operations/supply-chain-incident-readiness/secure/runbook.json,CycloneDX serial build record and evidence digest match,build-platform,sbom-inventory; build-evidence,automated,make verify-control CONTROL=PSB-GOV-001,incomplete or mismatched inventory records are rejected,sanitized verifier output,,,,,,,,"nist-ssdf 1.1 (SP 800-218, 2022) / RV.1.1 / supports / high",reviewed,SBOMの完全性と鮮度が不足するとfalse negativeが生じる。; Exact package version照合は侵害の事実を証明しない。; Reference runbookはdry-runのみで外部systemを変更しない。; Scanner inventoryまたはrecord読取失敗をcleanな結果として扱ってはいけない。,,,,,,,
PSB-GOV-001,PSB-GOV-001-INC-003,governance-operations,supply-chain incidentの影響範囲と対応planを即時生成する,controls/governance-operations/supply-chain-incident-readiness/README.md,SBOMとbuild evidenceから汚染packageの影響範囲を逆引きし、承認付きdry-run response planを生成する。,Response planning preserves evidence before containment,detect; respond; verify; govern,SUPPLY-CHAIN-INCIDENT-UNKNOWN-BLAST-RADIUS: 汚染dependency発覚時に使用repository、build、artifact、credentialを特定できず、containmentと復旧が遅延する。; SUPPLY-CHAIN-RESPONSE-EVIDENCE-LOSS: 証跡保全前のcache削除やcredential失効、未承認の破壊的対応により調査可能性または可用性が損なわれる。,controls/governance-operations/supply-chain-incident-readiness/secure/inventory/application-a.cdx.json; controls/governance-operations/supply-chain-incident-readiness/secure/inventory/application-b.cdx.json; controls/governance-operations/supply-chain-incident-readiness/secure/build-records.json; controls/governance-operations/supply-chain-incident-readiness/secure/runbook.json,owner-approved dry-run plan begins with evidence preservation,incident-response,incident-response,automated,make verify-control CONTROL=PSB-GOV-001,unsafe destructive or unapproved runbooks are rejected,generated dry-run response plan,,,,,,,,"nist-ssdf 1.1 (SP 800-218, 2022) / RV.2.1 / supports / high",reviewed,SBOMの完全性と鮮度が不足するとfalse negativeが生じる。; Exact package version照合は侵害の事実を証明しない。; Reference runbookはdry-runのみで外部systemを変更しない。; Scanner inventoryまたはrecord読取失敗をcleanな結果として扱ってはいけない。,,,,,,,
PSB-GOV-001,PSB-GOV-001-INC-004,governance-operations,supply-chain incidentの影響範囲と対応planを即時生成する,controls/governance-operations/supply-chain-incident-readiness/README.md,SBOMとbuild evidenceから汚染packageの影響範囲を逆引きし、承認付きdry-run response planを生成する。,Impact detected no impact and verification failure are distinct,detect; respond; verify; govern,SUPPLY-CHAIN-INCIDENT-UNKNOWN-BLAST-RADIUS: 汚染dependency発覚時に使用repository、build、artifact、credentialを特定できず、containmentと復旧が遅延する。; SUPPLY-CHAIN-RESPONSE-EVIDENCE-LOSS: 証跡保全前のcache削除やcredential失効、未承認の破壊的対応により調査可能性または可用性が損なわれる。,controls/governance-operations/supply-chain-incident-readiness/secure/inventory/application-a.cdx.json; controls/governance-operations/supply-chain-incident-readiness/secure/inventory/application-b.cdx.json; controls/governance-operations/supply-chain-incident-readiness/secure/build-records.json; controls/governance-operations/supply-chain-incident-readiness/secure/runbook.json,separate exit states for each assessment outcome,incident-response,incident-response,automated,make verify-control CONTROL=PSB-GOV-001,verification failures can never be interpreted as no impact,negative-test output,,,,,,,,UNMAPPED — framework review required,unmapped,SBOMの完全性と鮮度が不足するとfalse negativeが生じる。; Exact package version照合は侵害の事実を証明しない。; Reference runbookはdry-runのみで外部systemを変更しない。; Scanner inventoryまたはrecord読取失敗をcleanな結果として扱ってはいけない。,,,,,,,
PSB-GOV-001,PSB-GOV-001-INC-005,governance-operations,supply-chain incidentの影響範囲と対応planを即時生成する,controls/governance-operations/supply-chain-incident-readiness/README.md,SBOMとbuild evidenceから汚染packageの影響範囲を逆引きし、承認付きdry-run response planを生成する。,Incomplete inventory and unsafe runbooks fail validation,detect; respond; verify; govern,SUPPLY-CHAIN-INCIDENT-UNKNOWN-BLAST-RADIUS: 汚染dependency発覚時に使用repository、build、artifact、credentialを特定できず、containmentと復旧が遅延する。; SUPPLY-CHAIN-RESPONSE-EVIDENCE-LOSS: 証跡保全前のcache削除やcredential失効、未承認の破壊的対応により調査可能性または可用性が損なわれる。,controls/governance-operations/supply-chain-incident-readiness/secure/inventory/application-a.cdx.json; controls/governance-operations/supply-chain-incident-readiness/secure/inventory/application-b.cdx.json; controls/governance-operations/supply-chain-incident-readiness/secure/build-records.json; controls/governance-operations/supply-chain-incident-readiness/secure/runbook.json,complete integrity-linked inventory and safe runbook,incident-response,incident-response; sbom-inventory,automated,make verify-control CONTROL=PSB-GOV-001,insecure fixtures are rejected,negative-test output,,,,,,,,"nist-ssdf 1.1 (SP 800-218, 2022) / RV.1.1 / supports / high; nist-ssdf 1.1 (SP 800-218, 2022) / RV.2.1 / supports / high",reviewed,SBOMの完全性と鮮度が不足するとfalse negativeが生じる。; Exact package version照合は侵害の事実を証明しない。; Reference runbookはdry-runのみで外部systemを変更しない。; Scanner inventoryまたはrecord読取失敗をcleanな結果として扱ってはいけない。,,,,,,,
PSB-REL-001,PSB-REL-001-REL-001,release-integrity,release署名とProvenanceを期待値に照合する,controls/release-integrity/signature-provenance-verification/README.md,Artifact署名とSLSA provenanceをconsumer-owned signer、builder、source、build expectationへ照合する。,Artifact digest matches the provenance subject,prevent; verify,RELEASE-FORGED-PROVENANCE: 攻撃者がartifactまたはprovenanceを差し替え、誤ったbuilderやsourceから生成されたreleaseを正規品として配布する。; RELEASE-TRUST-DOWNGRADE: 過去に署名・provenanceが存在したartifact familyで信頼signalが欠落または低下する。,controls/release-integrity/signature-provenance-verification/secure/artifact/release.bin; controls/release-integrity/signature-provenance-verification/secure/provenance.json; controls/release-integrity/signature-provenance-verification/secure/signature.b64; controls/release-integrity/signature-provenance-verification/secure/trusted-public-key.pem; controls/release-integrity/signature-provenance-verification/secure/verification-policy.json,exact cryptographic digest correspondence,release-manager,release-artifact; provenance,automated,make verify-control CONTROL=PSB-REL-001,substituted artifacts and mismatched subjects are rejected,sanitized verifier output,,,build,L2,2,consumer,included,"nist-ssdf 1.1 (SP 800-218, 2022) / PS.2.1 / supports / high; openssf-osps-baseline 2026.02.19 / OSPS-BR-06.01 / verifies / high; slsa 1.2 / build-l2#consumer-validates-authenticity / verifies / high; slsa 1.2 / build-provenance / verifies / high",reviewed,このfixtureはSLSA Build levelの正式assessmentまたはcomplianceを証明しない。; Keyless certificate、transparency log、revocation、timestamp検証は実環境adapterが必要である。; Trusted builderまたはsigning key自体の侵害は検出できない。; Crypto verifierの実行失敗をcleanな結果として扱ってはいけない。,,,,,,,
PSB-REL-001,PSB-REL-001-REL-002,release-integrity,release署名とProvenanceを期待値に照合する,controls/release-integrity/signature-provenance-verification/README.md,Artifact署名とSLSA provenanceをconsumer-owned signer、builder、source、build expectationへ照合する。,Provenance signature verifies with the trusted public key,prevent; verify,RELEASE-FORGED-PROVENANCE: 攻撃者がartifactまたはprovenanceを差し替え、誤ったbuilderやsourceから生成されたreleaseを正規品として配布する。; RELEASE-TRUST-DOWNGRADE: 過去に署名・provenanceが存在したartifact familyで信頼signalが欠落または低下する。,controls/release-integrity/signature-provenance-verification/secure/artifact/release.bin; controls/release-integrity/signature-provenance-verification/secure/provenance.json; controls/release-integrity/signature-provenance-verification/secure/signature.b64; controls/release-integrity/signature-provenance-verification/secure/trusted-public-key.pem; controls/release-integrity/signature-provenance-verification/secure/verification-policy.json,valid signature from a consumer-approved signer,release-manager,release-artifact; provenance,automated,make verify-control CONTROL=PSB-REL-001,missing invalid and untrusted signatures are rejected,sanitized verifier output; trusted signer policy,,,build,L2,2,consumer,included,"nist-ssdf 1.1 (SP 800-218, 2022) / PS.2.1 / supports / high; openssf-osps-baseline 2026.02.19 / OSPS-BR-06.01 / verifies / high; slsa 1.2 / build-l2#consumer-validates-authenticity / verifies / high",reviewed,このfixtureはSLSA Build levelの正式assessmentまたはcomplianceを証明しない。; Keyless certificate、transparency log、revocation、timestamp検証は実環境adapterが必要である。; Trusted builderまたはsigning key自体の侵害は検出できない。; Crypto verifierの実行失敗をcleanな結果として扱ってはいけない。,,,,,,,
PSB-REL-001,PSB-REL-001-REL-003,release-integrity,release署名とProvenanceを期待値に照合する,controls/release-integrity/signature-provenance-verification/README.md,Artifact署名とSLSA provenanceをconsumer-owned signer、builder、source、build expectationへ照合する。,Provenance matches consumer-owned build expectations,prevent; verify,RELEASE-FORGED-PROVENANCE: 攻撃者がartifactまたはprovenanceを差し替え、誤ったbuilderやsourceから生成されたreleaseを正規品として配布する。; RELEASE-TRUST-DOWNGRADE: 過去に署名・provenanceが存在したartifact familyで信頼signalが欠落または低下する。,controls/release-integrity/signature-provenance-verification/secure/artifact/release.bin; controls/release-integrity/signature-provenance-verification/secure/provenance.json; controls/release-integrity/signature-provenance-verification/secure/signature.b64; controls/release-integrity/signature-provenance-verification/secure/trusted-public-key.pem; controls/release-integrity/signature-provenance-verification/secure/verification-policy.json,signer builder build type source commit and ref match policy,release-manager,provenance,automated,make verify-control CONTROL=PSB-REL-001,provenance outside the approved build expectation is rejected,sanitized verifier output; verification policy,,,build,,,,related-no-level,"nist-ssdf 1.1 (SP 800-218, 2022) / PS.2.1 / supports / high; slsa 1.2 / build-provenance / verifies / high",reviewed,このfixtureはSLSA Build levelの正式assessmentまたはcomplianceを証明しない。; Keyless certificate、transparency log、revocation、timestamp検証は実環境adapterが必要である。; Trusted builderまたはsigning key自体の侵害は検出できない。; Crypto verifierの実行失敗をcleanな結果として扱ってはいけない。,,,,,,,
PSB-REL-001,PSB-REL-001-REL-004,release-integrity,release署名とProvenanceを期待値に照合する,controls/release-integrity/signature-provenance-verification/README.md,Artifact署名とSLSA provenanceをconsumer-owned signer、builder、source、build expectationへ照合する。,Release trust signals cannot silently downgrade,prevent; verify,RELEASE-FORGED-PROVENANCE: 攻撃者がartifactまたはprovenanceを差し替え、誤ったbuilderやsourceから生成されたreleaseを正規品として配布する。; RELEASE-TRUST-DOWNGRADE: 過去に署名・provenanceが存在したartifact familyで信頼signalが欠落または低下する。,controls/release-integrity/signature-provenance-verification/secure/artifact/release.bin; controls/release-integrity/signature-provenance-verification/secure/provenance.json; controls/release-integrity/signature-provenance-verification/secure/signature.b64; controls/release-integrity/signature-provenance-verification/secure/trusted-public-key.pem; controls/release-integrity/signature-provenance-verification/secure/verification-policy.json,required signature and provenance signals remain present,release-manager,release-artifact,automated,make verify-control CONTROL=PSB-REL-001,absent or weaker trust signals are rejected,negative-test output,,,build,,,,related-no-level,"nist-ssdf 1.1 (SP 800-218, 2022) / PS.2.1 / supports / high; openssf-osps-baseline 2026.02.19 / OSPS-BR-06.01 / verifies / high; slsa 1.2 / build-provenance / verifies / high",reviewed,このfixtureはSLSA Build levelの正式assessmentまたはcomplianceを証明しない。; Keyless certificate、transparency log、revocation、timestamp検証は実環境adapterが必要である。; Trusted builderまたはsigning key自体の侵害は検出できない。; Crypto verifierの実行失敗をcleanな結果として扱ってはいけない。,,,,,,,
PSB-REL-001,PSB-REL-001-REL-005,release-integrity,release署名とProvenanceを期待値に照合する,controls/release-integrity/signature-provenance-verification/README.md,Artifact署名とSLSA provenanceをconsumer-owned signer、builder、source、build expectationへ照合する。,Cryptographic verification failures are not clean results,prevent; verify,RELEASE-FORGED-PROVENANCE: 攻撃者がartifactまたはprovenanceを差し替え、誤ったbuilderやsourceから生成されたreleaseを正規品として配布する。; RELEASE-TRUST-DOWNGRADE: 過去に署名・provenanceが存在したartifact familyで信頼signalが欠落または低下する。,controls/release-integrity/signature-provenance-verification/secure/artifact/release.bin; controls/release-integrity/signature-provenance-verification/secure/provenance.json; controls/release-integrity/signature-provenance-verification/secure/signature.b64; controls/release-integrity/signature-provenance-verification/secure/trusted-public-key.pem; controls/release-integrity/signature-provenance-verification/secure/verification-policy.json,crypto tool and parser failures produce an error,release-manager,release-verifier,automated,make verify-control CONTROL=PSB-REL-001,verifier execution failure uses a distinct non-zero result,negative-test output,,,,,,,,UNMAPPED — framework review required,unmapped,このfixtureはSLSA Build levelの正式assessmentまたはcomplianceを証明しない。; Keyless certificate、transparency log、revocation、timestamp検証は実環境adapterが必要である。; Trusted builderまたはsigning key自体の侵害は検出できない。; Crypto verifierの実行失敗をcleanな結果として扱ってはいけない。,,,,,,,
PSB-SOURCE-001,PSB-SOURCE-001-DEH-001,source-protection,Harden developer endpoints and local trust boundaries,controls/source-protection/developer-endpoint-hardening/README.md,"Protect developer source code, credentials, and local development tools with enforceable endpoint policy requirements.",Credentials are short lived,prevent; detect; verify,"DEV-ENDPOINT-CREDENTIAL-THEFT: A stolen, malware-infected, or over-privileged developer endpoint exposes credentials or source code.; DEV-ENDPOINT-UNTRUSTED-EXECUTION: Untrusted packages, extensions, local services, or AI tools execute with excessive developer privileges.; DEV-ENDPOINT-DATA-EXFILTRATION: Secrets, source code, or sensitive data leave the endpoint through commits, unmanaged services, or unauthorized cloud storage.; DEV-ENDPOINT-IDENTITY-PERSISTENCE: Long-lived credentials or weak identity lifecycle controls preserve access after credential theft or offboarding.",controls/source-protection/developer-endpoint-hardening/secure/endpoint-policy.conf,static credentials replaced by short-lived sessions,shared,developer-endpoint; identity-platform,external-evidence,inspect credential issuance and maximum lifetime policy,routine development access does not depend on long-lived static tokens,identity or source-platform credential policy,make assess-control CONTROL=PSB-SOURCE-001,linux,,,,,,"nist-ssdf 1.1 (SP 800-218, 2022) / PS.3.1 / supports / medium",reviewed,"This control validates a declared policy; it does not prove that an unmanaged endpoint actually enforces every setting.; MDM, EDR, IdP, SWG or CASB, CI scanning, disk encryption, patch compliance, and remote-wipe evidence require organization-specific integrations.; Pre-commit hooks and file-pattern rules are bypassable signals and require repository-side enforcement and content-aware review.; The supplied operational baseline cites source 1 without bibliographic details, so its provenance cannot be independently verified.; A hardened endpoint cannot compensate for a malicious repository, dependency, Skill, MCP server, or editor extension.; Endpoint policy values are examples and must be adapted to the operating system and organization.; The read-only adapter initially supports Linux; unsupported desktops and ambiguous host state remain NOT_CHECKED or ERROR.; Local detection covers known configuration forms and debug ports only; MDM IdP network repository and backup evidence remains authoritative.; Assessment inside a container cloud workspace or agent sandbox may not observe the underlying physical host.",,,,,,,
PSB-SOURCE-001,PSB-SOURCE-001-DEH-002,source-protection,Harden developer endpoints and local trust boundaries,controls/source-protection/developer-endpoint-hardening/README.md,"Protect developer source code, credentials, and local development tools with enforceable endpoint policy requirements.",Credentials use an approved secure store,prevent; detect; verify,"DEV-ENDPOINT-CREDENTIAL-THEFT: A stolen, malware-infected, or over-privileged developer endpoint exposes credentials or source code.; DEV-ENDPOINT-UNTRUSTED-EXECUTION: Untrusted packages, extensions, local services, or AI tools execute with excessive developer privileges.; DEV-ENDPOINT-DATA-EXFILTRATION: Secrets, source code, or sensitive data leave the endpoint through commits, unmanaged services, or unauthorized cloud storage.; DEV-ENDPOINT-IDENTITY-PERSISTENCE: Long-lived credentials or weak identity lifecycle controls preserve access after credential theft or offboarding.",controls/source-protection/developer-endpoint-hardening/secure/endpoint-policy.conf,system keychain or approved secret manager,developer,developer-endpoint,hybrid,run make assess-control CONTROL=PSB-SOURCE-001 and review the credential platform policy,plaintext workspace shell-history and dotfile storage is prohibited,credential helper configuration; sanitized assessment result,make assess-control CONTROL=PSB-SOURCE-001,linux,,,,,,"mitre-attack v19.1 / T1552.001 / mitigates / medium; mitre-attack v19.1 / T1555 / mitigates / medium; nist-ssdf 1.1 (SP 800-218, 2022) / PS.3.1 / supports / medium",reviewed,"This control validates a declared policy; it does not prove that an unmanaged endpoint actually enforces every setting.; MDM, EDR, IdP, SWG or CASB, CI scanning, disk encryption, patch compliance, and remote-wipe evidence require organization-specific integrations.; Pre-commit hooks and file-pattern rules are bypassable signals and require repository-side enforcement and content-aware review.; The supplied operational baseline cites source 1 without bibliographic details, so its provenance cannot be independently verified.; A hardened endpoint cannot compensate for a malicious repository, dependency, Skill, MCP server, or editor extension.; Endpoint policy values are examples and must be adapted to the operating system and organization.; The read-only adapter initially supports Linux; unsupported desktops and ambiguous host state remain NOT_CHECKED or ERROR.; Local detection covers known configuration forms and debug ports only; MDM IdP network repository and backup evidence remains authoritative.; Assessment inside a container cloud workspace or agent sandbox may not observe the underlying physical host.",,,,,,,
PSB-SOURCE-001,PSB-SOURCE-001-DEH-003,source-protection,Harden developer endpoints and local trust boundaries,controls/source-protection/developer-endpoint-hardening/README.md,"Protect developer source code, credentials, and local development tools with enforceable endpoint policy requirements.",Developer keys are hardware backed,prevent; detect; verify,"DEV-ENDPOINT-CREDENTIAL-THEFT: A stolen, malware-infected, or over-privileged developer endpoint exposes credentials or source code.; DEV-ENDPOINT-UNTRUSTED-EXECUTION: Untrusted packages, extensions, local services, or AI tools execute with excessive developer privileges.; DEV-ENDPOINT-DATA-EXFILTRATION: Secrets, source code, or sensitive data leave the endpoint through commits, unmanaged services, or unauthorized cloud storage.; DEV-ENDPOINT-IDENTITY-PERSISTENCE: Long-lived credentials or weak identity lifecycle controls preserve access after credential theft or offboarding.",controls/source-protection/developer-endpoint-hardening/secure/endpoint-policy.conf,non-exportable hardware-backed key with user verification,shared,developer-endpoint; identity-platform,external-evidence,inspect key enrollment and authenticator policy,approved SSH or authentication keys are hardware protected,key enrollment record,make assess-control CONTROL=PSB-SOURCE-001,linux,,,,,,"nist-ssdf 1.1 (SP 800-218, 2022) / PS.3.1 / supports / medium",reviewed,"This control validates a declared policy; it does not prove that an unmanaged endpoint actually enforces every setting.; MDM, EDR, IdP, SWG or CASB, CI scanning, disk encryption, patch compliance, and remote-wipe evidence require organization-specific integrations.; Pre-commit hooks and file-pattern rules are bypassable signals and require repository-side enforcement and content-aware review.; The supplied operational baseline cites source 1 without bibliographic details, so its provenance cannot be independently verified.; A hardened endpoint cannot compensate for a malicious repository, dependency, Skill, MCP server, or editor extension.; Endpoint policy values are examples and must be adapted to the operating system and organization.; The read-only adapter initially supports Linux; unsupported desktops and ambiguous host state remain NOT_CHECKED or ERROR.; Local detection covers known configuration forms and debug ports only; MDM IdP network repository and backup evidence remains authoritative.; Assessment inside a container cloud workspace or agent sandbox may not observe the underlying physical host.",,,,,,,
PSB-SOURCE-001,PSB-SOURCE-001-DEH-004,source-protection,Harden developer endpoints and local trust boundaries,controls/source-protection/developer-endpoint-hardening/README.md,"Protect developer source code, credentials, and local development tools with enforceable endpoint policy requirements.",Secrets are scanned before commit,prevent; detect; verify,"DEV-ENDPOINT-CREDENTIAL-THEFT: A stolen, malware-infected, or over-privileged developer endpoint exposes credentials or source code.; DEV-ENDPOINT-UNTRUSTED-EXECUTION: Untrusted packages, extensions, local services, or AI tools execute with excessive developer privileges.; DEV-ENDPOINT-DATA-EXFILTRATION: Secrets, source code, or sensitive data leave the endpoint through commits, unmanaged services, or unauthorized cloud storage.; DEV-ENDPOINT-IDENTITY-PERSISTENCE: Long-lived credentials or weak identity lifecycle controls preserve access after credential theft or offboarding.",controls/source-protection/developer-endpoint-hardening/secure/endpoint-policy.conf,reviewed pre-commit secret scanning enabled,developer,developer-endpoint; source-repository,hybrid,run make assess-control CONTROL=PSB-SOURCE-001 and a sanitized negative hook fixture,a representative fake secret is rejected before commit,hook configuration; sanitized assessment result; sanitized negative-test output,make assess-control CONTROL=PSB-SOURCE-001,linux,,,,,,"mitre-attack v19.1 / T1552.001 / mitigates / medium; nist-ssdf 1.1 (SP 800-218, 2022) / PS.3.1 / supports / medium",reviewed,"This control validates a declared policy; it does not prove that an unmanaged endpoint actually enforces every setting.; MDM, EDR, IdP, SWG or CASB, CI scanning, disk encryption, patch compliance, and remote-wipe evidence require organization-specific integrations.; Pre-commit hooks and file-pattern rules are bypassable signals and require repository-side enforcement and content-aware review.; The supplied operational baseline cites source 1 without bibliographic details, so its provenance cannot be independently verified.; A hardened endpoint cannot compensate for a malicious repository, dependency, Skill, MCP server, or editor extension.; Endpoint policy values are examples and must be adapted to the operating system and organization.; The read-only adapter initially supports Linux; unsupported desktops and ambiguous host state remain NOT_CHECKED or ERROR.; Local detection covers known configuration forms and debug ports only; MDM IdP network repository and backup evidence remains authoritative.; Assessment inside a container cloud workspace or agent sandbox may not observe the underlying physical host.",,,,,,,
PSB-SOURCE-001,PSB-SOURCE-001-DEH-005,source-protection,Harden developer endpoints and local trust boundaries,controls/source-protection/developer-endpoint-hardening/README.md,"Protect developer source code, credentials, and local development tools with enforceable endpoint policy requirements.",Repository-side secret scanning is enforced,prevent; detect; verify,"DEV-ENDPOINT-CREDENTIAL-THEFT: A stolen, malware-infected, or over-privileged developer endpoint exposes credentials or source code.; DEV-ENDPOINT-UNTRUSTED-EXECUTION: Untrusted packages, extensions, local services, or AI tools execute with excessive developer privileges.; DEV-ENDPOINT-DATA-EXFILTRATION: Secrets, source code, or sensitive data leave the endpoint through commits, unmanaged services, or unauthorized cloud storage.; DEV-ENDPOINT-IDENTITY-PERSISTENCE: Long-lived credentials or weak identity lifecycle controls preserve access after credential theft or offboarding.",controls/source-protection/developer-endpoint-hardening/secure/endpoint-policy.conf,mandatory server-side scan independent of local hooks,repository-admin,source-repository,external-evidence,inspect repository rulesets and secret-scanning configuration,bypassing the local hook does not permit an undetected merge,repository ruleset or required-check evidence,make assess-control CONTROL=PSB-SOURCE-001,linux,,,,,,"mitre-attack v19.1 / T1552.001 / mitigates / medium; nist-ssdf 1.1 (SP 800-218, 2022) / PS.3.1 / supports / medium",reviewed,"This control validates a declared policy; it does not prove that an unmanaged endpoint actually enforces every setting.; MDM, EDR, IdP, SWG or CASB, CI scanning, disk encryption, patch compliance, and remote-wipe evidence require organization-specific integrations.; Pre-commit hooks and file-pattern rules are bypassable signals and require repository-side enforcement and content-aware review.; The supplied operational baseline cites source 1 without bibliographic details, so its provenance cannot be independently verified.; A hardened endpoint cannot compensate for a malicious repository, dependency, Skill, MCP server, or editor extension.; Endpoint policy values are examples and must be adapted to the operating system and organization.; The read-only adapter initially supports Linux; unsupported desktops and ambiguous host state remain NOT_CHECKED or ERROR.; Local detection covers known configuration forms and debug ports only; MDM IdP network repository and backup evidence remains authoritative.; Assessment inside a container cloud workspace or agent sandbox may not observe the underlying physical host.",,,,,,,
PSB-SOURCE-001,PSB-SOURCE-001-DEH-006,source-protection,Harden developer endpoints and local trust boundaries,controls/source-protection/developer-endpoint-hardening/README.md,"Protect developer source code, credentials, and local development tools with enforceable endpoint policy requirements.",Dependency installation is isolated from the host,prevent; detect; verify,"DEV-ENDPOINT-CREDENTIAL-THEFT: A stolen, malware-infected, or over-privileged developer endpoint exposes credentials or source code.; DEV-ENDPOINT-UNTRUSTED-EXECUTION: Untrusted packages, extensions, local services, or AI tools execute with excessive developer privileges.; DEV-ENDPOINT-DATA-EXFILTRATION: Secrets, source code, or sensitive data leave the endpoint through commits, unmanaged services, or unauthorized cloud storage.; DEV-ENDPOINT-IDENTITY-PERSISTENCE: Long-lived credentials or weak identity lifecycle controls preserve access after credential theft or offboarding.",controls/source-protection/developer-endpoint-hardening/secure/endpoint-policy.conf,disposable restricted package-install environment,shared,developer-endpoint; dependency-install,external-evidence,inspect developer environment provisioning and sandbox policy,install-time code cannot read routine host credentials,sandbox or managed workspace policy,make assess-control CONTROL=PSB-SOURCE-001,linux,,,,,,UNMAPPED — framework review required,unmapped,"This control validates a declared policy; it does not prove that an unmanaged endpoint actually enforces every setting.; MDM, EDR, IdP, SWG or CASB, CI scanning, disk encryption, patch compliance, and remote-wipe evidence require organization-specific integrations.; Pre-commit hooks and file-pattern rules are bypassable signals and require repository-side enforcement and content-aware review.; The supplied operational baseline cites source 1 without bibliographic details, so its provenance cannot be independently verified.; A hardened endpoint cannot compensate for a malicious repository, dependency, Skill, MCP server, or editor extension.; Endpoint policy values are examples and must be adapted to the operating system and organization.; The read-only adapter initially supports Linux; unsupported desktops and ambiguous host state remain NOT_CHECKED or ERROR.; Local detection covers known configuration forms and debug ports only; MDM IdP network repository and backup evidence remains authoritative.; Assessment inside a container cloud workspace or agent sandbox may not observe the underlying physical host.",,,,,,,
PSB-SOURCE-001,PSB-SOURCE-001-DEH-007,source-protection,Harden developer endpoints and local trust boundaries,controls/source-protection/developer-endpoint-hardening/README.md,"Protect developer source code, credentials, and local development tools with enforceable endpoint policy requirements.",Dependency updates use cooldown and security exception policy,prevent; detect; verify,"DEV-ENDPOINT-CREDENTIAL-THEFT: A stolen, malware-infected, or over-privileged developer endpoint exposes credentials or source code.; DEV-ENDPOINT-UNTRUSTED-EXECUTION: Untrusted packages, extensions, local services, or AI tools execute with excessive developer privileges.; DEV-ENDPOINT-DATA-EXFILTRATION: Secrets, source code, or sensitive data leave the endpoint through commits, unmanaged services, or unauthorized cloud storage.; DEV-ENDPOINT-IDENTITY-PERSISTENCE: Long-lived credentials or weak identity lifecycle controls preserve access after credential theft or offboarding.",controls/source-protection/developer-endpoint-hardening/secure/endpoint-policy.conf,release cooldown with expedited reviewed vulnerability updates,repository-admin,dependency-update,hybrid,verify PSB-DEPS-001 and inspect update automation policy,new releases wait for the cooldown unless an exact reviewed exception applies,dependency update configuration; PSB-DEPS-001 verifier output,make assess-control CONTROL=PSB-SOURCE-001,linux,,,,,,UNMAPPED — framework review required,unmapped,"This control validates a declared policy; it does not prove that an unmanaged endpoint actually enforces every setting.; MDM, EDR, IdP, SWG or CASB, CI scanning, disk encryption, patch compliance, and remote-wipe evidence require organization-specific integrations.; Pre-commit hooks and file-pattern rules are bypassable signals and require repository-side enforcement and content-aware review.; The supplied operational baseline cites source 1 without bibliographic details, so its provenance cannot be independently verified.; A hardened endpoint cannot compensate for a malicious repository, dependency, Skill, MCP server, or editor extension.; Endpoint policy values are examples and must be adapted to the operating system and organization.; The read-only adapter initially supports Linux; unsupported desktops and ambiguous host state remain NOT_CHECKED or ERROR.; Local detection covers known configuration forms and debug ports only; MDM IdP network repository and backup evidence remains authoritative.; Assessment inside a container cloud workspace or agent sandbox may not observe the underlying physical host.",,,,,,,
PSB-SOURCE-001,PSB-SOURCE-001-DEH-008,source-protection,Harden developer endpoints and local trust boundaries,controls/source-protection/developer-endpoint-hardening/README.md,"Protect developer source code, credentials, and local development tools with enforceable endpoint policy requirements.",Developer egress uses an approved allowlist,prevent; detect; verify,"DEV-ENDPOINT-CREDENTIAL-THEFT: A stolen, malware-infected, or over-privileged developer endpoint exposes credentials or source code.; DEV-ENDPOINT-UNTRUSTED-EXECUTION: Untrusted packages, extensions, local services, or AI tools execute with excessive developer privileges.; DEV-ENDPOINT-DATA-EXFILTRATION: Secrets, source code, or sensitive data leave the endpoint through commits, unmanaged services, or unauthorized cloud storage.; DEV-ENDPOINT-IDENTITY-PERSISTENCE: Long-lived credentials or weak identity lifecycle controls preserve access after credential theft or offboarding.",controls/source-protection/developer-endpoint-hardening/secure/endpoint-policy.conf,managed access to approved repositories and storage services,security,developer-network,external-evidence,inspect SWG CASB proxy DNS or equivalent policy,unauthorized repositories and storage services are denied,managed egress policy; sanitized access-control test,make assess-control CONTROL=PSB-SOURCE-001,linux,,,,,,"nist-ssdf 1.1 (SP 800-218, 2022) / PS.3.1 / supports / medium",reviewed,"This control validates a declared policy; it does not prove that an unmanaged endpoint actually enforces every setting.; MDM, EDR, IdP, SWG or CASB, CI scanning, disk encryption, patch compliance, and remote-wipe evidence require organization-specific integrations.; Pre-commit hooks and file-pattern rules are bypassable signals and require repository-side enforcement and content-aware review.; The supplied operational baseline cites source 1 without bibliographic details, so its provenance cannot be independently verified.; A hardened endpoint cannot compensate for a malicious repository, dependency, Skill, MCP server, or editor extension.; Endpoint policy values are examples and must be adapted to the operating system and organization.; The read-only adapter initially supports Linux; unsupported desktops and ambiguous host state remain NOT_CHECKED or ERROR.; Local detection covers known configuration forms and debug ports only; MDM IdP network repository and backup evidence remains authoritative.; Assessment inside a container cloud workspace or agent sandbox may not observe the underlying physical host.",,,,,,,
PSB-SOURCE-001,PSB-SOURCE-001-DEH-009,source-protection,Harden developer endpoints and local trust boundaries,controls/source-protection/developer-endpoint-hardening/README.md,"Protect developer source code, credentials, and local development tools with enforceable endpoint policy requirements.",Authentication is centralized and phishing resistant,prevent; detect; verify,"DEV-ENDPOINT-CREDENTIAL-THEFT: A stolen, malware-infected, or over-privileged developer endpoint exposes credentials or source code.; DEV-ENDPOINT-UNTRUSTED-EXECUTION: Untrusted packages, extensions, local services, or AI tools execute with excessive developer privileges.; DEV-ENDPOINT-DATA-EXFILTRATION: Secrets, source code, or sensitive data leave the endpoint through commits, unmanaged services, or unauthorized cloud storage.; DEV-ENDPOINT-IDENTITY-PERSISTENCE: Long-lived credentials or weak identity lifecycle controls preserve access after credential theft or offboarding.",controls/source-protection/developer-endpoint-hardening/secure/endpoint-policy.conf,managed IdP lifecycle with phishing-resistant MFA,security,identity-platform,external-evidence,inspect IdP authentication and deprovisioning policy,FIDO2 passkey or equivalent phishing-resistant authentication is required,IdP policy and lifecycle evidence,make assess-control CONTROL=PSB-SOURCE-001,linux,,,,,,"nist-ssdf 1.1 (SP 800-218, 2022) / PS.3.1 / supports / medium",reviewed,"This control validates a declared policy; it does not prove that an unmanaged endpoint actually enforces every setting.; MDM, EDR, IdP, SWG or CASB, CI scanning, disk encryption, patch compliance, and remote-wipe evidence require organization-specific integrations.; Pre-commit hooks and file-pattern rules are bypassable signals and require repository-side enforcement and content-aware review.; The supplied operational baseline cites source 1 without bibliographic details, so its provenance cannot be independently verified.; A hardened endpoint cannot compensate for a malicious repository, dependency, Skill, MCP server, or editor extension.; Endpoint policy values are examples and must be adapted to the operating system and organization.; The read-only adapter initially supports Linux; unsupported desktops and ambiguous host state remain NOT_CHECKED or ERROR.; Local detection covers known configuration forms and debug ports only; MDM IdP network repository and backup evidence remains authoritative.; Assessment inside a container cloud workspace or agent sandbox may not observe the underlying physical host.",,,,,,,
PSB-SOURCE-001,PSB-SOURCE-001-DEH-010,source-protection,Harden developer endpoints and local trust boundaries,controls/source-protection/developer-endpoint-hardening/README.md,"Protect developer source code, credentials, and local development tools with enforceable endpoint policy requirements.",Sensitive data files are detected before commit,prevent; detect; verify,"DEV-ENDPOINT-CREDENTIAL-THEFT: A stolen, malware-infected, or over-privileged developer endpoint exposes credentials or source code.; DEV-ENDPOINT-UNTRUSTED-EXECUTION: Untrusted packages, extensions, local services, or AI tools execute with excessive developer privileges.; DEV-ENDPOINT-DATA-EXFILTRATION: Secrets, source code, or sensitive data leave the endpoint through commits, unmanaged services, or unauthorized cloud storage.; DEV-ENDPOINT-IDENTITY-PERSISTENCE: Long-lived credentials or weak identity lifecycle controls preserve access after credential theft or offboarding.",controls/source-protection/developer-endpoint-hardening/secure/endpoint-policy.conf,staged file size type and content checks enabled,developer,developer-endpoint; source-repository,hybrid,run make assess-control CONTROL=PSB-SOURCE-001 then inspect repository-side enforcement,representative sensitive data files are rejected without exposing their contents,sanitized assessment result; sanitized negative-test output; repository required-check evidence,make assess-control CONTROL=PSB-SOURCE-001,linux,,,,,,"nist-ssdf 1.1 (SP 800-218, 2022) / PS.3.1 / supports / medium",reviewed,"This control validates a declared policy; it does not prove that an unmanaged endpoint actually enforces every setting.; MDM, EDR, IdP, SWG or CASB, CI scanning, disk encryption, patch compliance, and remote-wipe evidence require organization-specific integrations.; Pre-commit hooks and file-pattern rules are bypassable signals and require repository-side enforcement and content-aware review.; The supplied operational baseline cites source 1 without bibliographic details, so its provenance cannot be independently verified.; A hardened endpoint cannot compensate for a malicious repository, dependency, Skill, MCP server, or editor extension.; Endpoint policy values are examples and must be adapted to the operating system and organization.; The read-only adapter initially supports Linux; unsupported desktops and ambiguous host state remain NOT_CHECKED or ERROR.; Local detection covers known configuration forms and debug ports only; MDM IdP network repository and backup evidence remains authoritative.; Assessment inside a container cloud workspace or agent sandbox may not observe the underlying physical host.",,,,,,,
PSB-SOURCE-001,PSB-SOURCE-001-END-001,source-protection,Harden developer endpoints and local trust boundaries,controls/source-protection/developer-endpoint-hardening/README.md,"Protect developer source code, credentials, and local development tools with enforceable endpoint policy requirements.",Full-disk encryption is enforced,prevent; detect; verify,"DEV-ENDPOINT-CREDENTIAL-THEFT: A stolen, malware-infected, or over-privileged developer endpoint exposes credentials or source code.; DEV-ENDPOINT-UNTRUSTED-EXECUTION: Untrusted packages, extensions, local services, or AI tools execute with excessive developer privileges.; DEV-ENDPOINT-DATA-EXFILTRATION: Secrets, source code, or sensitive data leave the endpoint through commits, unmanaged services, or unauthorized cloud storage.; DEV-ENDPOINT-IDENTITY-PERSISTENCE: Long-lived credentials or weak identity lifecycle controls preserve access after credential theft or offboarding.",controls/source-protection/developer-endpoint-hardening/secure/endpoint-policy.conf,encryption required for all developer endpoint storage,shared,developer-endpoint,hybrid,run make assess-control CONTROL=PSB-SOURCE-001 and inspect endpoint-management compliance,the managed endpoint reports full-disk encryption enabled,sanitized assessment result; MDM compliance record,make assess-control CONTROL=PSB-SOURCE-001,linux,,,,,,"nist-ssdf 1.1 (SP 800-218, 2022) / PS.3.1 / supports / medium",reviewed,"This control validates a declared policy; it does not prove that an unmanaged endpoint actually enforces every setting.; MDM, EDR, IdP, SWG or CASB, CI scanning, disk encryption, patch compliance, and remote-wipe evidence require organization-specific integrations.; Pre-commit hooks and file-pattern rules are bypassable signals and require repository-side enforcement and content-aware review.; The supplied operational baseline cites source 1 without bibliographic details, so its provenance cannot be independently verified.; A hardened endpoint cannot compensate for a malicious repository, dependency, Skill, MCP server, or editor extension.; Endpoint policy values are examples and must be adapted to the operating system and organization.; The read-only adapter initially supports Linux; unsupported desktops and ambiguous host state remain NOT_CHECKED or ERROR.; Local detection covers known configuration forms and debug ports only; MDM IdP network repository and backup evidence remains authoritative.; Assessment inside a container cloud workspace or agent sandbox may not observe the underlying physical host.",,,,,,,
PSB-SOURCE-001,PSB-SOURCE-001-END-002,source-protection,Harden developer endpoints and local trust boundaries,controls/source-protection/developer-endpoint-hardening/README.md,"Protect developer source code, credentials, and local development tools with enforceable endpoint policy requirements.",Automatic screen lock is enforced,prevent; detect; verify,"DEV-ENDPOINT-CREDENTIAL-THEFT: A stolen, malware-infected, or over-privileged developer endpoint exposes credentials or source code.; DEV-ENDPOINT-UNTRUSTED-EXECUTION: Untrusted packages, extensions, local services, or AI tools execute with excessive developer privileges.; DEV-ENDPOINT-DATA-EXFILTRATION: Secrets, source code, or sensitive data leave the endpoint through commits, unmanaged services, or unauthorized cloud storage.; DEV-ENDPOINT-IDENTITY-PERSISTENCE: Long-lived credentials or weak identity lifecycle controls preserve access after credential theft or offboarding.",controls/source-protection/developer-endpoint-hardening/secure/endpoint-policy.conf,organization-approved inactivity timeout,shared,developer-endpoint,hybrid,run make assess-control CONTROL=PSB-SOURCE-001 and inspect endpoint-management screen-lock policy,unattended access requires reauthentication,sanitized assessment result; MDM compliance record,make assess-control CONTROL=PSB-SOURCE-001,linux,,,,,,"nist-ssdf 1.1 (SP 800-218, 2022) / PS.3.1 / supports / medium",reviewed,"This control validates a declared policy; it does not prove that an unmanaged endpoint actually enforces every setting.; MDM, EDR, IdP, SWG or CASB, CI scanning, disk encryption, patch compliance, and remote-wipe evidence require organization-specific integrations.; Pre-commit hooks and file-pattern rules are bypassable signals and require repository-side enforcement and content-aware review.; The supplied operational baseline cites source 1 without bibliographic details, so its provenance cannot be independently verified.; A hardened endpoint cannot compensate for a malicious repository, dependency, Skill, MCP server, or editor extension.; Endpoint policy values are examples and must be adapted to the operating system and organization.; The read-only adapter initially supports Linux; unsupported desktops and ambiguous host state remain NOT_CHECKED or ERROR.; Local detection covers known configuration forms and debug ports only; MDM IdP network repository and backup evidence remains authoritative.; Assessment inside a container cloud workspace or agent sandbox may not observe the underlying physical host.",,,,,,,
PSB-SOURCE-001,PSB-SOURCE-001-END-003,source-protection,Harden developer endpoints and local trust boundaries,controls/source-protection/developer-endpoint-hardening/README.md,"Protect developer source code, credentials, and local development tools with enforceable endpoint policy requirements.",Operating system and developer tools update automatically,prevent; detect; verify,"DEV-ENDPOINT-CREDENTIAL-THEFT: A stolen, malware-infected, or over-privileged developer endpoint exposes credentials or source code.; DEV-ENDPOINT-UNTRUSTED-EXECUTION: Untrusted packages, extensions, local services, or AI tools execute with excessive developer privileges.; DEV-ENDPOINT-DATA-EXFILTRATION: Secrets, source code, or sensitive data leave the endpoint through commits, unmanaged services, or unauthorized cloud storage.; DEV-ENDPOINT-IDENTITY-PERSISTENCE: Long-lived credentials or weak identity lifecycle controls preserve access after credential theft or offboarding.",controls/source-protection/developer-endpoint-hardening/secure/endpoint-policy.conf,supported versions with enforced security updates,shared,developer-endpoint,hybrid,run make assess-control CONTROL=PSB-SOURCE-001 and inspect patch compliance,unsupported or overdue endpoints are reported noncompliant,sanitized assessment result; patch compliance record,make assess-control CONTROL=PSB-SOURCE-001,linux,,,,,,"nist-ssdf 1.1 (SP 800-218, 2022) / PS.3.1 / supports / medium",reviewed,"This control validates a declared policy; it does not prove that an unmanaged endpoint actually enforces every setting.; MDM, EDR, IdP, SWG or CASB, CI scanning, disk encryption, patch compliance, and remote-wipe evidence require organization-specific integrations.; Pre-commit hooks and file-pattern rules are bypassable signals and require repository-side enforcement and content-aware review.; The supplied operational baseline cites source 1 without bibliographic details, so its provenance cannot be independently verified.; A hardened endpoint cannot compensate for a malicious repository, dependency, Skill, MCP server, or editor extension.; Endpoint policy values are examples and must be adapted to the operating system and organization.; The read-only adapter initially supports Linux; unsupported desktops and ambiguous host state remain NOT_CHECKED or ERROR.; Local detection covers known configuration forms and debug ports only; MDM IdP network repository and backup evidence remains authoritative.; Assessment inside a container cloud workspace or agent sandbox may not observe the underlying physical host.",,,,,,,
PSB-SOURCE-001,PSB-SOURCE-001-END-004,source-protection,Harden developer endpoints and local trust boundaries,controls/source-protection/developer-endpoint-hardening/README.md,"Protect developer source code, credentials, and local development tools with enforceable endpoint policy requirements.",Routine development does not use local administrator privileges,prevent; detect; verify,"DEV-ENDPOINT-CREDENTIAL-THEFT: A stolen, malware-infected, or over-privileged developer endpoint exposes credentials or source code.; DEV-ENDPOINT-UNTRUSTED-EXECUTION: Untrusted packages, extensions, local services, or AI tools execute with excessive developer privileges.; DEV-ENDPOINT-DATA-EXFILTRATION: Secrets, source code, or sensitive data leave the endpoint through commits, unmanaged services, or unauthorized cloud storage.; DEV-ENDPOINT-IDENTITY-PERSISTENCE: Long-lived credentials or weak identity lifecycle controls preserve access after credential theft or offboarding.",controls/source-protection/developer-endpoint-hardening/secure/endpoint-policy.conf,standard user by default with controlled elevation,shared,developer-endpoint,hybrid,run make assess-control CONTROL=PSB-SOURCE-001 and inspect endpoint privilege policy,routine developer sessions are not permanent local administrators,sanitized assessment result; privilege-management compliance record,make assess-control CONTROL=PSB-SOURCE-001,linux,,,,,,"nist-ssdf 1.1 (SP 800-218, 2022) / PS.3.1 / supports / medium",reviewed,"This control validates a declared policy; it does not prove that an unmanaged endpoint actually enforces every setting.; MDM, EDR, IdP, SWG or CASB, CI scanning, disk encryption, patch compliance, and remote-wipe evidence require organization-specific integrations.; Pre-commit hooks and file-pattern rules are bypassable signals and require repository-side enforcement and content-aware review.; The supplied operational baseline cites source 1 without bibliographic details, so its provenance cannot be independently verified.; A hardened endpoint cannot compensate for a malicious repository, dependency, Skill, MCP server, or editor extension.; Endpoint policy values are examples and must be adapted to the operating system and organization.; The read-only adapter initially supports Linux; unsupported desktops and ambiguous host state remain NOT_CHECKED or ERROR.; Local detection covers known configuration forms and debug ports only; MDM IdP network repository and backup evidence remains authoritative.; Assessment inside a container cloud workspace or agent sandbox may not observe the underlying physical host.",,,,,,,
PSB-SOURCE-001,PSB-SOURCE-001-END-005,source-protection,Harden developer endpoints and local trust boundaries,controls/source-protection/developer-endpoint-hardening/README.md,"Protect developer source code, credentials, and local development tools with enforceable endpoint policy requirements.",Workspaces contain no secrets,prevent; detect; verify,"DEV-ENDPOINT-CREDENTIAL-THEFT: A stolen, malware-infected, or over-privileged developer endpoint exposes credentials or source code.; DEV-ENDPOINT-UNTRUSTED-EXECUTION: Untrusted packages, extensions, local services, or AI tools execute with excessive developer privileges.; DEV-ENDPOINT-DATA-EXFILTRATION: Secrets, source code, or sensitive data leave the endpoint through commits, unmanaged services, or unauthorized cloud storage.; DEV-ENDPOINT-IDENTITY-PERSISTENCE: Long-lived credentials or weak identity lifecycle controls preserve access after credential theft or offboarding.",controls/source-protection/developer-endpoint-hardening/secure/endpoint-policy.conf,no credentials in project files dotfiles or shell history,developer,developer-endpoint,hybrid,run an approved local secret scan and inspect credential practices,no active credential is stored in plaintext workspace locations,sanitized secret-scan report,make assess-control CONTROL=PSB-SOURCE-001,linux,,,,,,"mitre-attack v19.1 / T1552.001 / mitigates / medium; nist-ssdf 1.1 (SP 800-218, 2022) / PS.3.1 / supports / medium",reviewed,"This control validates a declared policy; it does not prove that an unmanaged endpoint actually enforces every setting.; MDM, EDR, IdP, SWG or CASB, CI scanning, disk encryption, patch compliance, and remote-wipe evidence require organization-specific integrations.; Pre-commit hooks and file-pattern rules are bypassable signals and require repository-side enforcement and content-aware review.; The supplied operational baseline cites source 1 without bibliographic details, so its provenance cannot be independently verified.; A hardened endpoint cannot compensate for a malicious repository, dependency, Skill, MCP server, or editor extension.; Endpoint policy values are examples and must be adapted to the operating system and organization.; The read-only adapter initially supports Linux; unsupported desktops and ambiguous host state remain NOT_CHECKED or ERROR.; Local detection covers known configuration forms and debug ports only; MDM IdP network repository and backup evidence remains authoritative.; Assessment inside a container cloud workspace or agent sandbox may not observe the underlying physical host.",,,,,,,
PSB-SOURCE-001,PSB-SOURCE-001-END-006,source-protection,Harden developer endpoints and local trust boundaries,controls/source-protection/developer-endpoint-hardening/README.md,"Protect developer source code, credentials, and local development tools with enforceable endpoint policy requirements.",Container sockets are not broadly exposed,prevent; detect; verify,"DEV-ENDPOINT-CREDENTIAL-THEFT: A stolen, malware-infected, or over-privileged developer endpoint exposes credentials or source code.; DEV-ENDPOINT-UNTRUSTED-EXECUTION: Untrusted packages, extensions, local services, or AI tools execute with excessive developer privileges.; DEV-ENDPOINT-DATA-EXFILTRATION: Secrets, source code, or sensitive data leave the endpoint through commits, unmanaged services, or unauthorized cloud storage.; DEV-ENDPOINT-IDENTITY-PERSISTENCE: Long-lived credentials or weak identity lifecycle controls preserve access after credential theft or offboarding.",controls/source-protection/developer-endpoint-hardening/secure/endpoint-policy.conf,no unrestricted host Docker socket access,developer,developer-endpoint; local-container-runtime,hybrid,run make assess-control CONTROL=PSB-SOURCE-001 and inspect all container runtime policies,untrusted development workloads cannot control the host container daemon,sanitized assessment result; container runtime configuration,make assess-control CONTROL=PSB-SOURCE-001,linux,,,,,,"nist-ssdf 1.1 (SP 800-218, 2022) / PS.3.1 / supports / medium",reviewed,"This control validates a declared policy; it does not prove that an unmanaged endpoint actually enforces every setting.; MDM, EDR, IdP, SWG or CASB, CI scanning, disk encryption, patch compliance, and remote-wipe evidence require organization-specific integrations.; Pre-commit hooks and file-pattern rules are bypassable signals and require repository-side enforcement and content-aware review.; The supplied operational baseline cites source 1 without bibliographic details, so its provenance cannot be independently verified.; A hardened endpoint cannot compensate for a malicious repository, dependency, Skill, MCP server, or editor extension.; Endpoint policy values are examples and must be adapted to the operating system and organization.; The read-only adapter initially supports Linux; unsupported desktops and ambiguous host state remain NOT_CHECKED or ERROR.; Local detection covers known configuration forms and debug ports only; MDM IdP network repository and backup evidence remains authoritative.; Assessment inside a container cloud workspace or agent sandbox may not observe the underlying physical host.",,,,,,,
PSB-SOURCE-001,PSB-SOURCE-001-END-007,source-protection,Harden developer endpoints and local trust boundaries,controls/source-protection/developer-endpoint-hardening/README.md,"Protect developer source code, credentials, and local development tools with enforceable endpoint policy requirements.",Local debug services are disabled by default,prevent; detect; verify,"DEV-ENDPOINT-CREDENTIAL-THEFT: A stolen, malware-infected, or over-privileged developer endpoint exposes credentials or source code.; DEV-ENDPOINT-UNTRUSTED-EXECUTION: Untrusted packages, extensions, local services, or AI tools execute with excessive developer privileges.; DEV-ENDPOINT-DATA-EXFILTRATION: Secrets, source code, or sensitive data leave the endpoint through commits, unmanaged services, or unauthorized cloud storage.; DEV-ENDPOINT-IDENTITY-PERSISTENCE: Long-lived credentials or weak identity lifecycle controls preserve access after credential theft or offboarding.",controls/source-protection/developer-endpoint-hardening/secure/endpoint-policy.conf,no unmanaged externally reachable debug service,developer,developer-endpoint,hybrid,run make assess-control CONTROL=PSB-SOURCE-001 and inspect development launch configuration,debug services are disabled or bound to an approved local interface,sanitized assessment result; sanitized service inventory,make assess-control CONTROL=PSB-SOURCE-001,linux,,,,,,"nist-ssdf 1.1 (SP 800-218, 2022) / PS.3.1 / supports / medium",reviewed,"This control validates a declared policy; it does not prove that an unmanaged endpoint actually enforces every setting.; MDM, EDR, IdP, SWG or CASB, CI scanning, disk encryption, patch compliance, and remote-wipe evidence require organization-specific integrations.; Pre-commit hooks and file-pattern rules are bypassable signals and require repository-side enforcement and content-aware review.; The supplied operational baseline cites source 1 without bibliographic details, so its provenance cannot be independently verified.; A hardened endpoint cannot compensate for a malicious repository, dependency, Skill, MCP server, or editor extension.; Endpoint policy values are examples and must be adapted to the operating system and organization.; The read-only adapter initially supports Linux; unsupported desktops and ambiguous host state remain NOT_CHECKED or ERROR.; Local detection covers known configuration forms and debug ports only; MDM IdP network repository and backup evidence remains authoritative.; Assessment inside a container cloud workspace or agent sandbox may not observe the underlying physical host.",,,,,,,
PSB-SOURCE-001,PSB-SOURCE-001-END-008,source-protection,Harden developer endpoints and local trust boundaries,controls/source-protection/developer-endpoint-hardening/README.md,"Protect developer source code, credentials, and local development tools with enforceable endpoint policy requirements.",AI development tools use approved network destinations,prevent; detect; verify,"DEV-ENDPOINT-CREDENTIAL-THEFT: A stolen, malware-infected, or over-privileged developer endpoint exposes credentials or source code.; DEV-ENDPOINT-UNTRUSTED-EXECUTION: Untrusted packages, extensions, local services, or AI tools execute with excessive developer privileges.; DEV-ENDPOINT-DATA-EXFILTRATION: Secrets, source code, or sensitive data leave the endpoint through commits, unmanaged services, or unauthorized cloud storage.; DEV-ENDPOINT-IDENTITY-PERSISTENCE: Long-lived credentials or weak identity lifecycle controls preserve access after credential theft or offboarding.",controls/source-protection/developer-endpoint-hardening/secure/endpoint-policy.conf,allowlisted AI tool and MCP network access,shared,developer-endpoint; ai-development-tool,external-evidence,inspect managed AI tool and developer egress policy,unapproved model endpoints tools and MCP servers are denied,AI tool allowlist; managed egress policy,make assess-control CONTROL=PSB-SOURCE-001,linux,,,,,,"nist-ssdf 1.1 (SP 800-218, 2022) / PS.3.1 / supports / medium",reviewed,"This control validates a declared policy; it does not prove that an unmanaged endpoint actually enforces every setting.; MDM, EDR, IdP, SWG or CASB, CI scanning, disk encryption, patch compliance, and remote-wipe evidence require organization-specific integrations.; Pre-commit hooks and file-pattern rules are bypassable signals and require repository-side enforcement and content-aware review.; The supplied operational baseline cites source 1 without bibliographic details, so its provenance cannot be independently verified.; A hardened endpoint cannot compensate for a malicious repository, dependency, Skill, MCP server, or editor extension.; Endpoint policy values are examples and must be adapted to the operating system and organization.; The read-only adapter initially supports Linux; unsupported desktops and ambiguous host state remain NOT_CHECKED or ERROR.; Local detection covers known configuration forms and debug ports only; MDM IdP network repository and backup evidence remains authoritative.; Assessment inside a container cloud workspace or agent sandbox may not observe the underlying physical host.",,,,,,,
PSB-SOURCE-001,PSB-SOURCE-001-END-009,source-protection,Harden developer endpoints and local trust boundaries,controls/source-protection/developer-endpoint-hardening/README.md,"Protect developer source code, credentials, and local development tools with enforceable endpoint policy requirements.",Shared workspaces are read only by default,prevent; detect; verify,"DEV-ENDPOINT-CREDENTIAL-THEFT: A stolen, malware-infected, or over-privileged developer endpoint exposes credentials or source code.; DEV-ENDPOINT-UNTRUSTED-EXECUTION: Untrusted packages, extensions, local services, or AI tools execute with excessive developer privileges.; DEV-ENDPOINT-DATA-EXFILTRATION: Secrets, source code, or sensitive data leave the endpoint through commits, unmanaged services, or unauthorized cloud storage.; DEV-ENDPOINT-IDENTITY-PERSISTENCE: Long-lived credentials or weak identity lifecycle controls preserve access after credential theft or offboarding.",controls/source-protection/developer-endpoint-hardening/secure/endpoint-policy.conf,explicit narrow write mounts only,developer,developer-endpoint; development-sandbox,hybrid,run make assess-control CONTROL=PSB-SOURCE-001 and inspect sandbox filesystem policy,broad host and shared workspace write access is absent,sanitized assessment result; workspace mount configuration,make assess-control CONTROL=PSB-SOURCE-001,linux,,,,,,"nist-ssdf 1.1 (SP 800-218, 2022) / PS.3.1 / supports / medium",reviewed,"This control validates a declared policy; it does not prove that an unmanaged endpoint actually enforces every setting.; MDM, EDR, IdP, SWG or CASB, CI scanning, disk encryption, patch compliance, and remote-wipe evidence require organization-specific integrations.; Pre-commit hooks and file-pattern rules are bypassable signals and require repository-side enforcement and content-aware review.; The supplied operational baseline cites source 1 without bibliographic details, so its provenance cannot be independently verified.; A hardened endpoint cannot compensate for a malicious repository, dependency, Skill, MCP server, or editor extension.; Endpoint policy values are examples and must be adapted to the operating system and organization.; The read-only adapter initially supports Linux; unsupported desktops and ambiguous host state remain NOT_CHECKED or ERROR.; Local detection covers known configuration forms and debug ports only; MDM IdP network repository and backup evidence remains authoritative.; Assessment inside a container cloud workspace or agent sandbox may not observe the underlying physical host.",,,,,,,
PSB-SOURCE-001,PSB-SOURCE-001-END-010,source-protection,Harden developer endpoints and local trust boundaries,controls/source-protection/developer-endpoint-hardening/README.md,"Protect developer source code, credentials, and local development tools with enforceable endpoint policy requirements.",Developer endpoint backups are encrypted,prevent; detect; verify,"DEV-ENDPOINT-CREDENTIAL-THEFT: A stolen, malware-infected, or over-privileged developer endpoint exposes credentials or source code.; DEV-ENDPOINT-UNTRUSTED-EXECUTION: Untrusted packages, extensions, local services, or AI tools execute with excessive developer privileges.; DEV-ENDPOINT-DATA-EXFILTRATION: Secrets, source code, or sensitive data leave the endpoint through commits, unmanaged services, or unauthorized cloud storage.; DEV-ENDPOINT-IDENTITY-PERSISTENCE: Long-lived credentials or weak identity lifecycle controls preserve access after credential theft or offboarding.",controls/source-protection/developer-endpoint-hardening/secure/endpoint-policy.conf,approved encrypted backup with controlled access,shared,developer-endpoint; backup-service,external-evidence,inspect managed backup encryption and access policy,endpoint source and local artifacts are not copied to plaintext backups,backup compliance record,make assess-control CONTROL=PSB-SOURCE-001,linux,,,,,,"nist-ssdf 1.1 (SP 800-218, 2022) / PS.3.1 / supports / medium",reviewed,"This control validates a declared policy; it does not prove that an unmanaged endpoint actually enforces every setting.; MDM, EDR, IdP, SWG or CASB, CI scanning, disk encryption, patch compliance, and remote-wipe evidence require organization-specific integrations.; Pre-commit hooks and file-pattern rules are bypassable signals and require repository-side enforcement and content-aware review.; The supplied operational baseline cites source 1 without bibliographic details, so its provenance cannot be independently verified.; A hardened endpoint cannot compensate for a malicious repository, dependency, Skill, MCP server, or editor extension.; Endpoint policy values are examples and must be adapted to the operating system and organization.; The read-only adapter initially supports Linux; unsupported desktops and ambiguous host state remain NOT_CHECKED or ERROR.; Local detection covers known configuration forms and debug ports only; MDM IdP network repository and backup evidence remains authoritative.; Assessment inside a container cloud workspace or agent sandbox may not observe the underlying physical host.",,,,,,,
PSB-SOURCE-002,PSB-SOURCE-002-GHK-001,source-protection,リポジトリ所有の開発者向けGit hooksセキュリティベースライン,controls/source-protection/git-hooks-baseline/README.md,commit前とpushで導入される全履歴から情報漏洩の可能性を検出する。,Security hooks are repository owned,prevent; detect; verify,SOURCE-LOCAL-SECRET-COMMIT: 開発者がローカルworktreeからsecret、機密ファイル、credentialを含むmetadataをcommitする。; SOURCE-PUSH-HISTORICAL-DISCLOSURE: 機密情報を最新treeから削除してもpushで導入される過去commitに残っている。; SOURCE-UNTRUSTED-GIT-HOOK: Gitがglobal、絶対パス、共有hooks pathから未レビューのhook codeを実行する。; SOURCE-DEVELOPER-IDENTITY-DISCLOSURE: Git metadataまたはremote設定から個人メールアドレスやcredentialが意図せず漏洩する。,controls/source-protection/git-hooks-baseline/secure/recommended.gitconfig; controls/source-protection/git-hooks-baseline/secure/.githooks/pre-commit; controls/source-protection/git-hooks-baseline/secure/.githooks/commit-msg; controls/source-protection/git-hooks-baseline/secure/.githooks/pre-push; controls/source-protection/git-hooks-baseline/secure/.githooks/scan-sensitive.py,reviewed relative core.hooksPath and required hook files,developer,developer-endpoint; source-repository,automated,make verify-control CONTROL=PSB-SOURCE-002,the secure repository-owned hook profile is accepted,sanitized verifier output,,,,,,,,"nist-ssdf 1.1 (SP 800-218, 2022) / PS.3.1 / supports / medium",reviewed,Local hooksは回避、変更、省略できるため、独立したserver-sideおよびCI enforcementが必要である。; Pattern matchingはすべての機密値を検出できず、非機密fixtureを拒否する可能性もある。; 5 MiBのfile size上限はrepository方針であり、標準が定めるsecurity boundaryではない。; Reference scannerは顧客データ、社外秘source、内部architecture、すべての個人情報を分類しない。; Commit署名はkeyを認証するが、commit内容が安全であることを証明しない。; Credential helper、署名identity、公開用email方針にはplatformおよび組織固有の設定が必要である。; Hookまたはscannerの失敗はローカル操作をblockし、cleanな結果として扱ってはいけない。,,,,,,,
PSB-SOURCE-002,PSB-SOURCE-002-GHK-002,source-protection,リポジトリ所有の開発者向けGit hooksセキュリティベースライン,controls/source-protection/git-hooks-baseline/README.md,commit前とpushで導入される全履歴から情報漏洩の可能性を検出する。,Global absolute and shared hook paths are rejected,prevent; detect; verify,SOURCE-LOCAL-SECRET-COMMIT: 開発者がローカルworktreeからsecret、機密ファイル、credentialを含むmetadataをcommitする。; SOURCE-PUSH-HISTORICAL-DISCLOSURE: 機密情報を最新treeから削除してもpushで導入される過去commitに残っている。; SOURCE-UNTRUSTED-GIT-HOOK: Gitがglobal、絶対パス、共有hooks pathから未レビューのhook codeを実行する。; SOURCE-DEVELOPER-IDENTITY-DISCLOSURE: Git metadataまたはremote設定から個人メールアドレスやcredentialが意図せず漏洩する。,controls/source-protection/git-hooks-baseline/secure/recommended.gitconfig; controls/source-protection/git-hooks-baseline/secure/.githooks/pre-commit; controls/source-protection/git-hooks-baseline/secure/.githooks/commit-msg; controls/source-protection/git-hooks-baseline/secure/.githooks/pre-push; controls/source-protection/git-hooks-baseline/secure/.githooks/scan-sensitive.py,no unreviewed external hook execution path,developer,developer-endpoint,automated,make verify-control CONTROL=PSB-SOURCE-002,unsafe hook paths fail validation,negative-test output,,,,,,,,"nist-ssdf 1.1 (SP 800-218, 2022) / PS.3.1 / supports / medium",reviewed,Local hooksは回避、変更、省略できるため、独立したserver-sideおよびCI enforcementが必要である。; Pattern matchingはすべての機密値を検出できず、非機密fixtureを拒否する可能性もある。; 5 MiBのfile size上限はrepository方針であり、標準が定めるsecurity boundaryではない。; Reference scannerは顧客データ、社外秘source、内部architecture、すべての個人情報を分類しない。; Commit署名はkeyを認証するが、commit内容が安全であることを証明しない。; Credential helper、署名identity、公開用email方針にはplatformおよび組織固有の設定が必要である。; Hookまたはscannerの失敗はローカル操作をblockし、cleanな結果として扱ってはいけない。,,,,,,,
PSB-SOURCE-002,PSB-SOURCE-002-GHK-003,source-protection,リポジトリ所有の開発者向けGit hooksセキュリティベースライン,controls/source-protection/git-hooks-baseline/README.md,commit前とpushで導入される全履歴から情報漏洩の可能性を検出する。,Plaintext credential storage is disabled in Git configuration,prevent; detect; verify,SOURCE-LOCAL-SECRET-COMMIT: 開発者がローカルworktreeからsecret、機密ファイル、credentialを含むmetadataをcommitする。; SOURCE-PUSH-HISTORICAL-DISCLOSURE: 機密情報を最新treeから削除してもpushで導入される過去commitに残っている。; SOURCE-UNTRUSTED-GIT-HOOK: Gitがglobal、絶対パス、共有hooks pathから未レビューのhook codeを実行する。; SOURCE-DEVELOPER-IDENTITY-DISCLOSURE: Git metadataまたはremote設定から個人メールアドレスやcredentialが意図せず漏洩する。,controls/source-protection/git-hooks-baseline/secure/recommended.gitconfig; controls/source-protection/git-hooks-baseline/secure/.githooks/pre-commit; controls/source-protection/git-hooks-baseline/secure/.githooks/commit-msg; controls/source-protection/git-hooks-baseline/secure/.githooks/pre-push; controls/source-protection/git-hooks-baseline/secure/.githooks/scan-sensitive.py,approved credential helper and no embedded remote credentials,developer,developer-endpoint; source-repository,automated,make verify-control CONTROL=PSB-SOURCE-002,plaintext credentials and unsafe credential settings are rejected,sanitized verifier output,,,,,,,,"mitre-attack v19.1 / T1552.001 / mitigates / medium; nist-ssdf 1.1 (SP 800-218, 2022) / PS.3.1 / supports / medium",reviewed,Local hooksは回避、変更、省略できるため、独立したserver-sideおよびCI enforcementが必要である。; Pattern matchingはすべての機密値を検出できず、非機密fixtureを拒否する可能性もある。; 5 MiBのfile size上限はrepository方針であり、標準が定めるsecurity boundaryではない。; Reference scannerは顧客データ、社外秘source、内部architecture、すべての個人情報を分類しない。; Commit署名はkeyを認証するが、commit内容が安全であることを証明しない。; Credential helper、署名identity、公開用email方針にはplatformおよび組織固有の設定が必要である。; Hookまたはscannerの失敗はローカル操作をblockし、cleanな結果として扱ってはいけない。,,,,,,,
PSB-SOURCE-002,PSB-SOURCE-002-GHK-004,source-protection,リポジトリ所有の開発者向けGit hooksセキュリティベースライン,controls/source-protection/git-hooks-baseline/README.md,commit前とpushで導入される全履歴から情報漏洩の可能性を検出する。,Wildcard safe.directory is rejected,prevent; detect; verify,SOURCE-LOCAL-SECRET-COMMIT: 開発者がローカルworktreeからsecret、機密ファイル、credentialを含むmetadataをcommitする。; SOURCE-PUSH-HISTORICAL-DISCLOSURE: 機密情報を最新treeから削除してもpushで導入される過去commitに残っている。; SOURCE-UNTRUSTED-GIT-HOOK: Gitがglobal、絶対パス、共有hooks pathから未レビューのhook codeを実行する。; SOURCE-DEVELOPER-IDENTITY-DISCLOSURE: Git metadataまたはremote設定から個人メールアドレスやcredentialが意図せず漏洩する。,controls/source-protection/git-hooks-baseline/secure/recommended.gitconfig; controls/source-protection/git-hooks-baseline/secure/.githooks/pre-commit; controls/source-protection/git-hooks-baseline/secure/.githooks/commit-msg; controls/source-protection/git-hooks-baseline/secure/.githooks/pre-push; controls/source-protection/git-hooks-baseline/secure/.githooks/scan-sensitive.py,only explicitly trusted repository paths,developer,developer-endpoint,automated,make verify-control CONTROL=PSB-SOURCE-002,wildcard repository trust fails validation,negative-test output,,,,,,,,"nist-ssdf 1.1 (SP 800-218, 2022) / PS.3.1 / supports / medium",reviewed,Local hooksは回避、変更、省略できるため、独立したserver-sideおよびCI enforcementが必要である。; Pattern matchingはすべての機密値を検出できず、非機密fixtureを拒否する可能性もある。; 5 MiBのfile size上限はrepository方針であり、標準が定めるsecurity boundaryではない。; Reference scannerは顧客データ、社外秘source、内部architecture、すべての個人情報を分類しない。; Commit署名はkeyを認証するが、commit内容が安全であることを証明しない。; Credential helper、署名identity、公開用email方針にはplatformおよび組織固有の設定が必要である。; Hookまたはscannerの失敗はローカル操作をblockし、cleanな結果として扱ってはいけない。,,,,,,,
PSB-SOURCE-002,PSB-SOURCE-002-GHK-005,source-protection,リポジトリ所有の開発者向けGit hooksセキュリティベースライン,controls/source-protection/git-hooks-baseline/README.md,commit前とpushで導入される全履歴から情報漏洩の可能性を検出する。,Commit signing and narrow push behavior are required,prevent; detect; verify,SOURCE-LOCAL-SECRET-COMMIT: 開発者がローカルworktreeからsecret、機密ファイル、credentialを含むmetadataをcommitする。; SOURCE-PUSH-HISTORICAL-DISCLOSURE: 機密情報を最新treeから削除してもpushで導入される過去commitに残っている。; SOURCE-UNTRUSTED-GIT-HOOK: Gitがglobal、絶対パス、共有hooks pathから未レビューのhook codeを実行する。; SOURCE-DEVELOPER-IDENTITY-DISCLOSURE: Git metadataまたはremote設定から個人メールアドレスやcredentialが意図せず漏洩する。,controls/source-protection/git-hooks-baseline/secure/recommended.gitconfig; controls/source-protection/git-hooks-baseline/secure/.githooks/pre-commit; controls/source-protection/git-hooks-baseline/secure/.githooks/commit-msg; controls/source-protection/git-hooks-baseline/secure/.githooks/pre-push; controls/source-protection/git-hooks-baseline/secure/.githooks/scan-sensitive.py,signed commits and non-broad push default,developer,source-repository,automated,make verify-control CONTROL=PSB-SOURCE-002,unsigned history and broad push defaults are rejected,sanitized verifier output,,,,,,,,"nist-ssdf 1.1 (SP 800-218, 2022) / PS.3.1 / supports / medium",reviewed,Local hooksは回避、変更、省略できるため、独立したserver-sideおよびCI enforcementが必要である。; Pattern matchingはすべての機密値を検出できず、非機密fixtureを拒否する可能性もある。; 5 MiBのfile size上限はrepository方針であり、標準が定めるsecurity boundaryではない。; Reference scannerは顧客データ、社外秘source、内部architecture、すべての個人情報を分類しない。; Commit署名はkeyを認証するが、commit内容が安全であることを証明しない。; Credential helper、署名identity、公開用email方針にはplatformおよび組織固有の設定が必要である。; Hookまたはscannerの失敗はローカル操作をblockし、cleanな結果として扱ってはいけない。,,,,,,,
PSB-SOURCE-002,PSB-SOURCE-002-GHK-006,source-protection,リポジトリ所有の開発者向けGit hooksセキュリティベースライン,controls/source-protection/git-hooks-baseline/README.md,commit前とpushで導入される全履歴から情報漏洩の可能性を検出する。,Prohibited sensitive file formats are rejected,prevent; detect; verify,SOURCE-LOCAL-SECRET-COMMIT: 開発者がローカルworktreeからsecret、機密ファイル、credentialを含むmetadataをcommitする。; SOURCE-PUSH-HISTORICAL-DISCLOSURE: 機密情報を最新treeから削除してもpushで導入される過去commitに残っている。; SOURCE-UNTRUSTED-GIT-HOOK: Gitがglobal、絶対パス、共有hooks pathから未レビューのhook codeを実行する。; SOURCE-DEVELOPER-IDENTITY-DISCLOSURE: Git metadataまたはremote設定から個人メールアドレスやcredentialが意図せず漏洩する。,controls/source-protection/git-hooks-baseline/secure/recommended.gitconfig; controls/source-protection/git-hooks-baseline/secure/.githooks/pre-commit; controls/source-protection/git-hooks-baseline/secure/.githooks/commit-msg; controls/source-protection/git-hooks-baseline/secure/.githooks/pre-push; controls/source-protection/git-hooks-baseline/secure/.githooks/scan-sensitive.py,reviewed deny rules for executables archives databases key stores and sensitive metadata,developer,source-repository,automated,make verify-control CONTROL=PSB-SOURCE-002,sanitized prohibited-file fixtures fail before commit,negative-test output,,,,,,,,"nist-ssdf 1.1 (SP 800-218, 2022) / PS.3.1 / supports / medium; openssf-osps-baseline 2026.02.19 / OSPS-BR-07.01 / supports / high",reviewed,Local hooksは回避、変更、省略できるため、独立したserver-sideおよびCI enforcementが必要である。; Pattern matchingはすべての機密値を検出できず、非機密fixtureを拒否する可能性もある。; 5 MiBのfile size上限はrepository方針であり、標準が定めるsecurity boundaryではない。; Reference scannerは顧客データ、社外秘source、内部architecture、すべての個人情報を分類しない。; Commit署名はkeyを認証するが、commit内容が安全であることを証明しない。; Credential helper、署名identity、公開用email方針にはplatformおよび組織固有の設定が必要である。; Hookまたはscannerの失敗はローカル操作をblockし、cleanな結果として扱ってはいけない。,,,,,,,
PSB-SOURCE-002,PSB-SOURCE-002-GHK-007,source-protection,リポジトリ所有の開発者向けGit hooksセキュリティベースライン,controls/source-protection/git-hooks-baseline/README.md,commit前とpushで導入される全履歴から情報漏洩の可能性を検出する。,Secret patterns are rejected without disclosing values,prevent; detect; verify,SOURCE-LOCAL-SECRET-COMMIT: 開発者がローカルworktreeからsecret、機密ファイル、credentialを含むmetadataをcommitする。; SOURCE-PUSH-HISTORICAL-DISCLOSURE: 機密情報を最新treeから削除してもpushで導入される過去commitに残っている。; SOURCE-UNTRUSTED-GIT-HOOK: Gitがglobal、絶対パス、共有hooks pathから未レビューのhook codeを実行する。; SOURCE-DEVELOPER-IDENTITY-DISCLOSURE: Git metadataまたはremote設定から個人メールアドレスやcredentialが意図せず漏洩する。,controls/source-protection/git-hooks-baseline/secure/recommended.gitconfig; controls/source-protection/git-hooks-baseline/secure/.githooks/pre-commit; controls/source-protection/git-hooks-baseline/secure/.githooks/commit-msg; controls/source-protection/git-hooks-baseline/secure/.githooks/pre-push; controls/source-protection/git-hooks-baseline/secure/.githooks/scan-sensitive.py,approved secret patterns with redacted findings,developer,source-repository,automated,make verify-control CONTROL=PSB-SOURCE-002,representative fake credentials fail and their values are not printed,sanitized negative-test output,,,,,,,,"cisa-product-security-bad-practices 2 (January 2025) / CISA-PSBP-PP-08 / mitigates / medium; mitre-attack v19.1 / T1552.001 / mitigates / medium; nist-ssdf 1.1 (SP 800-218, 2022) / PS.3.1 / supports / medium; openssf-osps-baseline 2026.02.19 / OSPS-BR-07.01 / supports / high",reviewed,Local hooksは回避、変更、省略できるため、独立したserver-sideおよびCI enforcementが必要である。; Pattern matchingはすべての機密値を検出できず、非機密fixtureを拒否する可能性もある。; 5 MiBのfile size上限はrepository方針であり、標準が定めるsecurity boundaryではない。; Reference scannerは顧客データ、社外秘source、内部architecture、すべての個人情報を分類しない。; Commit署名はkeyを認証するが、commit内容が安全であることを証明しない。; Credential helper、署名identity、公開用email方針にはplatformおよび組織固有の設定が必要である。; Hookまたはscannerの失敗はローカル操作をblockし、cleanな結果として扱ってはいけない。,,,,,,,
PSB-SOURCE-002,PSB-SOURCE-002-GHK-008,source-protection,リポジトリ所有の開発者向けGit hooksセキュリティベースライン,controls/source-protection/git-hooks-baseline/README.md,commit前とpushで導入される全履歴から情報漏洩の可能性を検出する。,Oversized files are rejected by repository policy,prevent; detect; verify,SOURCE-LOCAL-SECRET-COMMIT: 開発者がローカルworktreeからsecret、機密ファイル、credentialを含むmetadataをcommitする。; SOURCE-PUSH-HISTORICAL-DISCLOSURE: 機密情報を最新treeから削除してもpushで導入される過去commitに残っている。; SOURCE-UNTRUSTED-GIT-HOOK: Gitがglobal、絶対パス、共有hooks pathから未レビューのhook codeを実行する。; SOURCE-DEVELOPER-IDENTITY-DISCLOSURE: Git metadataまたはremote設定から個人メールアドレスやcredentialが意図せず漏洩する。,controls/source-protection/git-hooks-baseline/secure/recommended.gitconfig; controls/source-protection/git-hooks-baseline/secure/.githooks/pre-commit; controls/source-protection/git-hooks-baseline/secure/.githooks/commit-msg; controls/source-protection/git-hooks-baseline/secure/.githooks/pre-push; controls/source-protection/git-hooks-baseline/secure/.githooks/scan-sensitive.py,staged files do not exceed the reviewed five MiB policy,developer,source-repository,automated,make verify-control CONTROL=PSB-SOURCE-002,a sanitized oversized fixture fails before commit,negative-test output,,,,,,,,"nist-ssdf 1.1 (SP 800-218, 2022) / PS.3.1 / supports / medium",reviewed,Local hooksは回避、変更、省略できるため、独立したserver-sideおよびCI enforcementが必要である。; Pattern matchingはすべての機密値を検出できず、非機密fixtureを拒否する可能性もある。; 5 MiBのfile size上限はrepository方針であり、標準が定めるsecurity boundaryではない。; Reference scannerは顧客データ、社外秘source、内部architecture、すべての個人情報を分類しない。; Commit署名はkeyを認証するが、commit内容が安全であることを証明しない。; Credential helper、署名identity、公開用email方針にはplatformおよび組織固有の設定が必要である。; Hookまたはscannerの失敗はローカル操作をblockし、cleanな結果として扱ってはいけない。,,,,,,,
PSB-SOURCE-002,PSB-SOURCE-002-GHK-009,source-protection,リポジトリ所有の開発者向けGit hooksセキュリティベースライン,controls/source-protection/git-hooks-baseline/README.md,commit前とpushで導入される全履歴から情報漏洩の可能性を検出する。,Staged content is scanned before commit,prevent; detect; verify,SOURCE-LOCAL-SECRET-COMMIT: 開発者がローカルworktreeからsecret、機密ファイル、credentialを含むmetadataをcommitする。; SOURCE-PUSH-HISTORICAL-DISCLOSURE: 機密情報を最新treeから削除してもpushで導入される過去commitに残っている。; SOURCE-UNTRUSTED-GIT-HOOK: Gitがglobal、絶対パス、共有hooks pathから未レビューのhook codeを実行する。; SOURCE-DEVELOPER-IDENTITY-DISCLOSURE: Git metadataまたはremote設定から個人メールアドレスやcredentialが意図せず漏洩する。,controls/source-protection/git-hooks-baseline/secure/recommended.gitconfig; controls/source-protection/git-hooks-baseline/secure/.githooks/pre-commit; controls/source-protection/git-hooks-baseline/secure/.githooks/commit-msg; controls/source-protection/git-hooks-baseline/secure/.githooks/pre-push; controls/source-protection/git-hooks-baseline/secure/.githooks/scan-sensitive.py,sensitive files and secrets in the index are rejected,developer,source-repository,automated,make verify-control CONTROL=PSB-SOURCE-002,staged sensitive content is rejected,sanitized negative-test output,,,,,,,,"cisa-product-security-bad-practices 2 (January 2025) / CISA-PSBP-PP-08 / mitigates / medium; mitre-attack v19.1 / T1552.001 / mitigates / medium; nist-ssdf 1.1 (SP 800-218, 2022) / PS.3.1 / supports / medium; openssf-osps-baseline 2026.02.19 / OSPS-BR-07.01 / supports / high",reviewed,Local hooksは回避、変更、省略できるため、独立したserver-sideおよびCI enforcementが必要である。; Pattern matchingはすべての機密値を検出できず、非機密fixtureを拒否する可能性もある。; 5 MiBのfile size上限はrepository方針であり、標準が定めるsecurity boundaryではない。; Reference scannerは顧客データ、社外秘source、内部architecture、すべての個人情報を分類しない。; Commit署名はkeyを認証するが、commit内容が安全であることを証明しない。; Credential helper、署名identity、公開用email方針にはplatformおよび組織固有の設定が必要である。; Hookまたはscannerの失敗はローカル操作をblockし、cleanな結果として扱ってはいけない。,,,,,,,
PSB-SOURCE-002,PSB-SOURCE-002-GHK-010,source-protection,リポジトリ所有の開発者向けGit hooksセキュリティベースライン,controls/source-protection/git-hooks-baseline/README.md,commit前とpushで導入される全履歴から情報漏洩の可能性を検出する。,Commit messages are scanned before commit,prevent; detect; verify,SOURCE-LOCAL-SECRET-COMMIT: 開発者がローカルworktreeからsecret、機密ファイル、credentialを含むmetadataをcommitする。; SOURCE-PUSH-HISTORICAL-DISCLOSURE: 機密情報を最新treeから削除してもpushで導入される過去commitに残っている。; SOURCE-UNTRUSTED-GIT-HOOK: Gitがglobal、絶対パス、共有hooks pathから未レビューのhook codeを実行する。; SOURCE-DEVELOPER-IDENTITY-DISCLOSURE: Git metadataまたはremote設定から個人メールアドレスやcredentialが意図せず漏洩する。,controls/source-protection/git-hooks-baseline/secure/recommended.gitconfig; controls/source-protection/git-hooks-baseline/secure/.githooks/pre-commit; controls/source-protection/git-hooks-baseline/secure/.githooks/commit-msg; controls/source-protection/git-hooks-baseline/secure/.githooks/pre-push; controls/source-protection/git-hooks-baseline/secure/.githooks/scan-sensitive.py,credentials and sensitive metadata in commit messages are rejected,developer,source-repository,automated,make verify-control CONTROL=PSB-SOURCE-002,sanitized secret-bearing commit messages are rejected,sanitized negative-test output,,,,,,,,"cisa-product-security-bad-practices 2 (January 2025) / CISA-PSBP-PP-08 / mitigates / medium; mitre-attack v19.1 / T1552.001 / mitigates / medium; nist-ssdf 1.1 (SP 800-218, 2022) / PS.3.1 / supports / medium; openssf-osps-baseline 2026.02.19 / OSPS-BR-07.01 / supports / high",reviewed,Local hooksは回避、変更、省略できるため、独立したserver-sideおよびCI enforcementが必要である。; Pattern matchingはすべての機密値を検出できず、非機密fixtureを拒否する可能性もある。; 5 MiBのfile size上限はrepository方針であり、標準が定めるsecurity boundaryではない。; Reference scannerは顧客データ、社外秘source、内部architecture、すべての個人情報を分類しない。; Commit署名はkeyを認証するが、commit内容が安全であることを証明しない。; Credential helper、署名identity、公開用email方針にはplatformおよび組織固有の設定が必要である。; Hookまたはscannerの失敗はローカル操作をblockし、cleanな結果として扱ってはいけない。,,,,,,,
PSB-SOURCE-002,PSB-SOURCE-002-GHK-011,source-protection,リポジトリ所有の開発者向けGit hooksセキュリティベースライン,controls/source-protection/git-hooks-baseline/README.md,commit前とpushで導入される全履歴から情報漏洩の可能性を検出する。,All introduced push history is scanned,prevent; detect; verify,SOURCE-LOCAL-SECRET-COMMIT: 開発者がローカルworktreeからsecret、機密ファイル、credentialを含むmetadataをcommitする。; SOURCE-PUSH-HISTORICAL-DISCLOSURE: 機密情報を最新treeから削除してもpushで導入される過去commitに残っている。; SOURCE-UNTRUSTED-GIT-HOOK: Gitがglobal、絶対パス、共有hooks pathから未レビューのhook codeを実行する。; SOURCE-DEVELOPER-IDENTITY-DISCLOSURE: Git metadataまたはremote設定から個人メールアドレスやcredentialが意図せず漏洩する。,controls/source-protection/git-hooks-baseline/secure/recommended.gitconfig; controls/source-protection/git-hooks-baseline/secure/.githooks/pre-commit; controls/source-protection/git-hooks-baseline/secure/.githooks/commit-msg; controls/source-protection/git-hooks-baseline/secure/.githooks/pre-push; controls/source-protection/git-hooks-baseline/secure/.githooks/scan-sensitive.py,secrets in any newly pushed commit are rejected,developer,source-repository,automated,make verify-control CONTROL=PSB-SOURCE-002,removing a secret from the latest tree does not bypass history scanning,sanitized negative-test output,,,,,,,,"cisa-product-security-bad-practices 2 (January 2025) / CISA-PSBP-PP-08 / mitigates / medium; mitre-attack v19.1 / T1552.001 / mitigates / medium; nist-ssdf 1.1 (SP 800-218, 2022) / PS.3.1 / supports / medium; openssf-osps-baseline 2026.02.19 / OSPS-BR-07.01 / supports / high",reviewed,Local hooksは回避、変更、省略できるため、独立したserver-sideおよびCI enforcementが必要である。; Pattern matchingはすべての機密値を検出できず、非機密fixtureを拒否する可能性もある。; 5 MiBのfile size上限はrepository方針であり、標準が定めるsecurity boundaryではない。; Reference scannerは顧客データ、社外秘source、内部architecture、すべての個人情報を分類しない。; Commit署名はkeyを認証するが、commit内容が安全であることを証明しない。; Credential helper、署名identity、公開用email方針にはplatformおよび組織固有の設定が必要である。; Hookまたはscannerの失敗はローカル操作をblockし、cleanな結果として扱ってはいけない。,,,,,,,
PSB-SOURCE-002,PSB-SOURCE-002-GHK-012,source-protection,リポジトリ所有の開発者向けGit hooksセキュリティベースライン,controls/source-protection/git-hooks-baseline/README.md,commit前とpushで導入される全履歴から情報漏洩の可能性を検出する。,Hook and scanner failures block the operation,prevent; detect; verify,SOURCE-LOCAL-SECRET-COMMIT: 開発者がローカルworktreeからsecret、機密ファイル、credentialを含むmetadataをcommitする。; SOURCE-PUSH-HISTORICAL-DISCLOSURE: 機密情報を最新treeから削除してもpushで導入される過去commitに残っている。; SOURCE-UNTRUSTED-GIT-HOOK: Gitがglobal、絶対パス、共有hooks pathから未レビューのhook codeを実行する。; SOURCE-DEVELOPER-IDENTITY-DISCLOSURE: Git metadataまたはremote設定から個人メールアドレスやcredentialが意図せず漏洩する。,controls/source-protection/git-hooks-baseline/secure/recommended.gitconfig; controls/source-protection/git-hooks-baseline/secure/.githooks/pre-commit; controls/source-protection/git-hooks-baseline/secure/.githooks/commit-msg; controls/source-protection/git-hooks-baseline/secure/.githooks/pre-push; controls/source-protection/git-hooks-baseline/secure/.githooks/scan-sensitive.py,execution error is distinct from clean and fails closed,developer,source-verifier,automated,make verify-control CONTROL=PSB-SOURCE-002,missing tools and scanner errors cannot report clean,negative-test output,,,,,,,,UNMAPPED — framework review required,unmapped,Local hooksは回避、変更、省略できるため、独立したserver-sideおよびCI enforcementが必要である。; Pattern matchingはすべての機密値を検出できず、非機密fixtureを拒否する可能性もある。; 5 MiBのfile size上限はrepository方針であり、標準が定めるsecurity boundaryではない。; Reference scannerは顧客データ、社外秘source、内部architecture、すべての個人情報を分類しない。; Commit署名はkeyを認証するが、commit内容が安全であることを証明しない。; Credential helper、署名identity、公開用email方針にはplatformおよび組織固有の設定が必要である。; Hookまたはscannerの失敗はローカル操作をblockし、cleanな結果として扱ってはいけない。,,,,,,,
